timestamp_,ch0,ch1,ch2,ch3,ch4,ch5,ch6,ch7
0.000000,0.025992,0.034830,0.219874,0.761771,0.043559,0.840907,0.060119,-0.059237
0.000039,0.010728,0.037347,0.239869,0.751595,1.040368,0.854379,0.152044,0.070674
0.000078,0.020694,0.032339,0.228796,0.767620,1.034137,0.919259,0.182523,-0.014615
0.000117,0.012473,0.043995,0.216257,0.751816,0.113561,0.821532,0.127132,0.270198
0.000156,0.009932,0.051251,0.234241,0.759420,-0.741651,0.857581,0.085584,0.570829
0.000195,0.015909,0.042363,0.254878,0.760935,-0.833619,0.811743,-0.016361,0.050012
0.000234,0.020362,0.043532,0.225107,0.765806,0.004355,0.865695,-0.076645,-0.001650
0.000273,0.031927,0.040003,0.236035,0.762648,0.774644,0.859926,-0.022903,0.363298
0.000313,0.039329,0.035120,0.209026,0.770222,0.965478,0.846968,0.035999,0.131739
0.000352,0.010262,0.053319,0.233748,0.769784,0.215153,0.858922,0.085859,0.200997
0.000391,0.030776,0.051071,0.223703,0.801107,-0.572215,0.841164,0.161668,-0.202937
0.000430,0.020815,0.046472,0.242532,0.773488,-0.703976,0.844867,0.140731,-0.107381
0.000469,0.041300,0.061416,0.267273,0.773596,-0.048327,0.844970,0.095381,0.201703
0.000508,0.044275,0.044151,0.250565,0.770272,0.629415,0.896990,-0.013050,-0.318890
0.000547,0.015513,0.036290,0.241459,0.800979,0.797636,0.868549,-0.057742,-0.733906
0.000586,0.037567,0.032479,0.263382,0.795386,0.227384,0.906289,-0.050582,0.033181
0.000625,0.025972,0.036029,0.255323,0.809035,-0.414520,0.898374,-0.008546,0.358478
0.000664,0.020819,0.038602,0.255109,0.808664,-0.571157,0.851877,0.032623,0.196010
0.000703,0.028581,0.043086,0.261530,0.786711,-0.128907,0.862625,0.118300,0.419541
0.000742,0.018388,0.034886,0.261873,0.792765,0.486233,0.934505,0.107877,-0.278277
0.000781,0.034065,0.047701,0.244186,0.791746,0.654457,0.918819,0.033576,0.257517
0.000820,0.017120,0.028103,0.246060,0.823964,0.270162,0.842250,-0.011070,0.107771
0.000859,0.013241,0.047175,0.272445,0.806721,-0.309147,0.865844,-0.031550,0.062082
0.000898,0.032188,0.047910,0.245108,0.825522,-0.486669,0.846014,0.024683,0.297246
0.000937,0.037445,0.032614,0.246901,0.797076,-0.121514,0.856155,-0.003109,-0.090462
0.000977,0.032505,0.032097,0.260989,0.785891,0.394901,0.904068,0.022581,-0.365139
0.001016,0.026644,0.069426,0.279041,0.840128,0.535743,0.864220,0.093091,0.181797
0.001055,0.042326,0.042862,0.273627,0.818852,0.253707,0.882996,0.094041,-0.408688
0.001094,0.014760,0.057933,0.298286,0.834857,-0.197950,0.860220,0.082686,0.635684
0.001133,0.023073,0.032185,0.268384,0.830801,-0.374878,0.823404,0.044268,0.416629
0.001172,0.037737,0.027294,0.281712,0.812457,-0.141972,0.860301,0.016310,0.611918
0.001211,0.029487,0.044206,0.279666,0.804523,0.302493,0.843260,-0.016443,0.175220
0.001250,0.036133,0.025931,0.269632,0.832998,0.471348,0.843323,0.036843,0.334111
0.001289,0.015750,0.047964,0.287087,0.823437,0.252623,0.868804,0.041263,0.022726
0.001328,0.034573,0.040113,0.276626,0.843272,-0.125264,0.864359,0.046752,0.095482
0.001367,0.039790,0.045638,0.278386,0.836768,-0.298091,0.874210,0.059444,-0.069086
0.001406,0.038923,0.036959,0.297517,0.810471,-0.106978,0.839814,0.068745,-0.011364
0.001445,0.027128,0.030424,0.304688,0.801179,0.211043,0.869402,0.051848,-0.073312
0.001484,0.028732,0.040466,0.290900,0.821021,0.410337,0.841898,-0.002120,0.380201
0.001523,0.052530,0.047907,0.284807,0.823439,0.238074,0.844397,-0.007998,0.185522
0.001563,0.033224,0.050166,0.302675,0.808005,-0.038506,0.836355,0.001889,0.184466
0.001602,0.034122,0.022424,0.298532,0.795579,-0.238537,0.819758,-0.001126,-0.318103
0.001641,0.008888,0.032083,0.296954,0.793902,-0.103903,0.862188,0.027509,-0.574341
0.001680,0.031174,0.042378,0.282385,0.781485,0.132513,0.812222,0.028174,-0.090909
0.001719,0.039003,0.050133,0.287288,0.820402,0.349353,0.804051,0.074785,-0.203435
0.001758,0.026669,0.051935,0.282109,0.779150,0.239620,0.817782,0.066906,-0.430357
0.001797,0.034669,0.015605,0.288500,0.801620,-0.020684,0.851179,-0.001114,-0.124613
0.001836,0.046139,0.024789,0.285532,0.775456,-0.177501,0.847479,0.067141,-0.115600
0.001875,0.048114,0.032423,0.305800,0.791259,-0.131972,0.812100,0.017388,0.296761
0.001914,0.039082,0.038832,0.308644,0.772427,0.116108,0.788017,0.033743,0.111181
0.001953,0.046639,0.043004,0.323340,0.803316,0.269526,0.841525,0.092747,0.150801
0.001992,0.028737,0.036868,0.297195,0.784100,0.210994,0.729352,0.050269,0.234466
0.002031,0.035901,0.019209,0.314814,0.803391,0.050502,0.790032,0.063757,-0.056315
0.002070,0.038155,0.019149,0.298026,0.759222,-0.089995,0.814584,0.053539,0.390128
0.002109,0.032148,0.041309,0.306639,0.741124,-0.109017,0.834624,0.039861,0.542226
0.002148,0.039640,0.036514,0.323129,0.772970,0.131706,0.773970,-0.001166,-0.238122
0.002188,0.038463,0.043860,0.317103,0.780187,0.229198,0.781716,0.027522,0.713993
0.002227,0.052273,0.038509,0.310541,0.770210,0.189821,0.760003,0.033707,-0.044289
0.002266,0.047961,0.034290,0.315536,0.746193,0.036412,0.746881,0.051649,0.166975
0.002305,0.055813,0.039686,0.307858,0.734500,-0.111991,0.788724,0.064270,0.194318
0.002344,0.037643,0.036929,0.333330,0.766826,-0.068052,0.776160,0.048240,0.051557
0.002383,0.048871,0.042858,0.316029,0.765570,0.049836,0.789045,0.027531,-0.213095
0.002422,0.038103,0.033610,0.308778,0.761419,0.202485,0.750534,0.018319,0.097736
0.002461,0.017142,0.045661,0.326682,0.752717,0.192774,0.736219,0.015868,0.373348
0.002500,0.058746,0.037083,0.313005,0.743558,0.098435,0.733460,0.016240,0.312954
0.002539,0.030192,0.048955,0.318989,0.730222,-0.076622,0.656009,0.012659,-0.533792
0.002578,0.051496,0.028973,0.334399,0.728299,-0.022758,0.754846,0.026946,0.163691
0.002617,0.058161,0.045039,0.328510,0.716322,0.041369,0.753239,0.047794,0.822533
0.002656,0.034224,0.047911,0.323919,0.724808,0.176568,0.704178,0.057503,-0.163654
0.002695,0.032830,0.037344,0.333321,0.721996,0.186871,0.713486,0.066231,0.187535
0.002734,0.020697,0.020605,0.323695,0.721822,0.051710,0.702701,0.016846,0.642992
0.002773,0.038354,0.021710,0.327831,0.703006,0.009304,0.692197,0.015660,0.371459
0.002812,0.040127,0.038892,0.319419,0.692271,-0.023772,0.696787,0.005673,-0.367041
0.002852,0.053829,0.034059,0.318981,0.681667,0.054477,0.682932,0.044438,0.892244
0.002891,0.047329,0.033659,0.319722,0.682067,0.140998,0.663840,0.028928,0.703292
0.002930,0.053817,0.020647,0.341622,0.690647,0.134737,0.686494,0.027647,0.311381
0.002969,0.025499,0.051877,0.342431,0.694859,0.055841,0.653932,0.034869,0.506099
0.003008,0.040018,0.030505,0.373368,0.647094,-0.028488,0.647406,0.040781,0.253295
0.003047,0.030874,0.025561,0.323367,0.668687,-0.039083,0.627322,0.031639,0.233925
0.003086,0.043405,0.033780,0.344288,0.650056,0.042984,0.667700,-0.002245,0.253057
0.003125,0.028494,0.033665,0.347626,0.652094,0.149001,0.638831,0.040182,-0.323904
0.003164,0.036085,0.025726,0.344821,0.636740,0.120664,0.649792,-0.000531,0.355630
0.003203,0.026676,0.017431,0.327708,0.619837,0.089604,0.614157,0.030179,0.154814
0.003242,0.048934,0.034840,0.359529,0.593803,0.045422,0.659042,0.049466,0.511200
0.003281,0.044037,0.008639,0.335539,0.606004,0.006462,0.591078,0.056286,-0.524348
0.003320,0.035938,0.026811,0.350524,0.614332,0.026010,0.601569,0.053019,0.232434
0.003359,0.025877,0.030792,0.342783,0.640956,0.124030,0.560686,0.014814,0.349839
0.003398,0.048581,0.039621,0.350288,0.603571,0.106690,0.581083,0.033336,-0.203027
0.003438,0.039617,0.035201,0.357122,0.580445,0.086663,0.595673,0.058221,-0.140781
0.003477,0.043552,0.029574,0.348702,0.594255,0.016257,0.612155,0.018637,0.030429
0.003516,0.024248,0.011486,0.355856,0.576844,0.016365,0.566978,0.039952,0.181939
0.003555,0.033425,0.020196,0.343892,0.573125,0.051413,0.587088,0.068594,0.297587
0.003594,0.047572,0.022156,0.336987,0.560471,0.127409,0.581932,0.043359,-0.058320
0.003633,0.036943,0.030339,0.338810,0.541135,0.084047,0.532279,0.022020,-0.062875
0.003672,0.016332,0.030303,0.365838,0.536469,0.091959,0.549172,0.022927,0.071909
0.003711,0.035566,0.026228,0.392013,0.558049,0.012097,0.571984,0.023207,-0.005951
0.003750,0.039407,0.029330,0.356245,0.560577,-0.001887,0.544520,0.067596,0.012707
0.003789,0.037073,0.056675,0.342304,0.532397,0.040261,0.519095,0.011152,0.085623
0.003828,0.020027,0.018589,0.344822,0.535559,0.080121,0.501966,0.016755,-0.637128
0.003867,0.037773,0.018498,0.356068,0.499970,0.110469,0.547223,0.008842,0.482798
0.003906,0.026670,0.034782,0.367267,0.541536,0.085153,0.494480,0.032230,0.488446
0.003945,0.024996,0.010758,0.361620,0.482749,0.055472,0.556835,0.034296,0.193758
0.003984,0.038609,0.032143,0.362649,0.484672,0.023665,0.487238,0.015109,-0.533173
0.004023,0.037600,0.020342,0.360672,0.496329,0.029259,0.452646,-0.020884,0.415512
0.004063,0.045945,0.027974,0.366996,0.448985,0.060871,0.499413,0.055177,-0.053048
0.004102,0.058600,0.014216,0.378158,0.489160,0.102170,0.449687,0.031725,-0.011406
0.004141,0.026337,0.021561,0.383340,0.451072,0.068619,0.475015,0.035043,0.230514
0.004180,0.023875,0.016298,0.341680,0.449828,0.023990,0.492744,0.030393,0.303626
0.004219,0.034512,0.009138,0.352346,0.439580,-0.011295,0.449770,0.024406,-0.444880
0.004258,0.029495,0.010834,0.365780,0.437409,0.036702,0.508940,0.017944,-0.495577
0.004297,0.042656,0.018822,0.383646,0.421304,0.063325,0.436845,0.021646,-0.203934
0.004336,0.030993,0.024769,0.345592,0.411789,0.096249,0.420273,0.042302,-0.524434
0.004375,0.033064,0.025600,0.392159,0.418888,0.041288,0.442497,0.027482,0.265511
0.004414,0.028984,0.016653,0.373329,0.367701,0.020892,0.428277,0.035834,-0.259791
0.004453,0.047760,0.024248,0.346804,0.417977,0.013742,0.402204,0.029042,-0.244544
0.004492,0.055881,-0.007510,0.354059,0.366367,0.048446,0.399661,-0.000985,-0.814798
0.004531,0.030431,0.026362,0.359793,0.377792,0.085366,0.459707,0.057230,0.309045
0.004570,0.022610,0.019902,0.366075,0.346854,0.091308,0.410418,0.044908,-0.207802
0.004609,0.027731,0.032761,0.363268,0.346664,0.059293,0.427813,0.025600,-0.283929
0.004648,0.027957,0.016332,0.355002,0.367634,0.038138,0.428297,0.015383,-0.628652
0.004687,0.025309,0.018276,0.367657,0.314442,0.029891,0.419685,0.001483,-0.246491
0.004727,0.042401,0.012396,0.362758,0.322353,0.017524,0.435479,0.026241,-0.568904
0.004766,0.030765,0.009694,0.387396,0.300779,0.046725,0.383064,0.017738,0.007575
0.004805,0.044249,0.022555,0.360671,0.310997,0.094153,0.347758,0.002728,-0.163879
0.004844,0.024568,0.009387,0.374487,0.299290,0.087330,0.351864,-0.000793,-0.432282
0.004883,0.028836,0.029732,0.379429,0.273675,0.076389,0.349073,0.016600,-0.137290
0.004922,0.035527,0.003955,0.362541,0.264763,0.081843,0.384359,-0.007315,-0.512817
0.004961,0.029279,0.026610,0.381212,0.260401,0.049474,0.384963,0.005880,0.111426
0.005000,0.039974,0.014116,0.372150,0.266835,0.002915,0.289008,0.009905,-0.677316
0.005039,0.037855,0.019477,0.383437,0.260320,0.071721,0.325317,0.023864,-0.242056
0.005078,0.036244,0.031403,0.381306,0.232344,0.068823,0.329854,0.012033,-0.530534
0.005117,0.038438,0.017136,0.389924,0.246004,0.063701,0.339302,-0.020006,-0.151889
0.005156,0.022915,0.027168,0.406268,0.225794,0.037457,0.338073,0.035323,-0.168771
0.005195,0.045819,0.016234,0.384773,0.213263,0.051846,0.315241,0.061182,-0.179093
0.005234,0.039403,0.021319,0.366086,0.205579,0.043720,0.338603,0.019641,-0.251077
0.005273,0.037414,0.012064,0.396660,0.202984,0.076470,0.353540,-0.006398,0.047648
0.005313,0.047324,-0.001143,0.377210,0.185592,0.045470,0.333272,0.015440,-0.289957
0.005352,0.021098,0.011572,0.380467,0.199010,0.044856,0.331141,0.000090,0.067391
0.005391,0.045127,0.010916,0.402464,0.161440,0.032764,0.266673,-0.004621,-0.689496
0.005430,0.027622,0.012574,0.390905,0.158084,0.010812,0.335298,0.006253,-0.005045
0.005469,0.041971,0.015833,0.399441,0.168698,0.070866,0.277770,0.007231,-0.126790
0.005508,0.048582,0.027465,0.372647,0.150546,0.046883,0.269440,0.019129,0.025520
0.005547,0.037269,0.007657,0.386286,0.139341,0.078654,0.263367,-0.022258,-0.238140
0.005586,0.029808,0.006884,0.382953,0.131706,0.052034,0.298257,0.003202,-0.466491
0.005625,0.022241,0.012381,0.392666,0.107587,0.031522,0.276368,0.009947,-0.451545
0.005664,0.018265,0.011600,0.382795,0.125562,0.050598,0.272136,-0.004667,-0.447133
0.005703,0.035279,0.013185,0.366348,0.074235,0.033489,0.295030,-0.005463,0.028595
0.005742,0.023854,0.025490,0.394983,0.128738,0.031106,0.289049,0.029097,0.202956
0.005781,0.043672,0.015854,0.375623,0.101280,0.069830,0.286715,0.013315,-0.586486
0.005820,0.047029,0.016239,0.385394,0.054025,0.008064,0.288809,-0.022767,-0.951408
0.005859,0.026018,0.016232,0.384716,0.052856,0.044611,0.228886,-0.019684,-0.259164
0.005898,0.021146,0.013282,0.391546,0.058360,0.009775,0.269393,-0.035998,-0.194484
0.005938,0.026031,0.012337,0.398967,0.035985,0.029788,0.286175,0.021592,-1.029232
0.005977,0.043346,0.007462,0.375147,0.017934,0.058960,0.232433,-0.016398,-0.635827
0.006016,0.043423,0.006810,0.391781,0.041274,0.056926,0.196091,-0.000706,0.366206
0.006055,0.036158,-0.002135,0.381830,0.019765,0.012873,0.217281,-0.018242,-0.178029
0.006094,0.036267,0.013093,0.380771,0.016919,0.042699,0.256715,-0.013437,-0.511824
0.006133,0.044008,0.001455,0.385463,-0.020393,0.050353,0.278282,0.003954,-0.125882
0.006172,0.026734,0.008835,0.383009,0.019377,0.031792,0.177344,-0.001605,-0.152311
0.006211,0.043779,0.012194,0.388439,-0.025871,0.024264,0.149136,-0.007498,0.283751
0.006250,0.052322,0.011423,0.399623,-0.009027,0.008657,0.265233,0.006554,-0.672330
0.006289,0.028557,0.017999,0.389196,-0.048432,0.038544,0.214682,0.004720,0.541840
0.006328,0.026877,0.003106,0.381638,-0.023716,0.030755,0.215447,0.002400,-0.159346
0.006367,0.038771,0.015813,0.388738,-0.024607,0.024241,0.197619,-0.011766,0.183691
0.006406,0.025831,0.016476,0.388691,-0.034788,0.053777,0.232014,-0.024726,0.218539
0.006445,0.021051,-0.008869,0.389733,-0.059310,0.069644,0.224307,-0.000245,-0.163857
0.006484,0.029435,0.017347,0.388601,-0.044430,0.069491,0.187179,-0.032838,0.109407
0.006523,0.032180,-0.002783,0.385050,-0.088526,0.048402,0.169782,0.002465,0.017718
0.006562,0.030650,0.013068,0.388783,-0.094688,0.029373,0.170652,0.005780,0.317595
0.006602,0.020639,0.012045,0.398577,-0.093785,0.020015,0.243730,0.005356,-0.452805
0.006641,0.031412,0.024192,0.372729,-0.100337,0.023496,0.176625,-0.017394,-0.045859
0.006680,0.038073,0.013114,0.373981,-0.118859,0.066548,0.155441,0.004667,-0.158893
0.006719,0.053480,-0.003076,0.377959,-0.123810,0.063649,0.165149,-0.014137,-0.587933
0.006758,0.031101,0.016273,0.389354,-0.138061,0.035931,0.160701,-0.021940,0.256510
0.006797,0.025020,0.009094,0.384423,-0.138548,0.045346,0.153889,-0.015841,-0.163274
0.006836,0.036026,0.003572,0.384188,-0.145420,0.009752,0.191173,-0.048800,0.151653
0.006875,0.036174,-0.008170,0.379057,-0.142771,0.028815,0.162758,-0.036414,-0.139174
0.006914,0.031544,0.009382,0.380804,-0.118338,0.041423,0.100394,-0.036940,-0.066925
0.006953,0.031368,0.008081,0.400272,-0.159350,0.033110,0.179337,0.006694,0.409569
0.006992,0.021139,0.002075,0.389431,-0.152527,0.017073,0.197446,-0.008471,-0.199940
0.007031,0.044604,0.025024,0.379941,-0.138706,0.039326,0.174720,-0.052399,0.035603
0.007070,0.028873,0.001459,0.383772,-0.172079,0.039213,0.149363,-0.021260,-0.253196
0.007109,0.046906,0.000157,0.397169,-0.167942,0.020876,0.184811,-0.018885,0.511109
0.007148,0.029312,0.016634,0.381616,-0.210427,0.061315,0.096711,-0.011948,0.322080
0.007188,0.014752,0.019893,0.394399,-0.192679,0.053890,0.121081,-0.012879,0.330957
0.007227,0.033230,0.010020,0.401562,-0.231049,0.043172,0.129564,-0.025242,-0.381867
0.007266,0.036986,0.010882,0.406212,-0.223726,0.051825,0.100561,0.028439,-0.195751
0.007305,0.040661,0.018783,0.393751,-0.229073,-0.006833,0.113283,-0.002338,0.667856
0.007344,0.021309,0.032147,0.389729,-0.227802,0.052760,0.117190,-0.023770,0.054720
0.007383,0.023663,0.032670,0.392109,-0.206548,0.017555,0.100263,-0.019746,-0.281507
0.007422,0.039008,0.009751,0.411416,-0.239985,0.045225,0.073444,-0.022726,-0.272534
0.007461,0.028722,0.005240,0.396461,-0.259900,0.027827,0.156573,0.166095,-0.335898
0.007500,0.045535,0.008888,0.391052,-0.236771,-0.024227,0.123652,0.210757,-0.259405
0.007539,0.037414,0.008250,0.403532,-0.239908,-0.000508,0.048408,0.138976,0.175444
0.007578,0.056748,0.008272,0.397795,-0.266365,0.039238,0.080655,-0.004978,-0.008446
0.007617,0.037828,0.013027,0.399833,-0.276426,0.014439,0.129098,-0.173571,0.034998
0.007656,0.033001,0.005579,0.390380,-0.267405,0.034523,0.117519,-0.219786,0.070604
0.007695,0.033515,-0.008881,0.400558,-0.256593,0.077296,0.107309,-0.144475,0.888135
0.007734,0.041272,0.003622,0.383105,-0.305599,-0.014654,0.143947,-0.079660,-0.058836
0.007773,0.020968,0.021340,0.409391,-0.289582,0.012452,0.090952,0.101477,0.330802
0.007813,0.009158,0.022144,0.386684,-0.308476,0.055980,0.091193,0.162923,0.310311
0.007852,0.033418,0.009264,0.387879,-0.322291,0.026726,0.078343,0.088878,-0.152776
0.007891,0.037191,-0.008303,0.405614,-0.306310,0.029826,0.028268,0.004659,-0.796118
0.007930,0.047055,0.009048,0.386044,-0.313327,0.020061,0.012262,-0.137171,0.233687
0.007969,0.022665,0.012698,0.388365,-0.311087,0.036297,0.090394,-0.151314,-0.041119
0.008008,0.029142,0.000223,0.386552,-0.343313,0.027086,0.047938,-0.138369,0.555584
0.008047,0.041252,0.006181,0.386849,-0.311809,-0.010100,0.005701,-0.055959,0.159897
0.008086,0.013814,0.011604,0.384535,-0.349794,0.056083,0.035876,0.012320,0.128094
0.008125,0.040259,0.017987,0.384884,-0.336994,0.020374,0.081521,0.057982,0.240573
0.008164,0.034866,0.016629,0.376655,-0.376944,-0.011959,0.029204,0.093755,0.244619
0.008203,0.043523,0.008044,0.388901,-0.376238,0.018144,0.027586,0.034684,-0.068542
0.008242,0.029164,0.024617,0.374255,-0.379915,0.014811,0.003730,-0.085218,-0.532516
0.008281,0.034684,0.014315,0.390397,-0.350758,0.050259,0.004347,-0.126981,-0.021078
0.008320,0.032907,0.009715,0.375430,-0.352047,0.004241,0.000610,-0.138112,-0.321036
0.008359,0.025754,0.015930,0.381300,-0.376243,-0.004538,0.036474,-0.108210,0.280300
0.008398,0.037956,0.005164,0.385073,-0.384442,0.018059,-0.039119,-0.009422,-0.033016
0.008438,0.031427,0.020352,0.366132,-0.358613,0.038996,-0.070714,0.046818,-0.271946
0.008477,0.035907,0.017790,0.381170,-0.380925,0.038796,-0.070585,0.052998,0.628536
0.008516,0.057414,0.016063,0.395671,-0.382372,-0.046425,-0.035469,-0.003412,-0.310599
0.008555,0.028451,-0.002082,0.373854,-0.368441,-0.029592,0.008316,-0.046312,-0.267828
0.008594,0.039395,0.010430,0.376101,-0.394941,0.022060,0.035263,-0.085216,-0.017942
0.008633,0.048768,0.016345,0.394303,-0.423266,0.034871,-0.020464,-0.121996,0.264962
0.008672,0.023865,0.005054,0.390911,-0.425933,-0.015767,-0.024529,-0.095495,0.236454
0.008711,0.003782,0.006704,0.375486,-0.380129,0.014911,-0.018041,0.004436,0.250614
0.008750,0.036631,0.016030,0.360821,-0.428737,-0.017790,-0.012212,0.011865,-0.083842
0.008789,0.041250,0.004619,0.376701,-0.415431,0.002424,-0.064435,0.024195,0.272428
0.008828,0.022947,0.003402,0.367251,-0.414714,0.022128,-0.011113,-0.010980,0.125712
0.008867,0.055305,0.015421,0.371704,-0.380483,0.041374,-0.034380,-0.062330,-0.114660
0.008906,0.049368,0.023054,0.384125,-0.437996,0.040064,-0.014024,-0.047064,-0.232716
0.008945,0.051042,0.018011,0.389572,-0.451120,0.027396,-0.045136,-0.089591,-0.566164
0.008984,0.035622,-0.008559,0.377215,-0.437146,0.026786,-0.017672,-0.082634,0.286974
0.009023,0.048397,0.023220,0.378028,-0.436550,-0.005969,-0.047292,-0.086408,0.127648
0.009062,0.038529,-0.004408,0.375387,-0.408890,-0.000764,-0.002124,0.006294,0.320638
0.009102,0.036749,0.013802,0.374500,-0.450623,0.016306,-0.065968,0.006267,0.099911
0.009141,0.038030,0.004716,0.372210,-0.435894,0.009478,-0.085269,-0.024151,-0.477862
0.009180,0.049749,0.012462,0.368483,-0.458430,0.008751,-0.067324,-0.041009,0.053478
0.009219,0.045584,0.016405,0.365228,-0.444172,-0.008077,-0.070652,-0.063436,0.490566
0.009258,0.033577,-0.001159,0.378428,-0.460411,0.021675,-0.074927,-0.071414,-0.017870
0.009297,0.041571,0.007237,0.377270,-0.464225,0.006677,-0.103806,-0.047180,0.345394
0.009336,0.047860,0.012071,0.378311,-0.456736,0.052674,-0.159488,-0.041000,-0.104183
0.009375,0.040698,0.008147,0.370066,-0.445953,0.009940,-0.131790,-0.041184,-0.251777
0.009414,0.036761,0.010117,0.348615,-0.455186,-0.009892,-0.084578,-0.016509,-0.044461
0.009453,0.037200,0.017447,0.388314,-0.446697,0.023500,-0.095051,-0.033683,0.310223
0.009492,0.052898,0.018284,0.350112,-0.446450,0.051011,-0.082759,-0.044373,0.511991
0.009531,0.044455,0.023801,0.372773,-0.475925,0.002127,-0.111323,-0.007766,-0.496598
0.009570,0.052189,0.007323,0.366357,-0.481364,0.011152,-0.116004,-0.050403,0.594221
0.009609,0.028809,0.019942,0.349528,-0.480283,0.026646,-0.160882,-0.045992,-0.520577
0.009648,0.038013,-0.011051,0.365045,-0.487236,0.022237,-0.155960,-0.065656,0.512674
0.009687,0.047796,0.006293,0.370483,-0.480564,-0.005146,-0.202326,-0.043814,0.426260
0.009727,0.044658,0.001017,0.361132,-0.482924,0.007356,-0.195467,-0.056406,0.542386
0.009766,0.042642,0.011181,0.353264,-0.476629,-0.000033,-0.145380,-0.041000,-0.104198
0.009805,0.038806,0.012712,0.353799,-0.481593,-0.006895,-0.123398,-0.035196,0.312827
0.009844,0.052421,0.019116,0.345582,-0.475241,0.008985,-0.155875,-0.055890,0.150422
0.009883,0.034555,0.019230,0.360469,-0.499350,0.020872,-0.164351,-0.098138,0.827939
0.009922,0.055174,0.020954,0.364505,-0.488252,-0.048916,-0.205116,-0.052559,-0.396331
0.009961,0.042842,0.017635,0.355762,-0.464620,0.022934,-0.190235,-0.060093,0.829401
0.010000,0.051455,0.011390,0.344704,-0.489849,0.039808,-0.183640,-0.050757,0.110707
0.010039,0.032712,0.024846,0.377066,-0.474786,0.002169,-0.189714,-0.061041,0.440326
0.010078,0.030405,0.002903,0.347499,-0.486078,-0.017917,-0.182643,-0.039194,-0.226729
0.010117,0.058459,0.006285,0.357332,-0.492610,0.003820,-0.263710,-0.014961,0.117592
0.010156,0.032159,-0.004261,0.372902,-0.519149,0.022516,-0.200698,-0.014655,-0.432112
0.010195,0.062259,-0.001302,0.341703,-0.484130,0.011333,-0.251936,-0.071024,0.373632
0.010234,0.033017,0.005476,0.336723,-0.497169,0.003667,-0.252754,-0.067705,-0.502884
0.010273,0.019328,0.021937,0.353602,-0.491621,0.034410,-0.221639,-0.073150,-0.082541
0.010313,0.054883,0.002009,0.350766,-0.493690,-0.005795,-0.205242,-0.053275,0.570024
0.010352,0.040789,0.016996,0.344606,-0.522706,0.004460,-0.285812,-0.059926,0.544834
0.010391,0.037008,0.017987,0.352389,-0.501491,-0.009834,-0.229212,-0.049737,0.472902
0.010430,0.039851,0.000847,0.346791,-0.499189,0.023166,-0.267148,-0.031662,-0.329182
0.010469,0.046012,0.011921,0.322998,-0.491627,-0.016206,-0.270887,-0.066943,0.184940
0.010508,0.046610,0.009538,0.335274,-0.513417,0.016180,-0.267633,-0.044589,0.146176
0.010547,0.040735,0.005595,0.334059,-0.526977,0.028709,-0.298303,-0.115564,-0.007683
0.010586,0.033182,0.002935,0.354946,-0.490723,0.020115,-0.259469,-0.063497,0.239779
0.010625,0.039287,-0.002296,0.351034,-0.509583,0.005489,-0.267876,-0.095226,0.244967
0.010664,0.049809,0.016283,0.341515,-0.483811,0.004920,-0.360024,-0.068180,0.154190
0.010703,0.033946,-0.009973,0.335489,-0.505808,0.038886,-0.287061,-0.045708,0.240920
0.010742,0.047399,-0.001175,0.338018,-0.526883,0.002071,-0.273098,-0.051127,0.442773
0.010781,0.032661,-0.000290,0.323557,-0.509498,-0.006056,-0.251305,-0.048144,0.453477
0.010820,0.057860,0.001740,0.327111,-0.531085,0.018391,-0.240083,-0.029888,0.079174
0.010859,0.033245,0.001352,0.331501,-0.491708,-0.008936,-0.263518,-0.092674,0.321909
0.010898,0.061527,0.008376,0.337836,-0.517811,-0.011656,-0.321562,-0.046471,-0.002224
0.010937,0.045570,0.005549,0.322801,-0.523612,0.002360,-0.309288,-0.051509,-0.747226
0.010977,0.039716,0.015470,0.335631,-0.489570,0.008073,-0.298837,-0.121284,-0.230665
0.011016,0.050767,0.011009,0.311475,-0.509631,0.026990,-0.284421,-0.042920,0.197922
0.011055,0.045019,0.022222,0.314856,-0.508816,0.026124,-0.295016,-0.009730,-0.103660
0.011094,0.039372,0.019723,0.341872,-0.510836,-0.008477,-0.291609,-0.032801,0.762960
0.011133,0.052893,0.015750,0.308229,-0.491532,0.046996,-0.300130,-0.051162,0.042516
0.011172,0.037650,-0.006604,0.340942,-0.501698,0.041130,-0.325266,-0.064113,0.242644
0.011211,0.050640,0.014024,0.321909,-0.505510,0.013370,-0.292454,-0.040653,-0.482027
0.011250,0.044358,0.000587,0.325461,-0.535935,-0.027428,-0.333107,-0.058236,-0.058245
0.011289,0.053120,0.017862,0.310664,-0.505188,0.004653,-0.297993,-0.042642,0.100792
0.011328,0.059288,0.021013,0.316962,-0.516028,0.896564,-0.318590,-0.065717,0.263833
0.011367,0.046754,-0.000992,0.315053,-0.530432,1.137024,-0.329266,-0.051028,-0.282501
0.011406,0.050662,-0.006220,0.319518,-0.506268,0.250932,-0.375767,-0.076304,-0.299851
0.011445,0.036107,0.005236,0.303148,-0.509459,-0.798175,-0.363887,-0.034626,-0.124605
0.011484,0.056662,0.010534,0.317985,-0.505249,-1.022233,-0.312096,-0.038589,-0.209047
0.011523,0.035201,0.020162,0.269009,-0.520100,-0.279380,-0.326049,-0.090279,0.102038
0.011562,0.045713,0.006812,0.309739,-0.490414,0.708284,-0.287790,-0.086900,-0.024280
0.011602,0.037320,0.001977,0.312165,-0.525714,0.960617,-0.322130,-0.073219,0.419936
0.011641,0.042476,0.014933,0.297633,-0.522669,0.341335,-0.325007,-0.060355,0.504053
0.011680,0.038794,0.002389,0.296715,-0.496926,-0.595670,-0.368100,-0.052319,0.496034
0.011719,0.044113,0.010784,0.300543,-0.499961,-0.818992,-0.381211,-0.064696,-0.077334
0.011758,0.029762,0.019528,0.313492,-0.477722,-0.297482,-0.342233,-0.050764,-0.150273
0.011797,0.055825,0.003416,0.278873,-0.518423,0.526737,-0.380868,-0.054995,0.065679
0.011836,0.033985,0.008992,0.277619,-0.508891,0.796960,-0.380921,-0.083904,0.210300
0.011875,0.047485,0.013178,0.297672,-0.524582,0.322287,-0.412715,-0.053876,-0.216919
0.011914,0.049005,-0.004516,0.290433,-0.513578,-0.412896,-0.335993,-0.031458,-0.088072
0.011953,0.056132,0.002290,0.289358,-0.500137,-0.720672,-0.373494,-0.067705,-0.240978
0.011992,0.039157,0.006010,0.285934,-0.514439,-0.315193,-0.327605,-0.061857,0.476396
0.012031,0.041942,-0.001066,0.284753,-0.506075,0.366191,-0.351822,-0.087365,-0.411029
0.012070,0.031507,0.013480,0.279550,-0.509457,0.660796,-0.330814,-0.056922,-0.465821
0.012109,0.040115,0.019887,0.291433,-0.501348,0.326839,-0.386032,-0.065295,-0.073811
0.012148,0.063312,0.003590,0.280387,-0.503866,-0.294242,-0.371113,-0.060615,-0.713209
0.012188,0.035453,0.000477,0.281903,-0.493357,-0.566818,-0.378058,-0.054165,-0.041071
0.012227,0.039526,-0.006505,0.287832,-0.503159,-0.293133,-0.384928,-0.074857,-0.176692
0.012266,0.038563,0.015825,0.310467,-0.499365,0.248492,-0.359869,-0.061761,0.426427
0.012305,0.047229,0.012154,0.292157,-0.513441,0.579703,-0.364021,-0.088282,-0.376922
0.012344,0.042533,0.002825,0.292396,-0.498829,0.301962,-0.365333,-0.054872,-0.261118
0.012383,0.049509,0.005232,0.264797,-0.497273,-0.179381,-0.334391,-0.065407,0.743487
0.012422,0.042516,-0.007617,0.258352,-0.516651,-0.468755,-0.342918,-0.077681,-0.265886
0.012461,0.041447,0.013031,0.265691,-0.515307,-0.314089,-0.376397,-0.084606,0.006008
0.012500,0.035710,0.011096,0.266436,-0.527496,0.173497,-0.347049,-0.048048,-0.570232
0.012539,0.026916,0.005599,0.274351,-0.524321,0.480711,-0.352751,-0.078428,-0.424698
0.012578,0.034180,-0.003285,0.272224,-0.470292,0.313058,-0.418498,-0.058580,-0.446239
0.012617,0.041540,0.000795,0.237426,-0.484475,-0.105954,-0.349813,-0.040352,-0.114168
0.012656,0.028645,0.010078,0.264198,-0.485088,-0.369345,-0.355583,-0.072200,-0.425774
0.012695,0.051175,0.015156,0.255879,-0.474975,-0.220198,-0.337120,-0.027798,-0.112183
0.012734,0.043489,0.005365,0.257432,-0.479907,0.117220,-0.310718,-0.073519,0.057041
0.012773,0.048100,0.005484,0.263478,-0.502649,0.375629,-0.352044,-0.078048,-0.056322
0.012812,0.054794,-0.005290,0.281629,-0.484240,0.267583,-0.341076,-0.069738,-0.539264
0.012852,0.040151,-0.010757,0.282028,-0.503494,-0.084233,-0.365507,-0.065825,-0.075169
0.012891,0.057673,-0.006344,0.244225,-0.492481,-0.304758,-0.326676,-0.057279,0.198526
0.012930,0.045879,0.005374,0.266625,-0.509318,-0.268918,-0.337792,-0.071608,-0.653714
0.012969,0.040759,0.010558,0.266312,-0.494784,0.057278,-0.328492,-0.063258,-0.807283
0.013008,0.050046,0.001380,0.237989,-0.495642,0.287813,-0.330012,-0.058888,-0.636455
0.013047,0.045502,0.000781,0.242596,-0.486859,0.230543,-0.311564,-0.059246,-0.235902
0.013086,0.016927,0.003308,0.248684,-0.491762,-0.030287,-0.334118,-0.071996,0.197522
0.013125,0.034535,-0.005625,0.240890,-0.486847,-0.267532,-0.326067,-0.037794,-0.172281
0.013164,0.021000,-0.006681,0.251117,-0.502101,-0.208850,-0.271029,-0.058829,-0.194842
0.013203,0.033577,-0.014029,0.230950,-0.502453,0.046616,-0.270012,-0.089119,-0.720834
0.013242,0.023845,-0.015198,0.226301,-0.482101,0.219066,-0.283928,-0.076511,-0.772799
0.013281,0.022459,0.012457,0.223284,-0.470405,0.214065,-0.339702,-0.065523,-1.083480
0.013320,0.032490,0.005273,0.222945,-0.480211,0.014521,-0.325947,-0.073457,-0.570256
0.013359,0.040624,-0.000911,0.249819,-0.462290,-0.165078,-0.234719,-0.022561,-0.679787
0.013398,0.066259,-0.005232,0.232523,-0.475949,-0.178772,-0.335048,-0.080249,-0.941264
0.013437,0.049318,-0.013984,0.201643,-0.488525,0.046340,-0.329606,-0.078276,0.092918
0.013477,0.041388,-0.009459,0.215744,-0.495105,0.180788,-0.296798,-0.065805,-0.083182
0.013516,0.052949,-0.023631,0.218302,-0.486302,0.176332,-0.239092,-0.072232,0.084973
0.013555,0.035885,0.007259,0.221498,-0.469695,0.024444,-0.254195,-0.064962,-0.412809
0.013594,0.010687,-0.005110,0.220034,-0.522751,-0.122597,-0.249748,-0.068121,-0.418576
0.013633,0.016001,0.001493,0.206145,-0.493510,-0.158181,-0.335681,-0.069990,-0.673547
0.013672,0.051390,-0.006868,0.221049,-0.473949,-0.027348,-0.318283,-0.089967,-0.134218
0.013711,0.034207,-0.007909,0.213261,-0.457465,0.147300,-0.211718,-0.080364,-0.852686
0.013750,0.028307,-0.009526,0.200974,-0.446386,0.159809,-0.236568,-0.061546,0.652619
0.013789,0.029189,-0.007220,0.211439,-0.480136,0.042726,-0.217067,-0.068253,-0.585223
0.013828,0.026025,-0.014243,0.209209,-0.464963,-0.101870,-0.184165,-0.072171,-0.390017
0.013867,0.035051,0.002892,0.189124,-0.457810,-0.115367,-0.204187,-0.047754,-0.337654
0.013906,0.037904,-0.005239,0.185024,-0.471963,-0.007229,-0.238591,-0.085227,-0.750247
0.013945,0.024558,-0.010581,0.199118,-0.510258,0.122056,-0.220059,-0.073437,-0.436107
0.013984,0.027078,-0.013393,0.206560,-0.475341,0.129090,-0.244728,-0.048235,0.559289
0.014023,0.010731,-0.002530,0.201879,-0.454698,0.030727,-0.219249,-0.057814,-0.832634
0.014063,0.039238,-0.007355,0.192678,-0.451409,-0.108995,-0.216446,-0.071154,0.044250
0.014102,0.038264,-0.017627,0.221250,-0.452305,-0.091571,-0.223400,-0.059346,-0.764139
0.014141,0.020971,-0.006453,0.199544,-0.465031,-0.058100,-0.222798,-0.036332,-0.391237
0.014180,0.035485,-0.014474,0.164430,-0.489980,0.056965,-0.245838,-0.064559,-0.270912
0.014219,0.025476,-0.000413,0.194026,-0.444019,0.119512,-0.181520,-0.070856,-0.258528
0.014258,0.035285,0.004026,0.186248,-0.450264,0.034464,-0.185543,-0.081177,-0.118290
0.014297,0.029013,-0.009059,0.165741,-0.454129,-0.052940,-0.196825,-0.057641,-0.532529
0.014336,0.032309,-0.014251,0.192597,-0.457299,-0.087801,-0.163406,-0.024728,-0.288846
0.014375,0.007946,-0.019462,0.186043,-0.464359,-0.012343,-0.141347,-0.073763,-0.899566
0.014414,0.044352,-0.016491,0.161864,-0.460441,0.059453,-0.145057,-0.058184,-0.618482
0.014453,0.053099,-0.003206,0.176416,-0.452671,0.083023,-0.136553,-0.061322,-0.745501
0.014492,0.033320,-0.005711,0.176611,-0.410876,0.025994,-0.155438,-0.046422,0.613739
0.014531,0.041159,-0.012697,0.174750,-0.432829,-0.053626,-0.094440,-0.065200,-0.863607
0.014570,0.017509,0.008103,0.190908,-0.435314,-0.060685,-0.072283,-0.047856,-0.174691
0.014609,0.030051,-0.025818,0.168197,-0.451495,-0.037030,-0.090224,-0.055655,-0.130573
0.014648,0.037061,-0.019038,0.192400,-0.447696,0.023053,-0.166966,-0.087122,-0.442999
0.014687,0.037687,-0.011578,0.150629,-0.437960,0.080263,-0.107416,0.096406,-0.184703
0.014727,0.015338,0.000984,0.153512,-0.475203,0.036698,-0.098766,0.176327,-0.111900
0.014766,0.027394,-0.008519,0.140511,-0.459853,-0.007867,-0.141629,0.092247,0.154357
0.014805,0.021936,-0.010215,0.168687,-0.450922,-0.053716,-0.102411,-0.071421,-0.557943
0.014844,0.043583,0.001043,0.146365,-0.416630,-0.002891,-0.082164,-0.179130,-0.023336
0.014883,0.012357,-0.018440,0.147219,-0.418957,0.042166,-0.110831,-0.230821,-0.212073
0.014922,0.014142,0.000717,0.142578,-0.436289,0.056138,-0.089769,-0.168803,-0.538312
0.014961,0.017734,-0.003450,0.177735,-0.402845,0.027125,-0.103910,-0.107872,0.090513
0.015000,0.017780,-0.031035,0.139230,-0.428431,-0.019278,-0.079638,0.009581,-0.591072
0.015039,0.020066,-0.020707,0.131937,-0.401776,-0.077057,-0.105667,0.069214,-0.145331
0.015078,0.012928,-0.026466,0.121071,-0.416848,-0.038407,-0.042753,0.080590,-0.023229
0.015117,0.014502,-0.005867,0.122891,-0.454151,0.046308,-0.040049,-0.048502,-0.397277
0.015156,0.030984,-0.021121,0.151073,-0.386551,0.069306,-0.039226,-0.123975,-0.312493
0.015195,0.031648,-0.015354,0.125873,-0.445933,0.041896,-0.082800,-0.186802,0.253948
0.015234,0.054120,-0.023316,0.143507,-0.401035,0.006102,-0.005677,-0.162475,-0.099099
0.015273,0.022872,-0.024687,0.135661,-0.425068,-0.090355,-0.007606,-0.087986,0.181446
0.015312,0.027161,-0.018969,0.136720,-0.395480,-0.022538,-0.021197,-0.048654,0.259685
0.015352,0.015651,-0.020557,0.120322,-0.395994,0.001076,0.058498,0.004569,0.315994
0.015391,0.022943,-0.023190,0.108816,-0.369470,0.008493,-0.023517,-0.011438,-0.553285
0.015430,0.024925,-0.019559,0.127186,-0.443892,0.019469,0.036000,-0.035993,0.167830
0.015469,0.023329,-0.020309,0.117700,-0.414102,-0.005686,0.063800,-0.089228,-0.124263
0.015508,0.009644,-0.009947,0.116649,-0.367902,0.009274,-0.016980,-0.163695,-0.462674
0.015547,0.004371,-0.010809,0.125064,-0.396869,-0.055712,-0.047061,-0.132306,-0.192285
0.015586,0.006338,-0.011427,0.126315,-0.396387,-0.006668,0.042237,-0.084674,-0.101738
0.015625,0.022218,-0.010973,0.116959,-0.396136,0.046424,-0.005498,-0.064449,0.036243
0.015664,0.015090,-0.006569,0.109325,-0.398515,0.028011,0.023100,-0.011707,0.122355
0.015703,0.019119,-0.016687,0.098378,-0.398432,-0.023397,0.057470,-0.001749,-0.234333
0.015742,0.024761,-0.016352,0.093942,-0.381493,-0.024784,0.032972,0.010538,0.397760
0.015781,0.019475,-0.016902,0.101838,-0.421770,-0.006364,0.054717,-0.062098,0.629117
0.015820,0.005710,-0.024461,0.097515,-0.355148,0.007484,0.054934,-0.105230,-0.314779
0.015859,0.022284,-0.009878,0.086774,-0.313514,0.025931,0.144501,-0.120992,1.010359
0.015898,0.018540,-0.006518,0.107150,-0.374401,0.029752,0.088618,-0.081156,0.004182
0.015938,0.010019,-0.030293,0.088659,-0.358424,-0.012990,0.089671,-0.055020,0.346366
0.015977,0.024397,-0.034181,0.086392,-0.384867,-0.024649,0.094774,-0.026608,-0.168497
0.016016,0.034342,-0.015604,0.101662,-0.361482,-0.015944,0.117743,0.030935,0.318371
0.016055,0.017922,-0.006884,0.086039,-0.360496,-0.025297,0.105516,-0.021457,-0.165254
0.016094,0.019581,-0.007730,0.096225,-0.355470,-0.007713,0.112418,-0.045190,0.465899
0.016133,0.033321,-0.007914,0.092821,-0.349785,-0.003904,0.163746,-0.109656,0.218209
0.016172,0.014525,-0.016615,0.082762,-0.371053,0.003515,0.106213,-0.116538,-0.067501
0.016211,0.029770,-0.012911,0.058814,-0.337340,-0.023227,0.184687,-0.083381,-0.190402
0.016250,0.007826,-0.016333,0.062169,-0.350054,-0.029758,0.130037,-0.062839,-0.102329
0.016289,0.025562,-0.013707,0.075014,-0.357757,-0.046406,0.110090,-0.036997,0.303662
0.016328,0.010783,-0.013026,0.063095,-0.338758,-0.013354,0.170242,0.018247,0.158641
0.016367,0.008572,-0.012674,0.090430,-0.340633,0.004066,0.111555,0.007706,0.458859
0.016406,0.003298,-0.026294,0.069847,-0.350450,0.004726,0.181384,-0.055824,0.359227
0.016445,0.028128,-0.021833,0.048515,-0.354793,0.018220,0.159470,-0.075998,-0.076650
0.016484,0.011581,-0.020126,0.054290,-0.337205,-0.051447,0.191588,-0.099579,0.401129
0.016523,0.023564,-0.007987,0.066171,-0.337489,-0.039323,0.149465,-0.105551,0.408469
0.016563,-0.000374,-0.012781,0.059436,-0.315975,0.020919,0.162264,-0.084556,-0.397644
0.016602,0.011725,-0.021319,0.070354,-0.316817,-0.007471,0.170367,-0.031468,-0.199020
0.016641,0.010077,-0.003791,0.076277,-0.313770,-0.003202,0.149382,-0.011807,-0.306811
0.016680,0.002209,-0.029989,0.080649,-0.343510,-0.033275,0.121349,-0.017229,0.035205
0.016719,0.007075,-0.021542,0.031816,-0.307944,-0.024705,0.151298,-0.070996,0.502453
0.016758,0.017682,-0.017100,0.034467,-0.332399,-0.003288,0.216125,-0.058456,0.515438
0.016797,0.019170,-0.019069,0.067062,-0.267490,0.012342,0.190289,-0.110934,-0.104734
0.016836,0.023358,-0.021643,0.060227,-0.333537,-0.027551,0.146427,-0.059364,0.501997
0.016875,0.015346,-0.009308,0.051049,-0.293373,-0.011578,0.176836,-0.077477,-0.131825
0.016914,0.013124,-0.014408,0.056552,-0.278737,0.009413,0.196868,-0.016160,0.158600
0.016953,0.005781,-0.006242,0.033132,-0.265687,-0.005536,0.119648,-0.059715,-0.408618
0.016992,0.023712,-0.002141,0.058181,-0.299087,0.009400,0.204942,-0.048093,-0.118001
0.017031,0.013442,-0.023705,0.018726,-0.261634,-0.013349,0.172662,-0.079785,0.801137
0.017070,0.002986,-0.002827,0.040920,-0.269477,-0.003369,0.249276,-0.067089,0.169089
0.017109,0.016043,-0.023438,0.017148,-0.273808,0.027676,0.191249,-0.088624,0.360411
0.017148,0.001397,-0.014428,0.022850,-0.274979,-0.005590,0.231440,-0.058892,0.261176
0.017188,0.019111,-0.011802,0.034118,-0.267929,0.001626,0.169171,-0.051269,-0.214999
0.017227,0.020506,-0.006984,0.050276,-0.269172,-0.000484,0.160159,-0.083697,0.453168
0.017266,0.003865,-0.013238,0.013072,-0.259487,-0.029613,0.215775,-0.047633,0.180398
0.017305,0.003398,-0.009153,0.021477,-0.251757,0.016306,0.183119,-0.031358,-0.295891
0.017344,-0.002381,0.007930,0.024087,-0.208191,-0.024772,0.243837,-0.042409,0.477489
0.017383,0.008383,-0.018017,0.001961,-0.229769,-0.035110,0.224280,-0.085839,0.008906
0.017422,-0.004358,-0.023109,0.035672,-0.246749,-0.023158,0.200425,-0.080950,-0.219333
0.017461,0.006828,-0.034827,0.005539,-0.231452,-0.012954,0.218552,-0.040338,-0.775091
0.017500,-0.012340,-0.033053,0.025830,-0.231402,-0.020030,0.203091,-0.074983,-0.021235
0.017539,0.021056,-0.003497,0.027024,-0.235601,0.013103,0.215043,-0.047858,0.268511
0.017578,0.008656,-0.009258,-0.006840,-0.231240,-0.026678,0.199969,-0.042787,0.309448
0.017617,-0.000974,-0.025345,0.005243,-0.213733,0.014261,0.162033,-0.054558,0.592550
0.017656,0.011460,-0.023776,0.010138,-0.199623,-0.023257,0.176966,-0.067533,0.291576
0.017695,0.007956,-0.014176,0.026290,-0.218614,-0.010153,0.191514,-0.023105,0.842228
0.017734,0.011421,-0.013519,-0.001238,-0.182770,-0.012041,0.230776,-0.049279,-0.318543
0.017773,0.014132,-0.011696,-0.022909,-0.165013,-0.014792,0.235250,-0.058171,0.425192
0.017812,0.008118,-0.017571,0.007003,-0.155743,0.054879,0.204822,-0.025711,-0.311315
0.017852,-0.017459,-0.004407,-0.001130,-0.165755,0.010094,0.203179,-0.052182,-0.331071
0.017891,0.011404,-0.010910,0.019672,-0.195543,0.004980,0.231258,-0.061126,0.132757
0.017930,0.006743,-0.011162,-0.019030,-0.187864,-0.028201,0.135020,-0.048483,0.177948
0.017969,0.002179,-0.017202,-0.005693,-0.128305,-0.003946,0.223239,-0.036085,-0.168899
0.018008,0.002452,-0.033436,-0.006155,-0.153900,0.002880,0.170600,-0.021694,0.126413
0.018047,0.015728,-0.024175,-0.016802,-0.159056,-0.030059,0.178218,-0.053920,0.042123
0.018086,0.013162,-0.015125,-0.029083,-0.165540,0.040845,0.194315,-0.063014,0.395196
0.018125,-0.007829,-0.020109,-0.014248,-0.154178,0.025432,0.225125,-0.059795,-0.383831
0.018164,-0.016992,-0.013276,-0.005571,-0.156555,0.019587,0.216759,-0.019325,0.168907
0.018203,0.002873,-0.031758,-0.016882,-0.137643,-0.017937,0.198386,-0.063860,-0.054521
0.018242,0.010458,-0.035158,-0.027436,-0.121884,-0.025931,0.186430,-0.035084,0.344856
0.018281,0.008711,-0.011483,-0.049114,-0.104800,0.000798,0.232435,-0.078894,-0.246926
0.018320,0.004360,-0.024658,-0.029603,-0.132557,-0.028195,0.201903,-0.038418,0.434252
0.018359,0.003601,-0.003966,-0.053178,-0.114744,0.000889,0.155826,-0.005791,0.017691
0.018398,0.020315,-0.023201,-0.017966,-0.104310,-0.053296,0.172955,-0.025216,-0.808247
0.018437,0.001012,-0.014179,-0.027470,-0.103099,-0.046479,0.152800,-0.041814,0.324168
0.018477,0.013393,-0.019316,-0.034872,-0.088784,-0.068288,0.167434,-0.039941,-0.059351
0.018516,0.002932,-0.031417,-0.031066,-0.088359,-0.015337,0.190383,-0.057219,0.012697
0.018555,0.000751,-0.012685,-0.053221,-0.089324,-0.037636,0.198513,-0.055116,0.219561
0.018594,0.000901,-0.014489,-0.046566,-0.086111,0.008332,0.213665,-0.044601,-0.170101
0.018633,-0.013084,-0.027499,-0.048805,-0.077320,-0.001250,0.112183,-0.015828,0.469297
0.018672,0.002914,-0.031905,-0.062749,-0.060224,-0.040379,0.196366,-0.052248,0.124074
0.018711,-0.008906,-0.025256,-0.057107,-0.077684,0.003799,0.127760,-0.029693,-0.078327
0.018750,0.006685,-0.018769,-0.066067,-0.091485,0.049301,0.175575,-0.027380,-0.243021
0.018789,0.001028,-0.027368,-0.088306,-0.047841,-0.056742,0.182654,-0.001186,0.190073
0.018828,-0.001994,-0.027074,-0.068356,-0.029848,-0.016004,0.089920,-0.041131,0.159878
0.018867,-0.000516,-0.015726,-0.055378,-0.035065,-0.022770,0.134650,-0.018487,0.033299
0.018906,-0.001027,-0.013040,-0.089320,-0.052473,-0.033405,0.105458,-0.024553,-0.053457
0.018945,0.002276,-0.018328,-0.046692,-0.017795,-0.059317,0.134201,-0.020993,-0.188641
0.018984,0.005845,-0.025609,-0.052332,-0.022936,-0.025367,0.128840,-0.000813,-0.047442
0.019023,0.008013,-0.019747,-0.061932,-0.026183,-0.022222,0.094032,-0.038242,-0.207934
0.019062,-0.003828,-0.007754,-0.063731,-0.016760,-0.018598,0.109676,-0.031038,0.350858
0.019102,0.006373,-0.028994,-0.095279,0.016568,-0.041455,0.104746,-0.028856,0.256809
0.019141,0.012798,-0.018351,-0.068188,0.011210,0.011892,0.177024,-0.021403,0.763893
0.019180,-0.000973,-0.011244,-0.068631,0.005138,-0.004570,0.136327,-0.036216,0.622968
0.019219,-0.003042,-0.020583,-0.080746,0.010361,-0.003211,0.164710,-0.051678,-0.011771
0.019258,-0.002950,-0.012521,-0.080180,0.044967,-0.016753,0.117393,-0.032131,0.591600
0.019297,0.014866,-0.011308,-0.069850,0.001818,0.000959,0.113008,-0.021168,0.157152
0.019336,-0.007309,-0.018321,-0.077334,0.046164,-0.022943,0.108682,-0.037944,0.613478
0.019375,0.005207,-0.018585,-0.084376,0.034146,-0.026936,0.087947,-0.029657,-0.381065
0.019414,0.010987,-0.023201,-0.071943,0.037653,-0.025495,0.090776,-0.018838,0.338393
0.019453,0.022066,-0.031288,-0.095176,0.050861,-0.041093,0.094392,-0.011310,0.234570
0.019492,0.024987,-0.009053,-0.103348,0.056277,-0.023970,0.084677,-0.002704,-0.046534
0.019531,-0.005884,-0.013401,-0.081408,0.064366,-0.044336,0.042792,-0.019313,-0.136896
0.019570,0.017928,-0.008501,-0.091342,0.067283,-0.008830,0.065014,-0.013423,-0.316018
0.019609,-0.017268,-0.017361,-0.108254,0.055434,0.041135,0.051497,-0.008968,-0.114344
0.019648,0.002380,-0.015310,-0.108590,0.069230,-0.044594,0.024811,0.009344,-1.073152
0.019688,0.008207,-0.012837,-0.117664,0.100073,-0.016518,0.084710,-0.026637,-0.234651
0.019727,-0.010139,-0.009627,-0.119784,0.077964,-0.045796,0.060773,-0.002712,-0.389924
0.019766,0.002475,-0.011122,-0.134082,0.101687,-0.032742,0.027255,-0.017726,0.023241
0.019805,0.007936,-0.018913,-0.118707,0.099190,-0.038892,0.013617,-0.016169,0.097614
0.019844,0.001243,-0.025962,-0.106626,0.096680,-0.052531,0.056836,-0.030797,-0.223004
0.019883,-0.000041,-0.016495,-0.110191,0.131675,-0.038877,0.043321,-0.035398,-0.316549
0.019922,-0.002418,-0.025666,-0.119369,0.117184,-0.025443,0.045307,-0.000632,-0.153911
0.019961,0.009694,-0.011031,-0.139263,0.135011,-0.039105,0.003951,-0.033212,-0.137127
0.020000,-0.007050,-0.014549,-0.121619,0.133770,-0.009450,0.049611,-0.021709,-0.136111
0.020039,0.016370,-0.011161,-0.120371,0.149907,-0.066079,0.028374,-0.050817,0.434467
0.020078,0.008487,-0.003568,-0.096377,0.117644,0.002488,0.015797,-0.033389,-0.408915
0.020117,0.022264,-0.024696,-0.130410,0.139940,-0.032742,0.009869,-0.046973,0.015093
0.020156,0.014672,-0.027495,-0.130598,0.143522,-0.009971,0.035416,-0.009274,0.035084
0.020195,0.014865,-0.019964,-0.120120,0.182831,-0.021441,0.046766,-0.006961,-0.081105
0.020234,0.024728,-0.001641,-0.122431,0.172370,-0.044541,-0.032017,-0.008988,-0.449239
0.020273,-0.003390,-0.017003,-0.138368,0.169872,-0.030060,-0.008471,-0.033523,-0.823502
0.020313,0.012601,-0.025401,-0.124241,0.191381,-0.024397,0.009619,-0.024838,0.501709
0.020352,0.009053,-0.020717,-0.111286,0.188533,-0.032776,0.029188,-0.028645,0.047665
0.020391,-0.000140,-0.022145,-0.148401,0.206226,-0.009648,-0.009603,-0.019168,-0.401641
0.020430,0.005806,0.003696,-0.155721,0.193720,-0.034718,-0.021183,-0.029172,-0.807355
0.020469,0.002645,-0.025526,-0.143919,0.200295,-0.023029,0.000896,0.010150,0.272370
0.020508,0.006749,-0.014859,-0.153779,0.202559,-0.047980,-0.044536,-0.012830,-0.152109
0.020547,-0.012048,-0.013514,-0.156575,0.211156,-0.031228,-0.024295,0.002794,-0.243668
0.020586,0.008905,-0.017976,-0.170537,0.234327,-0.026788,-0.030557,-0.007456,-0.015345
0.020625,0.015145,-0.024872,-0.148621,0.219898,-0.052464,-0.040895,-0.010451,-0.295183
0.020664,-0.006892,-0.022401,-0.142324,0.223269,-0.040482,-0.027801,-0.033150,-0.344683
0.020703,-0.001623,-0.024714,-0.166667,0.246067,-0.038101,-0.061177,0.011541,-0.396572
0.020742,0.008189,-0.022566,-0.138580,0.233410,-0.067919,-0.021652,-0.018934,-0.823160
0.020781,0.000995,0.005473,-0.154211,0.255522,-0.026333,-0.037538,-0.002988,-0.093350
0.020820,0.005714,-0.028280,-0.136749,0.263377,-0.035891,-0.060577,-0.023913,-0.359491
0.020859,-0.002177,-0.019008,-0.149350,0.265364,-0.059792,-0.074433,0.001714,-0.266963
0.020898,0.021617,-0.021942,-0.175572,0.257606,0.003172,-0.051014,0.005936,-0.729011
0.020938,-0.022668,-0.020317,-0.169587,0.291387,-0.027817,-0.032006,0.001006,-0.044632
0.020977,0.020135,-0.029704,-0.155136,0.286874,-0.047864,-0.080995,-0.008956,-0.098220
0.021016,0.003145,-0.011398,-0.168454,0.302962,-0.031380,-0.046726,-0.015209,-0.398449
0.021055,0.016632,-0.035291,-0.184459,0.315604,-0.047339,-0.104707,-0.013192,-0.092591
0.021094,0.020526,0.008772,-0.138420,0.297365,-0.036429,-0.025565,0.019021,-0.537960
0.021133,0.010227,-0.021859,-0.164397,0.298596,-0.037292,-0.035862,-0.026433,-0.236948
0.021172,0.006752,-0.021071,-0.168549,0.281840,-0.039041,-0.128281,0.011457,0.032051
0.021211,0.021262,-0.025919,-0.176671,0.319804,-0.054518,-0.085300,0.006336,-0.201255
0.021250,0.005723,-0.012258,-0.172887,0.333815,-0.034182,-0.073164,-0.027586,-0.890427
0.021289,-0.008088,-0.014640,-0.185639,0.312509,-0.044407,-0.106866,-0.036476,-1.023840
0.021328,-0.000795,-0.026993,-0.179794,0.328664,-0.024810,-0.119487,0.011405,0.186950
0.021367,0.003953,-0.028693,-0.173498,0.330726,-0.087719,-0.097123,0.006825,-0.297009
0.021406,0.002980,-0.029613,-0.188428,0.333718,-0.035106,-0.145234,0.001613,-0.418085
0.021445,0.018383,-0.026794,-0.176954,0.373252,-0.065756,-0.096299,0.000937,-0.086407
0.021484,0.006138,-0.026789,-0.207927,0.355155,-0.030250,-0.135103,-0.008644,0.323598
0.021523,0.009754,-0.018417,-0.202756,0.359426,-0.021644,-0.146928,-0.018204,-0.118142
0.021562,0.009399,-0.015754,-0.212740,0.359639,-0.035389,-0.070783,0.019369,-0.641503
0.021602,0.001620,-0.024047,-0.214333,0.375484,-0.039293,-0.117977,-0.001774,-0.540483
0.021641,0.011501,-0.010891,-0.204604,0.365631,-0.075793,-0.151922,-0.001253,-0.132474
0.021680,0.008273,-0.014791,-0.195946,0.360825,-0.039478,-0.114690,-0.014955,0.258374
0.021719,0.008511,-0.028864,-0.192402,0.376323,-0.015679,-0.182797,0.003166,-0.112029
0.021758,0.000854,-0.011219,-0.180468,0.381168,-0.048939,-0.110760,-0.005976,-0.243237
0.021797,0.012088,-0.016661,-0.207830,0.364821,-0.059534,-0.157152,-0.015079,-0.074680
0.021836,-0.018619,-0.027420,-0.197311,0.376582,-0.053491,-0.176857,-0.004208,-0.064491
0.021875,0.003341,-0.035350,-0.204525,0.407940,-0.018645,-0.186427,0.004059,-0.095307
0.021914,-0.006746,-0.025424,-0.213593,0.396076,-0.057480,-0.161245,0.005999,-0.359056
0.021953,0.002109,-0.025386,-0.224604,0.390020,-0.035133,-0.119179,-0.007306,-0.496389
0.021992,0.006043,-0.021075,-0.197446,0.405445,-0.033141,-0.159365,0.022271,-0.695839
0.022031,0.026720,-0.036869,-0.219931,0.402205,-0.068684,-0.196942,0.021396,-0.281638
0.022070,0.001319,-0.031486,-0.224251,0.414590,-0.031597,-0.151392,0.002087,-0.103274
0.022109,0.004672,-0.021846,-0.208143,0.401921,-0.031048,-0.116102,0.011838,-0.690264
0.022148,0.001540,-0.026890,-0.216980,0.403954,-0.049830,-0.135732,0.017664,-0.300324
0.022187,0.010269,-0.019948,-0.204295,0.415121,-0.040231,-0.177023,-0.018184,-0.397138
0.022227,0.004788,-0.019205,-0.228192,0.414965,-0.037944,-0.160879,-0.003659,0.381779
0.022266,0.009285,-0.019305,-0.248259,0.428085,-0.042650,-0.171632,0.006214,-0.214121
0.022305,-0.000701,-0.029371,-0.235869,0.428305,-0.043059,-0.152035,0.125893,-0.380653
0.022344,-0.000799,-0.018086,-0.226341,0.440062,-0.096451,-0.122241,0.116279,-0.399138
0.022383,-0.001596,-0.015771,-0.255135,0.417856,-0.061752,-0.073678,0.075572,-0.131360
0.022422,0.007167,-0.032564,-0.232495,0.440315,0.026290,-0.205746,0.026167,0.001607
0.022461,0.006280,-0.031506,-0.241627,0.428410,0.983643,-0.165062,-0.062012,-0.949668
0.022500,-0.004457,-0.032402,-0.266612,0.441436,0.898570,-0.125939,-0.077854,-0.042249
0.022539,-0.012577,-0.029471,-0.239265,0.441402,-0.103207,-0.198096,-0.040031,-0.064156
0.022578,0.006992,-0.038928,-0.234189,0.451871,-0.949960,-0.166258,0.020392,0.133332
0.022617,-0.011319,-0.028104,-0.237143,0.435499,-0.981537,-0.164648,0.066034,-0.068301
0.022656,0.016471,-0.011193,-0.227614,0.456579,-0.085343,-0.097100,0.086628,-0.116534
0.022695,-0.012473,-0.031368,-0.264424,0.445436,0.760358,-0.173169,0.057707,-0.419069
0.022734,0.024887,-0.033425,-0.239171,0.454781,0.790100,-0.199766,0.046903,-0.141026
0.022773,-0.002291,-0.029982,-0.255426,0.452323,0.012200,-0.169735,-0.027287,0.137845
0.022812,0.002775,-0.045517,-0.257391,0.461602,-0.763745,-0.145091,-0.059299,-0.301647
0.022852,0.015044,-0.023397,-0.266380,0.465624,-0.846692,-0.179593,-0.036354,0.167025
0.022891,-0.000993,-0.023074,-0.265223,0.486256,-0.155760,-0.191127,-0.035289,-0.270674
0.022930,0.008864,-0.029323,-0.274139,0.458038,0.601873,-0.160609,0.034046,0.555851
0.022969,-0.013727,-0.033833,-0.276103,0.468308,0.629515,-0.205472,0.081614,0.874047
0.023008,-0.018491,-0.029492,-0.279222,0.475089,0.069134,-0.217363,0.023250,-0.221231
0.023047,0.017859,-0.040816,-0.267102,0.482372,-0.589616,-0.189838,0.022269,-0.210451
0.023086,0.013422,-0.037607,-0.263272,0.470289,-0.758787,-0.166097,-0.016122,0.076412
0.023125,0.009770,-0.032901,-0.282876,0.461101,-0.215832,-0.131660,-0.054222,-0.582009
0.023164,-0.004443,-0.028483,-0.272880,0.468979,0.415674,-0.203655,-0.031522,0.042791
0.023203,-0.002280,-0.042486,-0.298273,0.449178,0.570820,-0.179018,-0.028323,1.114319
0.023242,-0.001726,-0.035327,-0.265817,0.461013,0.117193,-0.188080,0.040389,-0.182440
0.023281,-0.002925,-0.029372,-0.282337,0.455649,-0.458394,-0.192877,0.081969,-0.270608
0.023320,0.006184,-0.030211,-0.287058,0.472314,-0.659007,-0.154208,0.083713,0.190769
0.023359,-0.000536,-0.036891,-0.312551,0.462422,-0.208001,-0.229934,0.020712,-0.192945
0.023398,-0.001412,-0.034783,-0.295852,0.463127,0.300810,-0.253961,0.010240,0.098594
0.023438,0.006479,-0.038287,-0.299736,0.469833,0.436452,-0.176008,-0.026130,-0.448308
0.023477,0.002365,-0.034420,-0.298231,0.456613,0.102084,-0.206409,-0.025539,0.364864
0.023516,-0.009848,-0.035369,-0.287648,0.471322,-0.333290,-0.196148,0.013101,0.143521
0.023555,-0.011921,-0.046181,-0.284586,0.466473,-0.554944,-0.140275,0.030448,0.713049
0.023594,-0.012950,-0.039124,-0.312044,0.474730,-0.262260,-0.219438,0.039194,0.192451
0.023633,-0.007070,-0.032006,-0.297289,0.487910,0.180752,-0.219500,0.040802,0.033263
0.023672,0.000309,-0.045757,-0.297498,0.454954,0.353859,-0.143878,0.018413,-0.151416
0.023711,-0.008469,-0.031714,-0.280635,0.478390,0.100914,-0.195902,0.018311,-0.099671
0.023750,0.002502,-0.033780,-0.297177,0.472433,-0.264996,-0.174421,-0.002381,-0.204556
0.023789,0.004447,-0.029672,-0.335061,0.483083,-0.442529,-0.125524,-0.012846,-0.071632
0.023828,-0.005255,-0.020758,-0.309382,0.466290,-0.255917,-0.157336,-0.000285,0.427503
0.023867,0.008278,-0.037956,-0.314024,0.459687,0.102538,-0.181166,0.020295,0.374111
0.023906,-0.011342,-0.036363,-0.324348,0.455309,0.318630,-0.152080,0.022795,0.032239
0.023945,-0.020576,-0.010681,-0.338894,0.446540,0.109455,-0.221251,0.028064,-0.233996
0.023984,-0.000914,-0.031243,-0.296986,0.468889,-0.196188,-0.157204,0.032594,-0.126119
0.024023,-0.003809,-0.025980,-0.318899,0.465010,-0.399811,-0.175997,0.030982,0.605660
0.024063,-0.009735,-0.031446,-0.322329,0.485343,-0.242750,-0.153402,-0.004644,-0.194234
0.024102,-0.014387,-0.026811,-0.336738,0.484793,0.067540,-0.169416,-0.005334,0.422738
0.024141,0.000412,-0.035725,-0.337623,0.456908,0.231469,-0.177437,0.011622,0.459174
0.024180,-0.011905,-0.036381,-0.312604,0.450523,0.090714,-0.183988,0.026468,0.931394
0.024219,-0.012442,-0.023791,-0.330858,0.467708,-0.157036,-0.199609,0.018410,-0.094441
0.024258,-0.011910,-0.037884,-0.314105,0.471510,-0.304370,-0.147812,-0.000597,0.192719
0.024297,-0.013510,-0.030600,-0.331569,0.449236,-0.227626,-0.152395,0.058542,-0.041296
0.024336,-0.015843,-0.042437,-0.344703,0.454832,0.020033,-0.160478,0.038842,0.515045
0.024375,-0.013473,-0.044856,-0.328843,0.479086,0.180430,-0.178616,0.024231,-0.740098
0.024414,0.000333,-0.035676,-0.357629,0.465723,0.056939,-0.149335,0.017782,0.762617
0.024453,-0.033932,-0.048831,-0.336370,0.447191,-0.098876,-0.185077,0.029605,-0.102874
0.024492,-0.019274,-0.047500,-0.345121,0.430986,-0.259360,-0.210945,0.000500,-0.192481
0.024531,-0.006298,-0.036760,-0.338608,0.474756,-0.197617,-0.166261,0.018212,-0.031276
0.024570,-0.012807,-0.025316,-0.360544,0.470107,-0.004533,-0.200551,0.034550,0.415410
0.024609,-0.017215,-0.055041,-0.359802,0.460995,0.077796,-0.154037,0.049637,-0.326743
0.024648,-0.010905,-0.044916,-0.360351,0.419156,0.082009,-0.149673,0.024132,-0.274098
0.024688,0.001720,-0.044345,-0.361821,0.420082,-0.115479,-0.140462,0.027126,0.898396
0.024727,-0.027093,-0.031756,-0.360292,0.431668,-0.259230,-0.150782,0.011290,-0.030051
0.024766,-0.014016,-0.028712,-0.352720,0.424905,-0.252332,-0.216824,0.002196,0.235379
0.024805,-0.020096,-0.034922,-0.355378,0.455069,-0.004077,-0.102486,0.036956,0.327368
0.024844,-0.016113,-0.025329,-0.366247,0.435891,0.100430,-0.118066,0.002340,0.188424
0.024883,-0.002960,-0.033179,-0.373707,0.427822,0.069598,-0.191561,0.066565,-0.815662
0.024922,-0.019557,-0.030289,-0.362504,0.434946,-0.072964,-0.140809,0.039490,0.100284
0.024961,0.005506,-0.033853,-0.356272,0.408186,-0.201718,-0.115927,0.052475,-0.156880
0.025000,-0.024889,-0.044195,-0.352683,0.404346,-0.222267,-0.105911,0.030276,0.668694
0.025039,-0.023573,-0.041275,-0.349430,0.412796,-0.058174,-0.165871,0.047001,0.819571
0.025078,-0.018399,-0.021840,-0.355479,0.399796,0.061856,-0.108223,0.022688,-0.241222
0.025117,-0.024385,-0.036202,-0.349698,0.409141,0.027579,-0.136284,0.031251,0.357258
0.025156,-0.027251,-0.054721,-0.375241,0.403507,-0.064739,-0.179673,0.017286,0.429626
0.025195,-0.031677,-0.037021,-0.373169,0.400001,-0.149561,-0.137538,0.011339,-0.291733
0.025234,-0.011369,-0.039676,-0.386604,0.387349,-0.162207,-0.125396,0.012822,0.369225
0.025273,-0.026267,-0.027379,-0.381600,0.374242,-0.080647,-0.185819,0.044154,-0.280140
0.025313,-0.027102,-0.025698,-0.385372,0.389229,0.031086,-0.093773,0.010193,0.479500
0.025352,-0.037747,-0.028550,-0.370353,0.371006,0.032749,-0.164036,0.017149,-0.185068
0.025391,0.006362,-0.038435,-0.376083,0.364050,-0.107778,-0.127558,0.021051,0.116725
0.025430,-0.020504,-0.045746,-0.412109,0.362420,-0.141028,-0.138227,0.023491,-0.251706
0.025469,-0.033525,-0.037854,-0.375542,0.363342,-0.178844,-0.095703,0.014078,0.051570
0.025508,-0.017845,-0.037919,-0.365117,0.359136,-0.071509,-0.194479,0.040284,0.872397
0.025547,-0.022160,-0.041618,-0.380453,0.352981,0.007457,-0.092991,0.030241,-0.465086
0.025586,-0.048599,-0.049145,-0.406792,0.349665,0.005239,-0.148401,0.023351,-0.276170
0.025625,-0.025784,-0.030314,-0.389608,0.341173,-0.050178,-0.112154,0.043438,-0.549891
0.025664,-0.026054,-0.045443,-0.401386,0.372524,-0.153157,-0.114445,0.014750,0.716368
0.025703,-0.029500,-0.032759,-0.389948,0.343324,-0.121915,-0.150495,0.041584,0.363724
0.025742,-0.021033,-0.032049,-0.396381,0.346192,-0.114351,-0.125028,0.029387,0.971441
0.025781,-0.015920,-0.037525,-0.398310,0.315936,-0.036601,-0.110634,0.015638,1.017851
0.025820,-0.035627,-0.024709,-0.388523,0.334466,-0.030198,-0.095927,0.008846,-0.637028
0.025859,-0.048952,-0.039643,-0.398012,0.323590,-0.018122,-0.124392,0.011966,-0.005550
0.025898,-0.038489,-0.025790,-0.392080,0.312641,-0.119624,-0.155504,0.049242,0.538198
0.025937,-0.041627,-0.049271,-0.414198,0.282020,-0.134369,-0.083329,0.016968,0.185405
0.025977,-0.026065,-0.040325,-0.412902,0.294028,-0.106910,-0.097553,0.010408,0.197947
0.026016,-0.031446,-0.046336,-0.407034,0.299824,-0.005111,-0.150957,0.025144,-0.393243
0.026055,-0.009017,-0.044238,-0.409218,0.285026,-0.047663,-0.083950,0.026599,0.354661
0.026094,-0.022515,-0.032786,-0.406445,0.253071,-0.035707,-0.078039,0.038882,-0.024295
0.026133,-0.023193,-0.035259,-0.393922,0.249860,-0.067443,-0.150505,-0.014534,0.211421
0.026172,-0.019023,-0.041182,-0.403032,0.280046,-0.069423,-0.088807,0.051919,0.265243
0.026211,-0.048684,-0.040122,-0.430538,0.264112,-0.099821,-0.110609,0.015367,0.539156
0.026250,-0.033025,-0.048948,-0.383860,0.255481,-0.089669,-0.093912,0.043291,0.622225
0.026289,-0.045664,-0.037947,-0.414142,0.240970,-0.022664,-0.120078,0.025012,-0.252909
0.026328,-0.027090,-0.031357,-0.416380,0.244744,-0.056464,-0.090402,-0.004228,0.402975
0.026367,-0.042996,-0.038192,-0.405850,0.245116,-0.097494,-0.073636,0.017127,-0.131160
0.026406,-0.019600,-0.046840,-0.413079,0.256898,-0.086902,-0.102413,0.036668,0.184918
0.026445,-0.031496,-0.031180,-0.433324,0.223583,-0.108779,-0.090509,0.034934,0.132140
0.026484,-0.028262,-0.041450,-0.435187,0.207946,-0.040814,-0.035524,0.023557,0.254240
0.026523,-0.041966,-0.040738,-0.422975,0.240408,-0.005607,-0.059561,-0.005597,-0.237406
0.026562,-0.045590,-0.043554,-0.419128,0.186532,-0.055731,-0.045719,0.030426,0.113692
0.026602,-0.033959,-0.044111,-0.430910,0.205127,-0.097624,-0.038345,0.053371,0.325141
0.026641,-0.017362,-0.029790,-0.443033,0.190539,-0.113946,-0.073812,0.051595,0.205049
0.026680,-0.029895,-0.038234,-0.439967,0.193838,-0.084644,-0.056301,0.015862,0.060953
0.026719,-0.055890,-0.043319,-0.440808,0.200687,-0.092871,-0.075828,0.058578,0.198430
0.026758,-0.040286,-0.042512,-0.449548,0.167387,-0.034543,-0.078221,0.041301,-0.270255
0.026797,-0.029715,-0.026631,-0.450927,0.192869,-0.027241,-0.018262,0.043722,0.593292
0.026836,-0.029860,-0.024559,-0.437227,0.169111,-0.104654,-0.067393,0.037585,0.027702
0.026875,-0.032829,-0.032955,-0.418362,0.170314,-0.060706,-0.046070,0.070600,1.082699
0.026914,-0.045357,-0.037562,-0.465865,0.159793,-0.120010,-0.025965,0.029497,0.199357
0.026953,-0.043765,-0.040369,-0.432433,0.156731,-0.062657,-0.048405,0.043022,0.742784
0.026992,-0.027677,-0.009330,-0.438292,0.138660,-0.081579,0.010804,0.028700,0.356050
0.027031,-0.044765,-0.037265,-0.440761,0.151532,-0.038891,-0.020261,0.032842,0.382099
0.027070,-0.020403,-0.039726,-0.435429,0.126032,-0.073221,-0.021080,0.016743,-0.079584
0.027109,-0.039637,-0.030381,-0.446073,0.113648,-0.110541,-0.082768,0.032022,-0.083303
0.027148,-0.043531,-0.042812,-0.442472,0.095565,-0.092103,-0.060107,0.019838,-0.328508
0.027187,-0.039058,-0.040502,-0.437736,0.093264,-0.076852,0.008861,0.018465,0.140691
0.027227,-0.045070,-0.045716,-0.455439,0.103700,-0.063909,-0.028961,0.030051,0.408267
0.027266,-0.054246,-0.046910,-0.450155,0.123891,-0.079220,-0.008370,0.043932,-0.337950
0.027305,-0.041641,-0.024732,-0.439001,0.099948,-0.096808,0.001431,0.075645,0.360629
0.027344,-0.041060,-0.021680,-0.433505,0.089354,-0.095590,-0.005177,0.002901,0.865322
0.027383,-0.048025,-0.044268,-0.458879,0.093172,-0.095942,0.085429,0.055725,-0.273921
0.027422,-0.024532,-0.025997,-0.427894,0.069978,-0.070348,-0.023173,0.028870,-0.496692
0.027461,-0.044579,-0.026186,-0.451232,0.062995,-0.001524,-0.024245,0.019361,1.109577
0.027500,-0.032792,-0.035500,-0.429239,0.061002,-0.059119,0.051649,0.028015,-0.081958
0.027539,-0.049979,-0.030830,-0.456448,0.052418,-0.074149,-0.006432,0.003072,-0.212917
0.027578,-0.052126,-0.034832,-0.446488,0.059890,-0.069578,0.010613,0.018620,-0.016813
0.027617,-0.052914,-0.035651,-0.457545,0.031459,-0.071373,0.009278,0.012109,-0.121762
0.027656,-0.042923,-0.036471,-0.461497,0.025927,-0.062350,-0.010215,0.074988,0.109031
0.027695,-0.029442,-0.028342,-0.457808,0.030617,-0.055423,0.013367,0.011317,0.448943
0.027734,-0.046417,-0.042795,-0.449024,0.008710,-0.031998,-0.008302,0.035754,0.185976
0.027773,-0.056592,-0.028099,-0.461723,0.025047,-0.054668,0.011372,0.019720,-0.293785
0.027813,-0.042291,-0.021226,-0.461859,0.015716,-0.036972,0.029804,0.023083,-0.170791
0.027852,-0.056165,-0.026979,-0.459678,-0.011188,-0.080798,-0.008906,0.055753,0.681593
0.027891,-0.040857,-0.032662,-0.452262,0.010366,-0.060773,0.016476,0.049996,0.029505
0.027930,-0.047688,-0.019374,-0.458897,-0.035425,-0.058182,0.035840,0.042353,-0.060601
0.027969,-0.032733,-0.028706,-0.452475,-0.019494,-0.031859,0.083640,0.066920,0.293130
0.028008,-0.055322,-0.023962,-0.460777,-0.053468,-0.055684,0.054880,0.049085,-0.308003
0.028047,-0.054790,-0.033191,-0.445386,-0.035492,-0.073041,0.011063,0.040462,0.206513
0.028086,-0.043311,-0.038009,-0.445634,-0.019776,-0.061001,-0.020146,0.039618,-0.604560
0.028125,-0.033446,-0.027020,-0.449652,-0.058738,-0.061108,-0.023959,0.056258,-0.769980
0.028164,-0.048454,-0.027234,-0.445218,-0.054504,-0.075590,0.038650,0.030658,-0.138642
0.028203,-0.049755,-0.021028,-0.467464,-0.037925,-0.038451,0.096515,0.026329,-0.036930
0.028242,-0.050984,-0.019913,-0.460017,-0.064632,-0.031398,0.079064,0.018705,-0.419610
0.028281,-0.045523,-0.032492,-0.465564,-0.098340,-0.051642,0.039933,0.007252,0.496055
0.028320,-0.034000,-0.031936,-0.453931,-0.091863,-0.085750,0.062359,0.039151,0.636815
0.028359,-0.043977,0.000086,-0.451891,-0.105637,-0.051083,0.092639,0.008628,-0.209088
0.028398,-0.048575,-0.037467,-0.471641,-0.094692,-0.074192,0.079256,0.008981,-0.142890
0.028438,-0.063926,-0.039026,-0.464902,-0.107554,-0.046118,0.093908,0.041760,-0.453532
0.028477,-0.045134,-0.038195,-0.466826,-0.108916,-0.081747,0.108355,0.045015,0.115205
0.028516,-0.043209,-0.034028,-0.476236,-0.097514,-0.074287,0.074496,0.020375,-0.290188
0.028555,-0.049140,-0.030778,-0.486238,-0.099621,-0.091764,0.106761,0.060805,-0.856598
0.028594,-0.060247,-0.037067,-0.485592,-0.118287,-0.073058,0.056125,0.032231,0.166439
0.028633,-0.053097,-0.037799,-0.433318,-0.148803,-0.073016,0.090981,0.039407,0.075043
0.028672,-0.059248,-0.016942,-0.457591,-0.131205,-0.044234,0.062479,-0.018769,-0.344254
0.028711,-0.049375,-0.020428,-0.450930,-0.141053,-0.071599,0.149917,0.009505,-0.131328
0.028750,-0.066302,-0.027252,-0.448592,-0.186769,-0.060895,0.064738,0.006437,-0.384356
0.028789,-0.061301,-0.008552,-0.477907,-0.151405,-0.066858,0.103074,0.017817,-0.236191
0.028828,-0.038855,-0.007528,-0.463554,-0.193472,-0.068814,0.089314,0.036531,-0.362589
0.028867,-0.040308,-0.011677,-0.470480,-0.177120,-0.044928,0.102492,0.037232,0.409169
0.028906,-0.054969,-0.020965,-0.438740,-0.197229,-0.065931,0.088733,0.044276,-0.536033
0.028945,-0.075627,-0.017379,-0.466246,-0.181375,-0.020111,0.058646,0.020931,-0.000562
0.028984,-0.067899,-0.008163,-0.464788,-0.200181,-0.025238,0.073345,0.028771,-0.746147
0.029023,-0.034703,-0.021154,-0.467162,-0.226799,-0.071655,0.097383,0.028820,-0.419831
0.029063,-0.030395,-0.030802,-0.470719,-0.227963,-0.078964,0.107121,0.023198,0.084571
0.029102,-0.038669,-0.025545,-0.486455,-0.207295,-0.062153,0.103978,0.026224,0.016671
0.029141,-0.051413,-0.014447,-0.471372,-0.248104,-0.047543,0.073854,0.052000,-0.171670
0.029180,-0.053047,-0.007842,-0.475608,-0.231585,-0.070803,0.189961,0.024919,-0.052330
0.029219,-0.042317,-0.017567,-0.467717,-0.248925,-0.065155,0.109011,0.027775,-0.061589
0.029258,-0.062871,-0.022870,-0.464026,-0.215976,-0.061541,0.074966,0.021930,0.098961
0.029297,-0.045670,-0.011706,-0.469204,-0.248611,-0.055157,0.141740,0.033593,-0.753381
0.029336,-0.048723,-0.015994,-0.450822,-0.271409,-0.046510,0.117089,0.018604,-0.255311
0.029375,-0.046392,-0.019108,-0.452018,-0.237894,-0.077040,0.130319,0.039941,0.027192
0.029414,-0.057865,-0.012318,-0.448458,-0.270132,-0.053605,0.101746,0.035487,0.041801
0.029453,-0.057722,0.001887,-0.467788,-0.283859,-0.057094,0.090027,0.017811,0.270085
0.029492,-0.061564,-0.026775,-0.440686,-0.266535,-0.055204,0.157781,0.040155,-0.274464
0.029531,-0.063560,-0.019172,-0.448042,-0.268401,-0.044861,0.138354,0.026911,-0.545773
0.029570,-0.042696,-0.022200,-0.473558,-0.296789,-0.075113,0.102763,0.003267,0.014139
0.029609,-0.053202,-0.015811,-0.451155,-0.303759,-0.044034,0.095218,0.043734,-0.800801
0.029648,-0.046273,-0.024335,-0.474199,-0.308772,-0.026791,0.079999,0.026580,-0.456119
0.029687,-0.048291,-0.015561,-0.438031,-0.309430,-0.006991,0.084889,0.029861,-0.231822
0.029727,-0.050102,-0.002660,-0.473615,-0.328208,-0.071223,0.133711,0.053356,-0.438854
0.029766,-0.069142,-0.015590,-0.459890,-0.326792,-0.052439,0.108528,0.080564,-0.612763
0.029805,-0.046594,-0.006521,-0.445495,-0.332651,-0.061696,0.089571,0.076789,0.013720
0.029844,-0.046752,-0.012889,-0.442000,-0.351195,-0.057371,0.155255,0.021060,-0.286022
0.029883,-0.062637,-0.009834,-0.446915,-0.346885,-0.032630,0.080515,0.007372,-0.110905
0.029922,-0.036002,-0.015728,-0.447022,-0.330076,-0.094206,0.158489,-0.027860,0.098765
0.029961,-0.043896,-0.017171,-0.464562,-0.335725,-0.073077,0.127056,-0.007358,-0.192120
0.030000,-0.076408,-0.010344,-0.454203,-0.361468,-0.050584,0.131091,0.033498,-0.156306
0.030039,-0.059732,-0.003801,-0.472835,-0.368827,-0.073345,0.086397,0.037034,-0.437038
0.030078,-0.047542,0.001279,-0.439417,-0.361149,-0.036854,0.136515,0.060372,-0.506436
0.030117,-0.049381,-0.006600,-0.456340,-0.372799,-0.041082,0.107658,0.057071,-0.042663
0.030156,-0.027465,-0.012759,-0.444312,-0.379762,-0.089276,0.126873,0.053517,-0.090469
0.030195,-0.054206,-0.017233,-0.456810,-0.371703,-0.007628,0.058747,0.002945,0.024515
0.030234,-0.064206,-0.012683,-0.440722,-0.352308,-0.031113,0.122301,-0.029630,0.031122
0.030273,-0.063160,-0.013266,-0.432059,-0.405418,-0.072036,0.087374,-0.017884,-0.240370
0.030312,-0.050645,0.016715,-0.447723,-0.341864,-0.031961,0.145871,0.001574,-0.150901
0.030352,-0.050505,0.009919,-0.456708,-0.385046,-0.029034,0.082906,0.042827,-0.038287
0.030391,-0.066590,0.001653,-0.423273,-0.389690,-0.042200,0.134912,0.052902,-0.242948
0.030430,-0.056933,-0.030929,-0.440891,-0.401077,-0.009700,0.079640,0.051598,0.107058
0.030469,-0.043449,0.008254,-0.455189,-0.397504,-0.023148,0.086212,0.071479,-0.653600
0.030508,-0.054906,-0.005007,-0.469542,-0.429632,-0.053110,0.150071,0.028135,0.104958
0.030547,-0.045002,-0.022576,-0.424795,-0.430058,-0.097105,0.090939,0.020203,0.395208
0.030586,-0.037462,-0.006615,-0.436098,-0.409814,-0.061244,0.039161,0.012084,-0.007906
0.030625,-0.042462,-0.000179,-0.402916,-0.444055,-0.026032,0.129293,0.028954,0.383456
0.030664,-0.042645,-0.011213,-0.412996,-0.415550,-0.064438,0.098559,0.018861,-0.220361
0.030703,-0.041533,-0.000967,-0.431025,-0.440205,-0.058764,0.123433,0.056874,0.138140
0.030742,-0.048523,0.000413,-0.441083,-0.439071,-0.061972,0.044925,0.049052,0.123193
0.030781,-0.066866,-0.014826,-0.412525,-0.446589,-0.054016,0.131353,0.052093,-0.252368
0.030820,-0.046338,0.002309,-0.432560,-0.435298,-0.065476,0.110808,0.047225,0.631409
0.030859,-0.066261,0.010941,-0.444428,-0.448914,-0.061542,0.101272,0.032730,-0.036020
0.030898,-0.047658,-0.006821,-0.419556,-0.430434,-0.038753,0.133290,-0.028905,0.000629
0.030937,-0.036315,-0.000164,-0.434474,-0.450556,-0.036365,0.108048,0.037621,0.199426
0.030977,-0.059860,0.000323,-0.430171,-0.464721,-0.073453,0.089969,0.005206,0.675351
0.031016,-0.056584,-0.007808,-0.412618,-0.488913,-0.050401,0.085444,0.036504,0.475448
0.031055,-0.039460,0.001968,-0.424595,-0.466824,-0.046362,0.069078,0.027324,0.397903
0.031094,-0.043026,0.012276,-0.412091,-0.475664,-0.032321,0.056862,0.032446,-0.558979
0.031133,-0.041962,-0.009895,-0.428799,-0.468659,-0.046308,0.091865,0.027360,0.145361
0.031172,-0.051320,-0.010241,-0.419450,-0.501521,-0.027696,0.035947,0.023375,-0.071035
0.031211,-0.055586,-0.000978,-0.411294,-0.459263,-0.017083,0.042940,0.001438,0.133178
0.031250,-0.076356,-0.005343,-0.428914,-0.466555,-0.050687,0.071665,-0.011465,-0.357855
0.031289,-0.041310,0.003932,-0.401101,-0.490739,-0.019580,0.096139,0.019408,-0.198452
0.031328,-0.064765,-0.011075,-0.427091,-0.465691,-0.058720,0.060506,0.035293,-0.026020
0.031367,-0.058997,0.007168,-0.410872,-0.446263,-0.020634,0.052922,0.028123,0.268107
0.031406,-0.061827,0.002059,-0.393424,-0.490240,-0.032486,0.045117,0.062653,0.740110
0.031445,-0.036739,0.011795,-0.412117,-0.464747,0.005022,0.060263,0.006338,-0.127161
0.031484,-0.050896,0.006053,-0.418631,-0.500358,-0.054470,-0.000252,0.040144,-0.030580
0.031523,-0.046321,0.018681,-0.392929,-0.508824,-0.021413,0.000354,0.026083,0.246885
0.031563,-0.037295,0.007021,-0.392971,-0.496249,-0.060016,0.055021,0.019222,-0.375772
0.031602,-0.062299,-0.019531,-0.397123,-0.465411,-0.026607,0.031977,0.053928,0.105294
0.031641,-0.056390,0.001385,-0.404523,-0.507790,-0.036599,0.030461,0.011586,0.407380
0.031680,-0.056948,-0.006932,-0.397417,-0.467847,-0.027824,0.036309,0.054083,-0.267292
0.031719,-0.049533,0.003081,-0.383965,-0.495128,0.000892,-0.020557,0.030483,-0.127340
0.031758,-0.050617,0.009690,-0.385649,-0.512306,-0.023705,0.012675,0.055404,-0.409288
0.031797,-0.067606,-0.005300,-0.371524,-0.520826,-0.022775,-0.027855,0.054308,0.177092
0.031836,-0.047654,0.000456,-0.364693,-0.504351,-0.000006,0.013703,0.010486,0.179187
0.031875,-0.039817,-0.003386,-0.388254,-0.518830,-0.019387,-0.019956,0.038862,0.004704
0.031914,-0.043827,-0.003724,-0.370258,-0.502417,-0.090293,0.026138,0.031968,-0.080812
0.031953,-0.043938,0.000295,-0.390722,-0.483020,-0.030821,0.005132,0.021214,0.207982
0.031992,-0.048745,-0.000709,-0.397418,-0.515737,-0.067553,0.051205,0.028081,-0.007150
0.032031,-0.040255,0.010831,-0.387849,-0.497794,0.011824,-0.026427,0.011321,0.226962
0.032070,-0.056494,0.009814,-0.362784,-0.493726,-0.057171,-0.018728,0.066956,0.658901
0.032109,-0.054270,-0.002980,-0.349777,-0.525023,-0.016918,-0.039666,0.065564,0.192646
0.032148,-0.058629,-0.005152,-0.363200,-0.498900,0.020557,-0.031913,0.050825,0.626995
0.032188,-0.046956,-0.001890,-0.371122,-0.524550,-0.001820,-0.059656,0.025757,0.710387
0.032227,-0.054205,0.010618,-0.353400,-0.511907,0.002663,-0.047750,0.008620,0.228194
0.032266,-0.041332,0.005864,-0.362629,-0.501156,-0.003334,-0.113937,0.002018,-0.614993
0.032305,-0.047756,-0.001336,-0.355769,-0.495024,-0.015981,-0.074110,0.023251,0.083189
0.032344,-0.047255,0.006379,-0.347413,-0.496731,-0.046713,-0.067051,0.052369,0.730759
0.032383,-0.052561,0.005541,-0.341197,-0.479227,-0.018845,-0.074337,0.017640,0.386356
0.032422,-0.063784,-0.006147,-0.332695,-0.506815,-0.026753,-0.052503,0.059437,-0.391903
0.032461,-0.058062,-0.011272,-0.354126,-0.488722,-0.004022,-0.107373,0.021458,0.180849
0.032500,-0.032040,0.010341,-0.361586,-0.497736,0.007684,-0.081277,0.010652,0.151678
0.032539,-0.030445,-0.005989,-0.346371,-0.519800,-0.014454,-0.110418,0.016348,-0.099787
0.032578,-0.038277,0.001206,-0.322575,-0.511072,-0.019293,-0.066186,0.024718,0.376086
0.032617,-0.049829,0.008367,-0.332376,-0.507638,-0.023649,-0.126752,0.002272,0.408015
0.032656,-0.040050,-0.000811,-0.321426,-0.470687,0.011186,-0.112929,0.051617,-0.065421
0.032695,-0.043527,-0.004172,-0.335973,-0.504417,-0.053052,-0.114727,0.026458,-0.349326
0.032734,-0.044579,-0.032333,-0.336291,-0.504052,-0.014230,-0.110044,0.032178,0.199076
0.032773,-0.039002,0.009517,-0.319255,-0.516691,-0.015224,-0.129855,0.032456,-0.030499
0.032813,-0.049079,0.010220,-0.320383,-0.483236,-0.019382,-0.139983,0.063114,0.242410
0.032852,-0.057655,0.008687,-0.333302,-0.491696,-0.025906,-0.101666,0.030037,-0.520796
0.032891,-0.056548,0.004355,-0.307862,-0.498944,-0.024916,-0.147176,0.035657,-0.292107
0.032930,-0.051696,0.000563,-0.306349,-0.527298,-0.027366,-0.190429,0.035818,-0.132974
0.032969,-0.042408,0.015969,-0.300043,-0.507133,-0.005622,-0.178667,0.041560,0.305583
0.033008,-0.052061,0.011018,-0.316688,-0.516220,0.005995,-0.210952,0.038446,-0.055605
0.033047,-0.053099,0.009862,-0.302126,-0.484205,-0.011014,-0.153662,0.009974,0.345054
0.033086,-0.035765,0.006343,-0.301126,-0.507473,-0.014580,-0.136347,0.037065,0.310255
0.033125,-0.042728,0.003206,-0.287509,-0.468504,-0.019003,-0.178690,0.057454,-0.208212
0.033164,-0.069033,0.004284,-0.305265,-0.468674,-0.021547,-0.150863,0.021663,0.431180
0.033203,-0.045819,0.010054,-0.295307,-0.460527,-0.036915,-0.164948,0.035216,-0.020791
0.033242,-0.047545,0.008548,-0.313870,-0.441582,-0.013067,-0.176121,0.029308,-0.142726
0.033281,-0.057906,0.017094,-0.298920,-0.481020,0.006388,-0.173492,0.011830,0.472712
0.033320,-0.040687,0.000499,-0.294019,-0.497646,0.007397,-0.206699,0.036740,0.483643
0.033359,-0.043813,0.012726,-0.287351,-0.472742,-0.031012,-0.181776,0.035095,0.587325
0.033398,-0.052307,0.006545,-0.293146,-0.460269,-0.027494,-0.200707,0.041826,0.198792
0.033438,-0.048913,-0.002644,-0.280678,-0.457058,-0.004584,-0.171587,0.034737,-0.056188
0.033477,-0.041160,-0.008301,-0.266174,-0.445300,0.018924,-0.238237,0.034417,0.598813
0.033516,-0.034298,0.005100,-0.264218,-0.447519,0.478022,-0.245559,-0.004891,0.245052
0.033555,-0.025273,0.007212,-0.276106,-0.453656,1.097387,-0.241410,0.066524,0.026368
0.033594,-0.063680,0.007057,-0.269562,-0.427993,0.644512,-0.279741,0.045279,-0.177335
0.033633,-0.035115,0.003311,-0.263871,-0.435258,-0.387865,-0.206954,0.025577,-0.105824
0.033672,-0.056575,0.003684,-0.270391,-0.419070,-0.996799,-0.252474,0.023280,-0.678199
0.033711,-0.041924,0.029535,-0.254306,-0.451056,-0.622468,-0.269291,0.040231,0.321107
0.033750,-0.049002,0.005683,-0.254728,-0.453686,0.318827,-0.268196,0.031563,0.240396
0.033789,-0.075044,0.013757,-0.255946,-0.456362,0.904137,-0.308218,0.031484,0.097624
0.033828,-0.053318,0.004515,-0.261377,-0.419862,0.578031,-0.262515,0.044127,0.412651
0.033867,-0.045018,0.000955,-0.237905,-0.449274,-0.234486,-0.246354,0.043315,0.385373
0.033906,-0.048423,0.011427,-0.256731,-0.412228,-0.793169,-0.222356,0.061510,-0.414708
0.033945,-0.028593,0.018158,-0.239760,-0.408266,-0.571953,-0.319293,0.027421,-0.273403
0.033984,-0.023830,0.024622,-0.243042,-0.390717,0.195259,-0.295378,0.019328,0.244045
0.034023,-0.047791,0.021886,-0.247990,-0.398550,0.757501,-0.345205,0.034999,0.348569
0.034063,-0.050096,0.020566,-0.228755,-0.406644,0.576496,-0.351956,0.003272,0.409393
0.034102,-0.039738,0.007313,-0.234903,-0.410238,-0.110325,-0.307409,0.028883,0.016126
0.034141,-0.050916,0.010842,-0.213203,-0.403245,-0.634522,-0.294508,0.038634,-0.118257
0.034180,-0.052261,0.015909,-0.217043,-0.368330,-0.504897,-0.254518,0.031939,-0.559089
0.034219,-0.042356,-0.011191,-0.236273,-0.390185,0.118724,-0.303221,0.059620,0.280056
0.034258,-0.033556,0.011504,-0.206993,-0.374224,0.600381,-0.309487,0.034962,-0.230136
0.034297,-0.040542,-0.002608,-0.220821,-0.373156,0.467588,-0.307780,0.030291,-0.122930
0.034336,-0.045925,0.016565,-0.204783,-0.376375,-0.017456,-0.266463,0.040480,0.531663
0.034375,-0.038173,-0.007452,-0.228536,-0.372965,-0.472830,-0.372715,0.017109,0.315645
0.034414,-0.058234,0.012459,-0.217800,-0.371774,-0.462668,-0.337597,0.078303,-0.209909
0.034453,-0.058952,-0.009629,-0.203065,-0.346498,0.024814,-0.353772,0.015525,0.028183
0.034492,-0.049652,0.008315,-0.210002,-0.353168,0.476398,-0.363829,0.058690,-0.442724
0.034531,-0.030390,0.020763,-0.199607,-0.319027,0.443274,-0.341873,0.048652,0.014516
0.034570,-0.062606,0.010334,-0.200722,-0.336779,0.036831,-0.303464,0.004117,0.364756
0.034609,-0.054315,0.010254,-0.159040,-0.342663,-0.370937,-0.348920,0.030761,0.030062
0.034648,-0.045989,-0.003244,-0.187053,-0.302690,-0.396619,-0.318414,0.036680,0.433489
0.034688,-0.041018,0.001315,-0.166118,-0.305299,0.022089,-0.308707,-0.002358,0.238358
0.034727,-0.059100,0.023227,-0.182741,-0.286578,0.370719,-0.368509,0.021175,0.180304
0.034766,-0.035510,0.006970,-0.154693,-0.302288,0.355147,-0.354671,0.008802,0.682501
0.034805,-0.058686,0.015529,-0.161269,-0.328029,0.105241,-0.313192,0.035388,-0.427068
0.034844,-0.048275,0.001848,-0.158648,-0.270816,-0.240750,-0.332183,0.022519,0.562902
0.034883,-0.061905,0.016592,-0.164489,-0.291542,-0.321477,-0.404653,0.022997,0.735333
0.034922,-0.040995,0.011623,-0.151709,-0.276014,-0.028849,-0.345976,0.055971,0.864125
0.034961,-0.047898,0.012350,-0.134662,-0.271688,0.266620,-0.338527,0.032371,0.006626
0.035000,-0.043442,0.012785,-0.169145,-0.275380,0.328066,-0.331038,0.021958,-0.072719
0.035039,-0.041311,0.023490,-0.144694,-0.235387,0.087606,-0.324676,0.017771,0.241727
0.035078,-0.043049,0.023622,-0.127118,-0.260759,-0.184979,-0.356796,0.039433,0.988461
0.035117,-0.039335,0.017487,-0.154782,-0.247493,-0.207153,-0.346835,0.034605,-0.126303
0.035156,-0.041859,0.019286,-0.158210,-0.249305,-0.016411,-0.377448,0.050834,0.406689
0.035195,-0.057244,0.013452,-0.138888,-0.195119,0.208243,-0.395862,0.008857,0.339858
0.035234,-0.040863,0.007562,-0.126405,-0.201974,0.298048,-0.387475,0.044096,0.306540
0.035273,-0.036004,0.002069,-0.133504,-0.198935,0.093952,-0.343373,0.039428,0.166327
0.035312,-0.033325,0.021198,-0.129314,-0.187847,-0.113170,-0.339905,0.038314,0.753852
0.035352,-0.061735,0.027894,-0.106333,-0.178040,-0.220661,-0.357367,0.050901,0.099296
0.035391,-0.034223,0.015331,-0.119104,-0.168848,-0.081732,-0.371063,0.007577,-0.505317
0.035430,-0.025184,0.015286,-0.112295,-0.189188,0.128159,-0.365060,0.015735,0.280132
0.035469,-0.040235,0.010684,-0.123880,-0.185296,0.268368,-0.378332,0.045981,-0.091175
0.035508,-0.050822,0.030985,-0.117130,-0.173028,0.153458,-0.342236,0.039281,0.244575
0.035547,-0.040155,0.019541,-0.102619,-0.163701,-0.087176,-0.327466,0.018567,0.316065
0.035586,-0.047621,0.013628,-0.101197,-0.208416,-0.146599,-0.341369,0.031355,0.109564
0.035625,-0.049574,0.013844,-0.083550,-0.169567,-0.075857,-0.350849,0.042626,0.180600
0.035664,-0.027558,0.008443,-0.078387,-0.144172,0.091768,-0.333546,0.056422,0.322671
0.035703,-0.041167,0.015092,-0.099196,-0.135542,0.212953,-0.340877,0.066318,0.585317
0.035742,-0.017193,0.022534,-0.082600,-0.115114,0.108648,-0.352310,0.047249,0.366985
0.035781,-0.044094,0.025299,-0.088389,-0.127915,-0.045978,-0.356790,0.037900,0.567378
0.035820,-0.011613,0.014704,-0.072902,-0.121409,-0.137217,-0.376493,0.050110,0.392079
0.035859,-0.039307,0.022788,-0.067781,-0.082647,-0.026624,-0.308858,0.045622,-0.730697
0.035898,-0.029677,0.025840,-0.068202,-0.106055,0.057947,-0.312694,0.073914,-0.165498
0.035937,-0.046813,0.028871,-0.060954,-0.074040,0.182192,-0.271149,0.021778,0.255373
0.035977,-0.036255,0.021959,-0.068263,-0.081353,0.113651,-0.362258,0.037149,-0.053633
0.036016,-0.023104,0.020478,-0.050838,-0.061455,-0.015801,-0.324988,0.008552,0.027355
0.036055,-0.023599,0.035397,-0.068551,-0.044956,-0.099980,-0.296686,0.021417,-1.324473
0.036094,-0.031265,0.020690,-0.035539,-0.063039,-0.032956,-0.284984,0.042047,-0.370157
0.036133,-0.018321,0.023583,-0.066433,-0.026004,0.149538,-0.300050,0.018949,0.191246
0.036172,-0.028172,0.024458,-0.073155,-0.012510,0.181947,-0.339218,0.027606,-0.046853
0.036211,-0.043337,0.020824,-0.032409,-0.016209,0.086172,-0.272989,0.035610,0.001442
0.036250,-0.029737,0.016703,-0.035661,-0.006499,-0.025333,-0.317199,0.037642,0.274434
0.036289,-0.034440,0.026979,-0.033030,-0.002372,-0.066814,-0.337364,0.044727,-0.069193
0.036328,-0.051823,0.017256,-0.050211,0.015468,-0.034295,-0.310222,0.043985,-0.098399
0.036367,-0.032430,0.022496,-0.036352,-0.004350,0.069955,-0.321941,0.016018,0.273244
0.036406,-0.049920,0.016187,-0.031626,0.024625,0.186135,-0.273625,0.085556,0.001147
0.036445,-0.055626,0.001030,-0.026432,0.032991,0.139309,-0.246454,0.013333,-0.389710
0.036484,-0.026176,0.017827,-0.017785,0.042342,0.059700,-0.246437,0.020629,-0.503445
0.036523,-0.046463,0.031004,-0.010053,0.056962,-0.028349,-0.321670,0.008444,-0.349835
0.036562,-0.021763,0.038570,-0.011127,0.045249,-0.022348,-0.279870,0.031218,-0.027859
0.036602,-0.028156,0.016486,-0.001282,0.076699,0.103911,-0.247173,0.031255,-0.355315
0.036641,-0.031341,0.034699,-0.008340,0.086502,0.122354,-0.243974,0.057215,-0.126881
0.036680,-0.050588,0.022295,-0.001917,0.094482,0.128495,-0.287843,0.047141,0.038495
0.036719,-0.034721,0.018955,0.003133,0.078665,0.056925,-0.232189,0.019561,-0.248693
0.036758,-0.043097,-0.007716,0.000100,0.110794,-0.015031,-0.254143,0.023342,-0.103607
0.036797,-0.021137,0.029689,0.009503,0.108094,0.036609,-0.269186,0.047313,-0.239652
0.036836,-0.030825,0.025865,0.013558,0.098799,0.090920,-0.245393,0.065778,-0.382853
0.036875,-0.046221,0.030714,0.011492,0.097368,0.125612,-0.223187,0.161248,0.501182
0.036914,-0.021347,0.035711,0.009501,0.108420,0.084794,-0.211711,0.124464,-0.243622
0.036953,-0.022088,0.021635,0.010827,0.137695,0.051960,-0.197203,0.075567,-0.376382
0.036992,-0.034470,0.020361,0.001801,0.162668,0.004482,-0.206318,-0.010407,-0.201768
0.037031,-0.033062,0.019618,0.027079,0.168469,0.016239,-0.157289,-0.023275,0.223309
0.037070,-0.033405,0.018236,0.032217,0.159126,0.057524,-0.161466,-0.057575,-0.126294
0.037109,-0.034452,0.012266,0.034465,0.149825,0.096244,-0.180683,-0.012734,-0.187853
0.037148,-0.036022,0.031034,0.020643,0.175504,0.099256,-0.140055,0.022106,-0.068310
0.037187,-0.017750,0.030270,0.011738,0.222192,0.073045,-0.124134,0.103049,-0.714439
0.037227,-0.009825,0.016758,0.009036,0.216849,0.014491,-0.193374,0.088245,-0.310852
0.037266,-0.030976,0.045532,0.035271,0.217154,-0.014377,-0.119761,0.061616,-0.785586
0.037305,-0.022958,0.021677,0.040323,0.224759,0.065941,-0.172006,0.012817,0.176461
0.037344,-0.036407,0.021815,0.042208,0.232488,0.089503,-0.152498,-0.006702,0.018210
0.037383,-0.025724,0.035141,0.050027,0.257645,0.085192,-0.076332,-0.028338,-0.721154
0.037422,-0.010383,0.023747,0.039185,0.242443,0.069238,-0.118524,0.005763,0.006036
0.037461,-0.019363,0.014202,0.061104,0.277958,0.040068,-0.104040,0.012602,-0.327312
0.037500,-0.018657,0.009559,0.055318,0.286639,-0.007606,-0.126347,0.070972,-0.092629
0.037539,-0.028343,0.013637,0.047027,0.287782,0.055108,-0.126985,0.113906,0.058536
0.037578,-0.012316,0.017696,0.076907,0.294840,0.084038,-0.069549,0.077020,-0.495517
0.037617,-0.014575,0.036299,0.052465,0.323432,0.144003,-0.052278,0.043184,-0.586986
0.037656,-0.037402,0.032409,0.080656,0.309856,0.070319,-0.071124,0.003815,0.128712
0.037695,-0.019534,0.038802,0.058131,0.314138,0.029884,-0.055541,0.009069,-0.712597
0.037734,-0.026515,0.029555,0.080427,0.350321,0.029946,-0.005776,-0.019722,-0.474897
0.037773,-0.021652,0.029718,0.089954,0.353974,0.027252,-0.054806,0.029141,-0.197027
0.037812,-0.010223,0.041326,0.089772,0.348354,0.072954,-0.017537,0.076137,-0.464553
0.037852,-0.027824,0.054297,0.077796,0.354334,0.060706,0.038656,0.088786,-0.192958
0.037891,-0.025634,0.023782,0.069597,0.377033,0.018901,-0.009739,0.079463,0.163724
0.037930,-0.007379,0.022943,0.099183,0.408941,0.059257,0.000224,0.057927,-0.014620
0.037969,-0.021382,0.035757,0.102433,0.406400,0.047202,0.040981,0.037659,-0.534640
0.038008,-0.009413,0.021654,0.097979,0.384737,0.046489,0.042105,-0.026681,0.102272
0.038047,-0.013960,0.029725,0.106636,0.392844,0.080799,0.034546,0.007834,0.368177
0.038086,-0.006146,0.043178,0.092166,0.442595,0.103087,0.039124,0.018253,0.308921
0.038125,-0.013194,0.026115,0.105029,0.387095,0.082925,0.055604,0.053958,0.318606
0.038164,-0.013338,0.031368,0.129660,0.438994,0.024656,0.058721,0.066394,-1.354425
0.038203,-0.005750,0.047610,0.100538,0.463951,0.090270,0.049790,0.058621,-0.758138
0.038242,-0.010385,0.032197,0.124297,0.456577,0.047425,0.108702,0.051843,-0.126400
0.038281,-0.009027,0.025236,0.128970,0.447736,0.071931,0.084944,0.000969,0.219871
0.038320,-0.004056,0.032156,0.125028,0.442931,0.106452,0.121866,0.009176,0.075555
0.038359,-0.013181,0.033270,0.143446,0.458436,0.061373,0.035547,0.033697,-0.168195
0.038398,-0.006103,0.035992,0.112958,0.497314,0.084183,0.043322,-0.001849,-0.031465
0.038437,0.003932,0.029934,0.124165,0.520393,0.030537,0.119012,0.025567,-0.376967
0.038477,-0.023403,0.037877,0.111380,0.498238,0.037736,0.119912,0.072954,-0.371911
0.038516,-0.017251,0.028225,0.139126,0.507324,0.058485,0.088577,0.063723,-0.056550
0.038555,-0.021334,0.037933,0.126623,0.507262,0.082002,0.168212,0.087797,-0.010092
0.038594,0.014689,0.037657,0.144857,0.487184,0.077804,0.199062,0.002992,0.545938
0.038633,-0.003291,0.025270,0.140740,0.532017,0.062814,0.224333,-0.008536,-0.422752
0.038672,-0.003801,0.052116,0.136316,0.534833,0.038155,0.172129,0.004112,-0.536327
0.038711,-0.001572,0.032987,0.161032,0.545624,0.067328,0.173717,0.068166,0.215254
0.038750,-0.003379,0.047517,0.146257,0.536402,0.072465,0.160423,0.033329,0.172973
0.038789,0.003316,0.030296,0.140780,0.550991,0.124859,0.238363,0.023080,0.139548
0.038828,0.001871,0.035097,0.158433,0.569638,0.088928,0.177679,0.052205,0.670616
0.038867,-0.002736,0.030481,0.163010,0.592003,0.072373,0.224691,0.044757,0.306091
0.038906,-0.003968,0.031974,0.162753,0.574004,0.052045,0.242454,0.053625,-0.140071
0.038945,0.002750,0.041987,0.183087,0.569458,0.089667,0.214185,0.006390,0.037927
0.038984,0.010847,0.029249,0.155513,0.598562,0.082789,0.192084,0.030734,0.228778
0.039023,0.007873,0.041124,0.179436,0.598660,0.120452,0.209951,0.022926,0.236610
0.039063,0.002348,0.044036,0.170789,0.591957,0.086513,0.248864,0.026223,0.633790
0.039102,-0.007228,0.054988,0.188407,0.640440,0.059214,0.269845,0.025286,-0.676107
0.039141,0.014483,0.041454,0.169725,0.586459,0.026201,0.232951,0.051211,0.160881
0.039180,-0.005399,0.031092,0.169731,0.636067,0.035551,0.323176,0.048387,-0.193644
0.039219,0.022144,0.035977,0.182072,0.613282,0.047553,0.308100,0.045284,0.258547
0.039258,0.012767,0.033444,0.167927,0.628475,0.058083,0.266794,0.029288,0.177828
0.039297,0.021251,0.035045,0.191999,0.651692,0.109977,0.256288,0.024612,-0.000540
0.039336,0.010340,0.040185,0.186408,0.675981,0.064820,0.329612,0.005408,-0.036541
0.039375,0.005960,0.048100,0.186429,0.653550,0.063472,0.351799,0.039768,-0.047467
0.039414,0.023348,0.037802,0.182534,0.668347,0.084358,0.328781,0.058075,0.330593
0.039453,-0.004799,0.038990,0.186244,0.655853,0.055137,0.324464,0.031151,0.698437
0.039492,0.003449,0.039713,0.183423,0.684494,0.080955,0.368341,0.033055,0.151653
0.039531,0.010960,0.036237,0.185079,0.703073,0.046685,0.384943,0.052458,0.286065
0.039570,0.028100,0.040928,0.193671,0.702516,0.087265,0.378239,0.028478,-0.040477
0.039609,0.008142,0.033013,0.218926,0.689107,0.049009,0.363510,0.049277,-0.342552
0.039648,0.019972,0.041521,0.197959,0.723739,0.046133,0.371508,0.013051,0.633125
0.039688,0.002860,0.034482,0.183943,0.703256,0.072937,0.373811,0.023068,-0.157803
0.039727,0.004530,0.025114,0.235623,0.710790,0.068529,0.401069,0.063717,-0.325587
0.039766,0.011010,0.031363,0.220307,0.719883,0.083646,0.428394,0.022935,0.347186
0.039805,-0.001536,0.054272,0.231365,0.736433,0.075958,0.404965,0.009155,-0.692348
0.039844,0.027579,0.034072,0.217660,0.733390,0.088268,0.395265,0.042242,-0.562361
0.039883,0.008497,0.024350,0.213049,0.738734,0.046663,0.399187,0.032300,0.491634
0.039922,0.005049,0.013168,0.220232,0.743719,0.072979,0.449556,0.045182,-0.172411
0.039961,0.009530,0.045903,0.212044,0.726789,0.099010,0.382438,0.036250,0.895319
0.040000,0.009654,0.038024,0.237866,0.745977,0.070713,0.449526,0.031833,0.143396
0.040039,0.018576,0.045854,0.228628,0.727768,0.083370,0.453672,0.055395,-0.015584
0.040078,0.034783,0.046771,0.230803,0.765778,0.052690,0.431838,0.044767,0.386362
0.040117,0.024043,0.024019,0.215524,0.731322,0.073366,0.451843,0.047431,-0.479596
0.040156,0.026316,0.031384,0.229770,0.780853,0.054856,0.458004,0.047967,0.117950
0.040195,0.005450,0.038936,0.231501,0.754875,0.114990,0.493866,0.058010,0.087704
0.040234,0.024776,0.026879,0.241386,0.782035,0.068275,0.407879,0.081460,-0.318673
0.040273,0.035739,0.031591,0.256601,0.776543,0.111273,0.498678,0.021782,-0.514593
0.040313,0.017375,0.028147,0.236423,0.779480,0.073232,0.455708,0.031287,0.110344
0.040352,0.024582,0.042255,0.231178,0.784953,0.071387,0.509485,0.031330,-0.264737
0.040391,0.027510,0.063093,0.248989,0.766673,0.037214,0.472325,0.039279,1.146755
0.040430,0.010345,0.043949,0.245804,0.789690,0.089835,0.475230,0.023654,-0.038261
0.040469,0.023055,0.031895,0.252745,0.796112,0.078353,0.454290,0.003888,-0.168761
0.040508,0.021033,0.044934,0.254305,0.800270,0.066299,0.462846,0.039422,0.133355
0.040547,0.005690,0.019375,0.242920,0.800607,0.078079,0.502282,0.058371,0.286006
0.040586,0.048023,0.020891,0.238889,0.790739,0.076821,0.463481,0.040930,0.668220
0.040625,0.036778,0.045455,0.250866,0.787404,0.047322,0.466069,0.055893,0.133939
0.040664,0.029756,0.044744,0.271120,0.784870,0.075349,0.538581,0.056888,0.308878
0.040703,0.035202,0.054993,0.267719,0.783265,0.071024,0.526971,0.037646,-0.225554
0.040742,0.026986,0.042141,0.247056,0.793603,0.059327,0.492017,0.030606,0.324106
0.040781,0.035189,0.022041,0.252166,0.797540,0.075031,0.517075,0.031694,-0.132461
0.040820,0.037311,0.042203,0.249435,0.804416,0.090735,0.510287,0.037969,0.638671
0.040859,0.030536,0.035137,0.268033,0.803971,0.070109,0.592660,0.046426,-0.312593
0.040898,0.029667,0.053371,0.264383,0.813120,0.095461,0.478976,0.023601,-0.097032
0.040938,0.014494,0.036725,0.274773,0.762070,0.074129,0.480686,0.046342,-0.258718
0.040977,0.014898,0.051677,0.258871,0.801630,0.044966,0.549863,0.028676,-0.219474
0.041016,0.026000,0.046849,0.260822,0.806223,0.116793,0.568760,0.024719,0.086268
0.041055,0.021783,0.038489,0.268636,0.808005,0.060670,0.533437,0.032243,0.414803
0.041094,0.033955,0.047251,0.274016,0.811755,0.046883,0.522053,0.035313,-0.059310
0.041133,0.043948,0.031885,0.248377,0.808886,0.079875,0.565732,0.047251,0.043699
0.041172,0.010804,0.048556,0.270744,0.796733,0.064480,0.534447,0.046687,-0.276312
0.041211,0.035943,0.051681,0.274798,0.817397,0.041811,0.547503,0.026577,0.530895
0.041250,0.038451,0.023247,0.295635,0.792687,0.060506,0.533893,0.027571,0.519800
0.041289,0.021274,0.030926,0.293987,0.835949,0.094720,0.554792,0.065563,0.326100
0.041328,0.044111,0.040529,0.308198,0.808717,0.080813,0.518643,0.025529,0.463828
0.041367,0.040767,0.043636,0.277100,0.810281,0.063829,0.618681,0.041880,-0.162067
0.041406,0.038908,0.041693,0.285723,0.767948,0.051281,0.571314,0.039868,0.296860
0.041445,0.043368,0.047064,0.299476,0.812153,0.074266,0.566054,0.032194,-0.672592
0.041484,0.040949,0.029926,0.297922,0.841005,0.054946,0.562899,0.024976,-0.013384
0.041523,0.037480,0.039976,0.275066,0.823736,0.118041,0.543747,0.048097,-0.005810
0.041563,0.034427,0.035078,0.290413,0.813514,0.063329,0.519179,0.048766,0.563324
0.041602,0.021736,0.031162,0.286457,0.809801,0.042804,0.577493,0.054451,0.006464
0.041641,0.021642,0.033255,0.274729,0.839991,0.035947,0.554839,0.035722,-0.117323
0.041680,0.022660,0.045987,0.290336,0.782575,0.078130,0.552215,0.015438,0.273466
0.041719,0.044282,0.035864,0.289265,0.794570,0.079729,0.551477,0.024807,-0.107403
0.041758,0.043490,0.044935,0.298659,0.805661,0.034217,0.528846,0.034856,0.055809
0.041797,0.022135,0.033760,0.293584,0.790857,0.084524,0.569813,0.071153,-0.185446
0.041836,0.034136,0.028194,0.288229,0.776412,0.087038,0.507793,0.081544,0.530871
0.041875,0.039224,0.045099,0.291131,0.798870,0.056766,0.567911,0.066317,0.053735
0.041914,0.067867,0.041067,0.307079,0.773531,0.062406,0.559696,0.028056,0.676087
0.041953,0.027351,0.040130,0.315052,0.782143,0.060202,0.567697,0.054388,0.532121
0.041992,0.046310,0.020066,0.299524,0.770973,0.045392,0.563293,0.040056,0.272027
0.042031,0.035747,0.046577,0.340903,0.783114,0.062865,0.527538,0.067679,-0.281165
0.042070,0.025146,0.035867,0.305231,0.788990,0.071133,0.548682,0.041507,-0.035664
0.042109,0.044119,0.033642,0.319683,0.753665,0.038775,0.580709,0.013942,0.608427
0.042148,0.031553,0.042688,0.319574,0.780761,0.039159,0.537863,0.033641,-0.128471
0.042188,0.028525,0.050302,0.332863,0.782963,0.091206,0.589604,0.022551,-0.210358
0.042227,0.026543,0.043269,0.328354,0.764793,0.054905,0.538309,0.041119,0.521419
0.042266,0.039926,0.059959,0.318872,0.768292,0.057932,0.554571,0.025457,0.617309
0.042305,0.056075,0.024840,0.322739,0.770560,0.078083,0.554123,0.029570,0.621462
0.042344,0.025970,0.034535,0.311905,0.753879,0.037402,0.478806,0.065109,0.304603
0.042383,0.038616,0.024601,0.300378,0.741433,0.073845,0.496161,0.027417,-0.029660
0.042422,0.036921,0.026533,0.324914,0.751323,0.067975,0.516110,0.061629,0.214260
0.042461,0.035590,0.041768,0.326252,0.743935,0.053131,0.511502,0.014820,0.096948
0.042500,0.057282,0.028048,0.318662,0.731924,0.041021,0.579507,0.039433,-0.805925
0.042539,0.031414,0.021688,0.336079,0.725527,0.107210,0.565684,0.034211,0.385840
0.042578,0.024652,0.030166,0.331288,0.738821,0.065622,0.532674,0.035738,0.321257
0.042617,0.047457,0.045274,0.321596,0.749040,0.066142,0.489160,0.048374,0.516667
0.042656,0.044210,0.040339,0.305059,0.735348,0.058458,0.539835,0.036636,0.093020
0.042695,0.043118,0.027456,0.329145,0.698718,0.060787,0.552500,0.033698,0.440767
0.042734,0.036810,0.035780,0.334027,0.700567,0.089018,0.495971,0.050351,0.284676
0.042773,0.030217,0.037264,0.320129,0.703633,0.113183,0.455641,0.004878,-0.102931
0.042813,0.054025,0.042187,0.339949,0.675850,0.047316,0.536463,0.053563,0.681769
0.042852,0.034293,0.030280,0.328480,0.694789,0.030938,0.491232,0.050828,0.047520
0.042891,0.037108,0.027325,0.334530,0.682328,0.068614,0.517326,0.025133,0.413344
0.042930,0.039458,0.039033,0.339968,0.704562,0.056179,0.495033,0.052279,0.138527
0.042969,0.052407,0.034787,0.338740,0.673713,0.036240,0.521933,0.028493,0.251553
0.043008,0.032624,0.039292,0.338828,0.678872,0.038951,0.520170,0.029421,0.013535
0.043047,0.021522,0.027310,0.324922,0.663995,0.045328,0.525133,-0.026238,0.885950
0.043086,0.048627,0.034507,0.327374,0.659546,0.058227,0.500516,0.024042,0.531926
0.043125,0.044444,0.039346,0.351488,0.637473,0.086164,0.513801,0.031086,-0.053668
0.043164,0.029846,0.030905,0.333670,0.661216,0.079458,0.494493,0.025279,-0.159974
0.043203,0.034283,0.039905,0.352363,0.639814,0.044604,0.488654,0.031474,0.326516
0.043242,0.027208,0.018398,0.347736,0.616017,0.085921,0.436102,0.046692,0.360895
0.043281,0.033818,0.019940,0.356733,0.605764,0.043392,0.485757,0.034864,0.785929
0.043320,0.040386,0.010622,0.358712,0.619117,0.068731,0.539045,0.035382,0.144118
0.043359,0.030085,0.025086,0.362963,0.596689,0.021822,0.495376,0.031111,0.729711
0.043398,0.037069,0.024957,0.354035,0.609036,0.074387,0.488087,0.025073,0.584879
0.043437,0.048932,0.017828,0.361950,0.570466,0.038391,0.548834,0.020138,-0.138824
0.043477,0.019560,0.026803,0.345192,0.603617,0.085904,0.447764,0.052136,0.454813
0.043516,0.034622,0.026890,0.340958,0.588262,0.043185,0.432602,0.035279,-0.290825
0.043555,0.041638,0.040139,0.342190,0.569373,0.054637,0.483342,-0.008835,0.266969
0.043594,0.039123,0.026276,0.360506,0.531953,0.046698,0.425780,0.044664,-0.477059
0.043633,0.038521,0.020999,0.365848,0.548312,0.070387,0.471156,0.007316,0.166115
0.043672,0.038364,0.030530,0.357428,0.563578,0.052063,0.452867,0.022924,-0.436137
0.043711,0.039178,0.030782,0.358427,0.563512,0.046296,0.438328,0.018118,-0.604970
0.043750,0.043141,0.032559,0.361593,0.534896,0.031649,0.420784,0.007503,0.024411
0.043789,0.047872,0.028475,0.364995,0.508498,0.065382,0.451104,0.002400,0.235677
0.043828,0.048625,0.031671,0.383325,0.507471,0.074404,0.436801,-0.014661,0.301435
0.043867,0.035285,0.031649,0.345413,0.514676,0.061646,0.491501,0.035146,0.121769
0.043906,0.042279,0.029818,0.355865,0.506350,0.007810,0.406001,0.032067,-0.329934
0.043945,0.053877,0.022315,0.353075,0.519600,0.031210,0.444156,0.024766,0.096759
0.043984,0.037550,0.014084,0.368186,0.495976,0.078516,0.458080,0.058443,0.222661
0.044023,0.049177,0.019796,0.367902,0.485220,0.029935,0.446932,0.026029,0.060510
0.044062,0.035618,0.017190,0.361032,0.486630,0.064571,0.497670,0.021002,-0.403128
0.044102,0.045642,0.028804,0.346477,0.477231,0.080365,0.405879,0.058501,-0.412565
0.044141,0.038052,0.019276,0.370972,0.467693,0.034113,0.449552,0.175715,0.278422
0.044180,0.047637,0.025322,0.334087,0.456032,0.074493,0.433510,0.228808,-0.513499
0.044219,0.034443,0.015382,0.360373,0.449705,0.012852,0.348460,0.133567,-0.258925
0.044258,0.031099,0.026380,0.371036,0.434324,0.024758,0.442070,-0.008016,-0.761286
0.044297,0.036965,0.021892,0.361086,0.462905,0.077277,0.416490,-0.089589,-0.494096
0.044336,0.026483,0.026067,0.368016,0.417447,0.031061,0.410873,-0.142009,0.081385
0.044375,0.045937,0.029622,0.368697,0.406449,0.009123,0.365266,-0.117257,0.127274
0.044414,0.040653,0.024464,0.390956,0.387985,0.074078,0.432213,0.007435,-0.263669
0.044453,0.044385,0.025601,0.370684,0.369310,0.075822,0.405741,0.130881,-0.286770
0.044492,0.038677,0.017247,0.365871,0.396321,0.035927,0.405201,0.131201,-0.542778
0.044531,0.048675,0.022728,0.365837,0.375402,0.056595,0.422872,0.133541,-0.283836
0.044570,0.043102,0.016925,0.367019,0.361190,0.039094,0.429192,0.024965,-0.284057
0.044609,0.031201,0.014902,0.371152,0.359210,1.013449,0.426625,-0.018020,-0.397272
0.044648,0.033602,0.003713,0.383757,0.322268,1.036961,0.443215,-0.093275,-0.013405
0.044687,0.030817,0.004811,0.385829,0.324882,0.189236,0.410313,-0.096132,-0.187093
0.044727,0.032789,0.017763,0.387687,0.293416,-0.771113,0.322521,-0.050592,-0.281945
0.044766,0.039521,0.019429,0.389862,0.281632,-0.898918,0.399022,0.044900,-0.633612
0.044805,0.036290,0.036296,0.369283,0.304122,-0.165616,0.401003,0.131067,-0.489632
0.044844,0.047142,0.010029,0.394270,0.311110,0.757764,0.402723,0.086875,0.322375
0.044883,0.037988,0.018665,0.388151,0.317466,0.940609,0.354207,0.063087,-0.029857
0.044922,0.033793,0.032145,0.375035,0.290250,0.263335,0.383806,0.021353,-0.634196
0.044961,0.034342,0.019125,0.372565,0.279143,-0.647092,0.372923,-0.078873,-0.547633
0.045000,0.037072,0.023045,0.386042,0.218659,-0.710400,0.392518,-0.072100,-0.199677
0.045039,0.035401,0.024483,0.385826,0.247114,-0.217899,0.412866,-0.000616,-0.354287
0.045078,0.012176,0.016762,0.376773,0.228448,0.607573,0.288430,0.036364,-0.206717
0.045117,0.025524,0.029932,0.386522,0.243222,0.773426,0.352370,0.055445,-0.242400
0.045156,0.018804,0.017265,0.391916,0.237390,0.269175,0.454299,0.063686,-0.139070
0.045195,0.026495,0.017192,0.395609,0.236363,-0.425303,0.362126,0.027947,0.156075
0.045234,0.025617,0.013267,0.408868,0.200144,-0.650912,0.353401,0.010263,-0.414962
0.045273,0.038687,0.016053,0.366460,0.221519,-0.185758,0.372485,-0.027447,-0.228089
0.045312,0.028506,0.000550,0.386001,0.196137,0.435237,0.340439,-0.051104,-0.705157
0.045352,0.033402,0.029395,0.372455,0.174816,0.666126,0.367524,-0.020426,-0.326522
0.045391,0.030526,0.006378,0.382398,0.171848,0.287705,0.355107,-0.004183,0.327840
0.045430,0.030453,0.023398,0.394452,0.146137,-0.266902,0.364881,0.043705,0.028744
0.045469,0.047865,0.020152,0.397184,0.149867,-0.504802,0.379981,0.033834,0.480563
0.045508,0.024829,0.016249,0.392091,0.125127,-0.191363,0.379982,0.005030,-0.923177
0.045547,0.028963,0.016719,0.386306,0.122891,0.339800,0.324471,0.002534,-0.387204
0.045586,0.034350,0.012973,0.370228,0.106189,0.547925,0.367072,-0.006312,-0.192751
0.045625,0.044355,-0.003013,0.387497,0.123894,0.276772,0.324067,-0.015657,-0.451340
0.045664,0.023366,0.024997,0.394157,0.141891,-0.201963,0.353587,-0.003415,-0.156121
0.045703,0.025983,0.013287,0.370957,0.097976,-0.447527,0.369520,0.007457,0.348061
0.045742,0.016740,0.015547,0.385498,0.055193,-0.184491,0.339961,0.005881,-0.395686
0.045781,0.033255,0.012396,0.368558,0.052226,0.224440,0.323072,0.035269,-0.640129
0.045820,0.047926,0.019377,0.403592,0.045815,0.467008,0.315079,0.029151,0.311742
0.045859,0.009019,0.014105,0.399328,0.056003,0.288621,0.403504,-0.015843,-0.392425
0.045898,0.045415,0.021792,0.380733,0.047819,-0.140055,0.315885,-0.021524,0.174498
0.045937,0.026961,0.022922,0.370216,0.028294,-0.339330,0.316313,-0.036055,-0.449013
0.045977,0.032696,0.003037,0.401456,0.047515,-0.192351,0.384192,-0.056424,-0.357298
0.046016,0.028092,0.011779,0.391746,0.068176,0.164083,0.320595,-0.010058,-0.484163
0.046055,0.031871,0.010866,0.399417,0.023997,0.361366,0.328996,-0.006629,-0.202903
0.046094,0.011202,0.008492,0.391092,-0.008976,0.261139,0.376189,0.032331,-0.322735
0.046133,0.042456,0.005887,0.394918,0.003441,-0.076849,0.358753,0.046242,-0.794502
0.046172,0.026888,0.017729,0.389948,-0.009968,-0.246122,0.321514,-0.022684,-0.148669
0.046211,0.045001,0.004429,0.409567,-0.001324,-0.167545,0.311884,0.033635,-0.015599
0.046250,0.024776,0.009681,0.379426,-0.005071,0.094407,0.343279,-0.030189,-0.544463
0.046289,0.048924,0.001984,0.389802,-0.021974,0.292395,0.325796,-0.034178,0.043843
0.046328,0.027773,0.004423,0.385500,-0.013595,0.206836,0.276415,0.002198,-0.419164
0.046367,0.018242,0.012229,0.388053,-0.032308,0.028255,0.328845,-0.013385,-0.242887
0.046406,0.028299,0.032957,0.404465,-0.047978,-0.217433,0.293626,0.025463,-0.409797
0.046445,0.032803,0.010480,0.383986,-0.077530,-0.156166,0.279339,0.042778,0.087678
0.046484,0.029772,0.019969,0.395567,-0.058975,0.067173,0.293735,0.024102,1.009273
0.046523,0.025071,0.007755,0.370366,-0.072812,0.237839,0.333366,-0.017440,-0.116575
0.046562,0.034723,0.010774,0.382211,-0.074312,0.206108,0.284915,-0.041215,-0.416428
0.046602,0.046389,0.011741,0.397997,-0.109752,0.001326,0.272005,-0.036729,0.154405
0.046641,0.029634,0.023635,0.389069,-0.079507,-0.144462,0.357727,-0.016327,-0.491342
0.046680,0.013645,0.016727,0.394502,-0.124426,-0.112971,0.301751,0.024461,-0.582106
0.046719,0.049433,0.024550,0.385099,-0.097295,0.047834,0.347452,-0.004811,0.190388
0.046758,0.030098,0.015035,0.400526,-0.125284,0.149910,0.294626,-0.000931,0.464686
0.046797,0.022393,0.018309,0.411269,-0.121609,0.175330,0.274280,0.007206,0.237167
0.046836,0.020929,0.023439,0.410164,-0.119183,0.021704,0.295348,-0.013715,0.044378
0.046875,0.037185,0.016411,0.382756,-0.141036,-0.104479,0.252996,-0.048844,0.322090
0.046914,0.016682,0.022410,0.400236,-0.145503,-0.140990,0.260826,-0.039207,-0.348311
0.046953,0.039836,0.011901,0.372814,-0.163398,0.030848,0.362593,-0.017775,0.060858
0.046992,0.028195,0.005843,0.390288,-0.168155,0.202541,0.276174,-0.010217,0.045540
0.047031,0.027577,0.014335,0.398075,-0.167832,0.181336,0.263973,0.017916,0.425452
0.047070,0.034692,0.005697,0.385860,-0.200131,0.052230,0.261341,-0.009501,-0.207769
0.047109,0.033602,0.022143,0.386918,-0.211988,-0.096669,0.286871,0.014438,-0.250833
0.047148,0.028099,0.019456,0.398319,-0.182455,-0.105554,0.240305,-0.032312,0.724471
0.047188,0.049310,0.019788,0.399894,-0.222362,0.004849,0.315602,-0.016849,0.047873
0.047227,0.022958,0.013890,0.401498,-0.193174,0.112035,0.281910,-0.043385,0.099329
0.047266,0.029048,0.016875,0.389353,-0.222111,0.145547,0.270335,-0.052199,-0.013343
0.047305,0.038200,0.028992,0.372560,-0.208528,0.088879,0.245953,-0.030734,0.084921
0.047344,0.018775,-0.015500,0.388282,-0.201976,-0.053967,0.299734,-0.025741,0.353774
0.047383,0.040405,-0.000310,0.402657,-0.247106,-0.084239,0.279819,0.011302,0.183892
0.047422,0.036525,-0.007473,0.394852,-0.238569,0.006384,0.249254,-0.023964,0.009956
0.047461,0.013302,0.006816,0.394883,-0.274489,0.088339,0.228423,0.002088,0.524434
0.047500,0.025242,0.011928,0.381104,-0.232865,0.132370,0.239228,-0.039020,-0.481986
0.047539,0.029727,0.007071,0.397000,-0.269434,0.014570,0.227715,-0.056241,-0.197375
0.047578,0.030736,0.028722,0.379001,-0.257183,-0.027768,0.220262,-0.015938,-0.581802
0.047617,0.033810,0.008321,0.394350,-0.289194,-0.082814,0.226311,-0.017187,0.806748
0.047656,0.037645,0.008947,0.406171,-0.283065,-0.008612,0.199846,0.016227,0.549299
0.047695,0.034184,0.022371,0.400096,-0.305482,0.057128,0.238800,0.002207,0.153516
0.047734,0.034243,0.002087,0.392270,-0.275164,0.106096,0.176156,0.014491,0.468012
0.047773,0.029727,0.017828,0.388752,-0.303497,0.053849,0.170392,-0.016846,0.193484
0.047813,0.038340,0.008463,0.394247,-0.301879,-0.019998,0.183614,-0.057141,-0.224677
0.047852,0.046967,0.008981,0.390279,-0.336542,-0.070662,0.248937,0.005134,-0.133296
0.047891,0.043873,0.011214,0.391552,-0.313849,-0.004064,0.199112,-0.035639,0.053227
0.047930,0.009782,-0.003655,0.374369,-0.316103,0.058363,0.255242,-0.028462,0.240070
0.047969,0.026130,0.023546,0.388288,-0.310276,0.101237,0.158827,-0.052479,0.177499
0.048008,0.032556,0.015517,0.402752,-0.331552,0.057509,0.136369,-0.033744,-0.075321
0.048047,0.015503,0.009718,0.387018,-0.349875,-0.001021,0.179141,-0.047939,-0.032254
0.048086,0.037388,0.011068,0.399116,-0.352752,-0.024573,0.177658,-0.046226,0.561208
0.048125,0.038501,0.015389,0.376190,-0.328004,0.003360,0.141844,-0.021804,0.415068
0.048164,0.023570,0.008578,0.371867,-0.331867,0.049404,0.163719,-0.028146,-0.390075
0.048203,0.052361,0.015307,0.372303,-0.349068,0.091543,0.174290,0.000132,0.322544
0.048242,0.045746,0.003869,0.391933,-0.358207,0.020888,0.189574,-0.060989,0.295132
0.048281,0.034998,0.007431,0.381784,-0.353885,-0.009161,0.152543,-0.041724,0.469020
0.048320,0.028486,0.025658,0.401073,-0.340838,-0.041150,0.132365,-0.038275,0.412129
0.048359,0.031832,0.004739,0.395977,-0.353603,0.006061,0.123530,-0.019173,0.190327
0.048398,0.027947,0.020158,0.361578,-0.388042,0.022132,0.139947,-0.052302,-0.172531
0.048438,0.042434,-0.002208,0.352401,-0.403092,0.094583,0.109151,-0.039471,0.502849
0.048477,0.028556,0.007902,0.394176,-0.373812,0.059588,0.110503,-0.028711,0.311654
0.048516,0.029504,0.027354,0.396599,-0.377637,-0.022641,0.108614,-0.034625,-0.499922
0.048555,0.035062,0.009821,0.388927,-0.417320,-0.018597,0.102904,-0.035617,-0.185133
0.048594,0.046434,0.014514,0.382708,-0.387240,-0.017853,0.134962,-0.043467,-0.783109
0.048633,0.023323,0.017748,0.386695,-0.387188,0.026850,0.088969,-0.030781,-0.464386
0.048672,0.038490,0.015059,0.399041,-0.424338,0.055070,0.111442,-0.031922,-0.121233
0.048711,0.027752,0.003981,0.382798,-0.435110,0.019229,0.090675,-0.016959,0.156365
0.048750,0.030422,0.003182,0.373566,-0.437379,0.019272,0.072372,-0.040690,-0.260960
0.048789,0.028119,0.010206,0.413716,-0.422166,-0.036909,0.068254,-0.012122,0.834096
0.048828,0.039923,0.016937,0.387153,-0.442294,0.010954,0.099288,-0.063399,0.065184
0.048867,0.027532,0.022106,0.373979,-0.413574,0.029400,0.049356,-0.007002,-0.397426
0.048906,0.039377,0.030061,0.366312,-0.430634,0.043151,0.085129,-0.054332,-0.137775
0.048945,0.031249,0.014352,0.376946,-0.423042,0.065849,-0.002064,-0.069182,0.110485
0.048984,0.042885,0.010986,0.406352,-0.448590,0.034550,0.042994,-0.026591,-0.320793
0.049023,0.036315,0.014403,0.374808,-0.431497,0.007587,0.031568,-0.028416,0.112844
0.049063,0.039447,0.007445,0.383963,-0.439350,-0.009896,0.007068,-0.039518,-0.020425
0.049102,0.033932,0.019500,0.380952,-0.439022,0.034875,0.003990,-0.049583,0.007130
0.049141,0.044727,0.013970,0.388820,-0.437877,0.038673,-0.031031,-0.050492,1.070193
0.049180,0.024043,0.015847,0.370606,-0.452214,0.020029,-0.054597,-0.061907,0.353513
0.049219,0.011572,0.018893,0.350459,-0.466882,-0.015770,-0.060945,-0.025024,-0.291778
0.049258,0.023838,0.012033,0.377106,-0.461101,-0.013911,-0.023821,-0.043209,-0.431609
0.049297,0.064688,0.016153,0.361309,-0.447355,0.014965,-0.079202,0.004207,0.771899
0.049336,0.049811,0.006063,0.372456,-0.465028,-0.011926,-0.064393,-0.025369,0.211362
0.049375,0.030204,0.007202,0.382745,-0.443477,0.044481,-0.043333,-0.044800,-0.214178
0.049414,0.028962,0.017344,0.391964,-0.457288,0.033888,-0.017979,-0.048118,-0.522047
0.049453,0.045217,0.006056,0.374047,-0.459337,0.014747,-0.066477,-0.011203,-0.321696
0.049492,0.039300,-0.000323,0.376429,-0.447067,0.037864,-0.045750,-0.010176,0.250608
0.049531,0.049896,0.004722,0.363270,-0.465714,-0.027107,-0.051649,-0.040965,-0.703696
0.049570,0.050882,0.020036,0.369487,-0.461271,0.016722,-0.062670,0.000376,1.417947
0.049609,0.045011,0.013964,0.378321,-0.471068,0.063375,-0.110276,-0.027205,0.010714
0.049648,0.046362,0.016884,0.359813,-0.491946,0.026290,-0.077987,-0.078053,-0.052827
0.049688,0.043200,0.009558,0.362845,-0.484530,0.019257,-0.137574,-0.023080,0.205270
0.049727,0.049478,0.028114,0.349522,-0.457977,0.009175,-0.121286,-0.054471,-0.167764
0.049766,0.042277,0.018860,0.372290,-0.469223,-0.003203,-0.105721,-0.044493,0.305664
0.049805,0.052712,0.017274,0.358240,-0.468533,0.025081,-0.145535,-0.055878,0.050058
0.049844,0.037874,0.013204,0.337915,-0.495240,0.016454,-0.155499,-0.037613,0.247865
0.049883,0.030930,-0.002497,0.368974,-0.499107,0.040419,-0.162217,-0.020056,0.414817
0.049922,0.030720,-0.000024,0.350354,-0.481322,0.024706,-0.163654,-0.025566,0.127688
0.049961,0.048921,0.014753,0.362234,-0.507448,-0.003721,-0.134203,-0.070628,0.076748
0.050000,0.051403,0.008364,0.337347,-0.524715,0.001303,-0.191936,-0.070763,0.152187
0.050039,0.067260,-0.002686,0.370207,-0.501390,-0.003517,-0.147442,-0.074356,-0.321739
0.050078,0.040394,0.021903,0.373062,-0.501409,0.025332,-0.183770,-0.084253,-0.379223
0.050117,0.024217,0.019635,0.389818,-0.491655,0.014796,-0.192091,-0.080246,0.270860
0.050156,0.021319,0.017770,0.345974,-0.505903,0.017026,-0.155943,-0.039239,0.299726
0.050195,0.048683,0.005782,0.356661,-0.479627,0.007584,-0.224881,-0.082681,0.087537
0.050234,0.042291,0.007278,0.333930,-0.515120,0.035331,-0.200685,-0.053101,-0.146412
0.050273,0.036802,0.008868,0.348920,-0.533674,0.045115,-0.162599,-0.047424,0.030995
0.050313,0.041094,-0.011809,0.337434,-0.468560,0.012942,-0.220592,-0.064271,-0.539531
0.050352,0.050828,0.014267,0.342305,-0.480568,0.014646,-0.249190,-0.063913,0.694665
0.050391,0.049600,0.008419,0.370360,-0.491886,0.018090,-0.227717,-0.082361,0.368810
0.050430,0.042829,0.015632,0.370182,-0.518111,-0.015864,-0.208726,-0.034551,0.346415
0.050469,0.059548,-0.003369,0.360989,-0.497134,0.024373,-0.271031,-0.062850,0.121125
0.050508,0.046035,0.016996,0.358665,-0.519624,0.026728,-0.270055,-0.028730,0.681277
0.050547,0.065267,0.004564,0.332246,-0.507794,0.019233,-0.290321,-0.054478,0.089477
0.050586,0.051629,0.011636,0.350248,-0.506168,0.026553,-0.327543,-0.080171,0.319265
0.050625,0.031336,0.018866,0.344078,-0.498411,-0.005909,-0.316847,-0.053328,0.199861
0.050664,0.054717,0.007423,0.357220,-0.501967,0.042722,-0.316614,-0.053727,0.035406
0.050703,0.049615,0.010632,0.356300,-0.512174,0.022136,-0.288475,-0.059047,0.775258
0.050742,0.042757,-0.001380,0.345274,-0.484129,0.074572,-0.274048,-0.075262,0.547478
0.050781,0.054400,0.003297,0.343792,-0.527956,0.009104,-0.271842,-0.097724,-0.214942
0.050820,0.044289,0.015992,0.328269,-0.502241,0.019931,-0.332348,-0.047156,0.499519
0.050859,0.045415,0.006859,0.322343,-0.482912,-0.029877,-0.312336,-0.028056,0.331333
0.050898,0.033197,0.014146,0.319501,-0.532243,-0.003319,-0.352706,-0.044316,0.744763
0.050937,0.043483,-0.002725,0.319020,-0.509542,-0.008117,-0.324878,-0.044859,0.620854
0.050977,0.052038,0.012185,0.327466,-0.540529,-0.032928,-0.313009,-0.065555,0.178655
0.051016,0.052097,0.021357,0.321961,-0.501793,0.001403,-0.385458,-0.077652,-0.284378
0.051055,0.052896,0.004143,0.345471,-0.503461,0.025156,-0.371493,-0.061204,-0.546351
0.051094,0.059019,0.008886,0.321540,-0.507912,0.030399,-0.374732,-0.079715,-0.221120
0.051133,0.054761,0.006499,0.325353,-0.501945,-0.034541,-0.394474,-0.069271,-0.172084
0.051172,0.043307,0.014714,0.317942,-0.488788,0.028020,-0.383508,-0.035263,0.217620
0.051211,0.053609,0.012074,0.326221,-0.498889,-0.018926,-0.392786,-0.072760,-0.434594
0.051250,0.040398,0.018927,0.316408,-0.513771,0.020062,-0.327552,-0.053606,0.334453
0.051289,0.053205,0.005168,0.298130,-0.509330,0.013429,-0.395244,-0.045165,0.351275
0.051328,0.035416,-0.003320,0.292976,-0.497284,-0.005832,-0.342156,-0.066769,-0.020876
0.051367,0.039850,0.001555,0.331390,-0.490883,0.036564,-0.412629,-0.074270,0.409774
0.051406,0.049522,0.023059,0.320365,-0.525678,0.012318,-0.422918,-0.043301,-0.134147
0.051445,0.055203,-0.001870,0.328800,-0.499385,-0.007746,-0.457842,-0.048917,-0.030958
0.051484,0.054953,0.013963,0.323089,-0.501714,0.001370,-0.410496,-0.068595,0.493197
0.051523,0.054066,0.003128,0.323128,-0.507425,0.001320,-0.486839,-0.053656,0.510664
0.051562,0.055017,0.002947,0.302250,-0.512049,0.006385,-0.417845,0.097485,0.582105
0.051602,0.056158,0.021448,0.326313,-0.501718,0.008228,-0.481575,0.138726,0.269796
0.051641,0.054735,0.006550,0.331050,-0.508183,0.021986,-0.415505,0.093367,-0.262855
0.051680,0.048679,0.022614,0.307791,-0.515366,-0.016496,-0.423695,-0.017182,-0.041733
0.051719,0.051679,0.005851,0.301978,-0.543489,0.023404,-0.452191,-0.164848,-0.500111
0.051758,0.059486,0.011074,0.286966,-0.520150,0.016023,-0.504225,-0.258887,0.090568
0.051797,0.035192,0.021028,0.301252,-0.512423,0.012957,-0.559733,-0.184568,0.372352
0.051836,0.052546,0.000390,0.307815,-0.487761,0.002513,-0.460606,-0.112811,-0.026611
0.051875,0.046463,0.008510,0.291098,-0.526219,-0.019601,-0.532698,0.014314,0.136166
0.051914,0.037699,0.021510,0.289748,-0.521365,0.001433,-0.514247,0.093984,-0.325041
0.051953,0.040460,0.007183,0.303335,-0.514284,-0.004717,-0.487608,0.044593,0.337427
0.051992,0.048045,-0.008070,0.297529,-0.511323,-0.014478,-0.477662,-0.034348,-0.776483
0.052031,0.050956,-0.014821,0.311166,-0.490088,0.015634,-0.507399,-0.118644,-0.055759
0.052070,0.034504,-0.000082,0.275096,-0.506729,0.009532,-0.456507,-0.171319,0.134582
0.052109,0.054994,-0.006607,0.282554,-0.510475,-0.014324,-0.424147,-0.176756,-0.502679
0.052148,0.057563,0.001418,0.291625,-0.481662,-0.001051,-0.453408,-0.076269,-0.063933
0.052187,0.030490,0.007639,0.267677,-0.507861,-0.022570,-0.479503,-0.008368,0.091015
0.052227,0.052273,-0.000066,0.278317,-0.526770,0.053244,-0.538229,0.032735,-0.124478
0.052266,0.057535,0.005117,0.279601,-0.515486,0.017332,-0.498705,0.025804,0.718907
0.052305,0.017913,-0.006402,0.267930,-0.479247,0.018844,-0.481337,-0.020305,-0.227924
0.052344,0.056117,0.007455,0.289782,-0.515415,-0.000440,-0.479001,-0.113943,-0.090022
0.052383,0.047009,0.020886,0.278489,-0.537302,0.026089,-0.524978,-0.153312,-0.399323
0.052422,0.042514,0.007504,0.282272,-0.499260,0.002063,-0.567586,-0.178623,-0.468236
0.052461,0.058600,-0.002643,0.288245,-0.487579,-0.009926,-0.470767,-0.158930,-0.006592
0.052500,0.037389,0.002538,0.268153,-0.505281,-0.025018,-0.556149,-0.054271,0.130472
0.052539,0.051114,0.003390,0.280707,-0.502099,0.025848,-0.578402,0.002417,-0.662125
0.052578,0.045817,0.017038,0.254601,-0.501353,0.011592,-0.589901,0.008992,-0.238186
0.052617,0.034719,0.004750,0.275762,-0.491359,0.007571,-0.603165,-0.020897,-0.203463
0.052656,0.059820,-0.010252,0.263384,-0.511471,0.007119,-0.553600,-0.072236,-0.122381
0.052695,0.042243,0.011777,0.265775,-0.510458,0.017546,-0.555944,-0.131705,-0.036376
0.052734,0.044190,0.007048,0.270834,-0.512943,0.000410,-0.498954,-0.137144,-0.275091
0.052773,0.049201,-0.000812,0.267183,-0.488186,-0.029312,-0.595891,-0.133349,-0.085377
0.052812,0.037856,0.007687,0.261136,-0.503171,0.026274,-0.519294,-0.090437,-0.580070
0.052852,0.040489,-0.006072,0.245238,-0.498556,0.013562,-0.570230,-0.044844,-0.813417
0.052891,0.055176,-0.001040,0.242894,-0.506726,0.012544,-0.595834,-0.050570,-0.320268
0.052930,0.049822,0.003018,0.239865,-0.497942,0.005115,-0.607488,-0.010351,-0.019413
0.052969,0.043423,0.010616,0.241824,-0.480825,0.044220,-0.612320,-0.074958,0.090297
0.053008,0.053114,0.000114,0.255105,-0.484093,0.005430,-0.623379,-0.104154,0.397043
0.053047,0.047120,-0.012394,0.237425,-0.511948,0.007840,-0.586833,-0.117239,0.190543
0.053086,0.030702,-0.009722,0.221429,-0.484976,-0.008671,-0.620420,-0.127930,-0.474216
0.053125,0.032967,0.001804,0.243479,-0.472097,0.043425,-0.578899,-0.085140,-0.305205
0.053164,0.035558,0.008944,0.252109,-0.470005,-0.008070,-0.527443,-0.044194,-0.640262
0.053203,0.044156,0.001686,0.239736,-0.460028,0.003669,-0.561163,-0.007653,-0.005323
0.053242,0.045253,0.005126,0.225315,-0.478312,0.025686,-0.562392,-0.015860,0.047383
0.053281,0.034349,0.016653,0.250784,-0.472594,-0.028105,-0.593892,-0.013520,-0.405637
0.053320,0.036722,-0.005472,0.248382,-0.488127,0.037391,-0.563505,-0.075784,-0.563481
0.053359,0.040187,-0.007165,0.234686,-0.464112,0.009843,-0.473327,-0.088839,-0.224127
0.053398,0.040692,-0.010330,0.235141,-0.480771,-0.041903,-0.551791,-0.101829,-0.597393
0.053437,0.045178,0.009476,0.221707,-0.473182,0.013392,-0.576186,-0.079460,-0.326149
0.053477,0.032971,-0.002969,0.237689,-0.469419,0.027399,-0.606996,-0.055820,-0.750379
0.053516,0.031787,-0.007548,0.223441,-0.480804,-0.001143,-0.574413,-0.040135,0.217634
0.053555,0.035403,0.016744,0.230891,-0.486275,0.009535,-0.599668,-0.061357,0.134011
0.053594,0.047058,0.006197,0.205091,-0.470788,0.040586,-0.526566,-0.083995,-0.260111
0.053633,0.035486,-0.009522,0.220076,-0.499068,0.005019,-0.509197,-0.078755,-0.437823
0.053672,0.043645,-0.016899,0.223441,-0.457081,0.032184,-0.571165,-0.091185,-0.786621
0.053711,0.019343,0.006005,0.213609,-0.477943,0.010523,-0.543529,-0.109825,-0.133224
0.053750,0.054940,-0.020011,0.222557,-0.446761,0.006954,-0.556935,-0.119164,-0.305106
0.053789,0.030245,0.006985,0.200554,-0.494360,-0.006294,-0.534641,-0.077104,-0.715866
0.053828,0.027532,-0.014089,0.208270,-0.472522,-0.025881,-0.563386,-0.083621,-0.899105
0.053867,0.035508,-0.018630,0.214190,-0.468397,0.013961,-0.538493,-0.038213,-0.055503
0.053906,0.027763,-0.002017,0.199730,-0.474988,0.017298,-0.558727,-0.044349,-0.634621
0.053945,0.025227,-0.003556,0.184880,-0.472459,-0.004579,-0.560365,-0.111443,0.730549
0.053984,0.018215,0.003112,0.195235,-0.470893,0.032005,-0.441669,-0.067331,0.208725
0.054023,0.039492,-0.007675,0.202274,-0.448221,-0.006751,-0.564084,-0.103316,0.172926
0.054062,0.038641,-0.011519,0.198107,-0.486099,-0.018531,-0.485349,-0.117481,-0.740059
0.054102,0.042207,0.005821,0.195774,-0.466636,-0.023461,-0.484735,-0.080383,0.083709
0.054141,0.035018,-0.003976,0.209025,-0.467659,-0.003196,-0.444770,-0.081418,-0.526179
0.054180,0.045108,-0.014623,0.170142,-0.464108,0.052768,-0.529507,-0.075332,-0.593330
0.054219,0.027965,-0.007532,0.188383,-0.450019,-0.035639,-0.508666,-0.054705,-0.433770
0.054258,0.027817,-0.000194,0.193627,-0.463151,0.004551,-0.547156,-0.083523,-0.306796
0.054297,0.041962,0.000505,0.213071,-0.477950,0.014656,-0.509189,-0.059048,-0.358982
0.054336,0.014907,-0.001389,0.178953,-0.466433,0.007201,-0.470567,-0.102715,-0.167883
0.054375,0.045158,-0.008830,0.186161,-0.451372,0.021333,-0.495990,-0.069494,-0.043230
0.054414,0.034776,-0.002185,0.168363,-0.473454,-0.010745,-0.522945,-0.063425,-0.280054
0.054453,0.027528,-0.010040,0.176821,-0.440015,0.007443,-0.459152,-0.079186,-0.359761
0.054492,0.012476,-0.010178,0.164077,-0.459535,0.002458,-0.472335,-0.047281,-0.731741
0.054531,0.017917,-0.006886,0.170125,-0.440057,0.020479,-0.476421,-0.041514,-0.688030
0.054570,0.040683,-0.012159,0.163157,-0.452878,0.008207,-0.457932,-0.092788,0.318699
0.054609,0.018565,0.000096,0.160930,-0.462055,0.046235,-0.498874,-0.082521,-0.381368
0.054648,0.033750,-0.008035,0.171233,-0.439193,0.030026,-0.438697,-0.091978,0.194594
0.054688,0.019946,-0.017376,0.176162,-0.454088,-0.006575,-0.427830,-0.061190,0.061886
0.054727,0.030064,-0.012797,0.157032,-0.436075,0.026596,-0.495097,-0.101409,-0.237257
0.054766,0.029224,-0.013629,0.140472,-0.446718,-0.022609,-0.441772,-0.058583,-0.064147
0.054805,0.044418,-0.008066,0.162987,-0.434714,0.011064,-0.429089,-0.068393,0.054635
0.054844,0.018010,-0.005647,0.168398,-0.433004,0.011406,-0.458775,-0.047692,-0.028321
0.054883,0.033856,-0.024857,0.145994,-0.442597,0.010870,-0.455770,-0.070463,-0.186842
0.054922,0.019458,-0.003083,0.137843,-0.451382,-0.019580,-0.404485,-0.068407,0.241993
0.054961,0.010553,-0.005560,0.164709,-0.443174,0.007949,-0.373484,-0.100243,-0.289811
0.055000,0.026457,-0.016087,0.151384,-0.456512,-0.019094,-0.400623,-0.079242,0.744662
0.055039,0.005783,-0.008185,0.144770,-0.438133,0.016501,-0.458017,-0.070803,0.024230
0.055078,0.015701,-0.007193,0.157197,-0.437179,0.012431,-0.441958,-0.036739,-0.431603
0.055117,0.029708,-0.011313,0.131315,-0.422094,0.002832,-0.438829,-0.055719,-0.443634
0.055156,0.027153,0.007000,0.157500,-0.417420,-0.009377,-0.411935,-0.058777,0.255497
0.055195,0.012450,-0.014743,0.149998,-0.407764,0.011697,-0.327053,-0.054600,-0.184864
0.055234,0.045830,-0.014164,0.140254,-0.424453,0.005826,-0.478937,-0.050047,0.255277
0.055273,0.020203,-0.003851,0.118984,-0.425219,-0.009360,-0.346685,-0.097000,0.176410
0.055313,0.027227,0.001571,0.133543,-0.413517,-0.000304,-0.341325,-0.113283,0.381561
0.055352,0.002247,-0.001714,0.120424,-0.430399,0.009670,-0.383080,-0.056040,0.519469
0.055391,0.011877,-0.007888,0.128441,-0.416826,0.006105,-0.417435,-0.061769,0.212676
0.055430,0.027473,-0.027123,0.144696,-0.392257,0.011769,-0.372984,-0.074167,-0.176980
0.055469,0.029071,0.007389,0.128346,-0.416986,0.002509,-0.327264,-0.086085,-0.136718
0.055508,0.024593,-0.016829,0.122002,-0.389857,0.015617,-0.401953,-0.068447,-0.156432
0.055547,0.011592,-0.005908,0.108141,-0.419314,0.028023,-0.341835,-0.078952,-0.665750
0.055586,0.029500,-0.017530,0.126882,-0.409979,-0.000867,-0.292509,-0.085398,0.085396
0.055625,0.019419,-0.004913,0.121969,-0.429273,0.021392,-0.319195,-0.092277,-0.090827
0.055664,0.025627,0.000338,0.085738,-0.357874,0.055505,-0.366955,-0.062497,0.107329
0.055703,0.012557,-0.005433,0.099300,-0.400837,1.007526,-0.395549,-0.061049,0.406475
0.055742,0.011995,-0.017524,0.096145,-0.372513,0.946781,-0.330578,-0.035565,-0.668570
0.055781,0.012581,-0.025138,0.094182,-0.384188,0.007365,-0.379683,-0.028643,0.278694
0.055820,0.012092,-0.007863,0.116245,-0.369648,-0.948727,-0.319797,-0.075112,-0.070181
0.055859,0.009998,-0.012183,0.088737,-0.372461,-0.914803,-0.349925,-0.047245,0.064823
0.055898,0.017621,-0.018299,0.100094,-0.382329,-0.050780,-0.342415,-0.059153,-0.173596
0.055938,0.023769,-0.023861,0.120826,-0.373356,0.832388,-0.329341,-0.043747,-0.243380
0.055977,0.019424,-0.022646,0.100595,-0.388583,0.788680,-0.340043,-0.058593,-0.309003
0.056016,0.021989,-0.012964,0.098978,-0.357295,0.062415,-0.268099,-0.047315,-0.225399
0.056055,0.006721,-0.013489,0.099484,-0.353495,-0.711746,-0.272878,-0.054531,0.045482
0.056094,0.015868,-0.004844,0.081728,-0.355042,-0.756614,-0.272215,-0.060043,0.265268
0.056133,-0.008685,-0.003428,0.077990,-0.377683,-0.133504,-0.289670,-0.048884,0.368295
0.056172,0.006756,-0.004207,0.072385,-0.362577,0.633262,-0.323288,-0.068293,0.417848
0.056211,0.014067,-0.032510,0.082478,-0.382140,0.695660,-0.298066,-0.017040,1.149960
0.056250,0.005459,-0.002169,0.071268,-0.340011,0.158145,-0.280578,-0.076221,0.119427
0.056289,0.001225,-0.034981,0.070238,-0.334270,-0.527265,-0.301796,-0.091529,0.002786
0.056328,0.010242,-0.006332,0.074175,-0.356076,-0.660927,-0.254224,-0.007338,-0.431196
0.056367,-0.000853,-0.007591,0.046412,-0.340307,-0.164621,-0.272191,-0.015385,-0.164796
0.056406,0.005052,-0.018734,0.083923,-0.327539,0.461303,-0.258474,-0.025011,0.318841
0.056445,0.022119,-0.002056,0.068208,-0.369750,0.584688,-0.238504,-0.078620,-0.085036
0.056484,0.019992,-0.030556,0.077473,-0.324637,0.187673,-0.276151,-0.040029,-0.477746
0.056523,0.007161,-0.025226,0.066800,-0.346834,-0.407469,-0.321093,-0.064998,0.339117
0.056563,0.023874,-0.015758,0.037229,-0.324554,-0.551619,-0.246067,-0.008904,0.021831
0.056602,0.001752,-0.016295,0.064954,-0.315113,-0.169947,-0.269490,-0.088689,-0.010468
0.056641,0.013136,-0.025424,0.055485,-0.336221,0.352027,-0.192229,-0.077028,-0.129707
0.056680,0.011044,-0.021967,0.072754,-0.302368,0.524829,-0.321578,-0.075569,-0.055842
0.056719,0.002977,-0.012938,0.054333,-0.305679,0.192565,-0.240503,-0.054972,-0.013340
0.056758,0.011505,-0.032814,0.058393,-0.305300,-0.280655,-0.256883,-0.073095,-0.228275
0.056797,0.002665,-0.015716,0.043044,-0.289234,-0.470788,-0.227394,-0.064801,-0.101380
0.056836,0.013630,-0.017991,0.055113,-0.261887,-0.194775,-0.211395,-0.041212,-0.203735
0.056875,0.000517,-0.012976,0.031116,-0.311357,0.239927,-0.302334,-0.051814,0.144280
0.056914,-0.004874,-0.016271,0.050508,-0.315030,0.395326,-0.227565,-0.052895,-0.080949
0.056953,0.023491,-0.006713,0.026556,-0.264495,0.207788,-0.253234,-0.067257,0.107725
0.056992,-0.007684,-0.017183,0.051540,-0.292600,-0.257394,-0.250883,-0.057153,0.400660
0.057031,0.013191,-0.016904,0.035194,-0.286090,-0.389470,-0.255002,-0.041846,-0.669932
0.057070,0.009458,-0.032548,0.056945,-0.252570,-0.178024,-0.205347,-0.056244,0.111599
0.057109,0.014379,-0.032460,0.021291,-0.294240,0.180598,-0.200812,-0.046580,0.434993
0.057148,-0.004738,-0.028927,0.027131,-0.263738,0.366475,-0.204658,-0.062410,-0.062093
0.057188,-0.017561,-0.020059,0.023375,-0.278745,0.199024,-0.219869,-0.050287,-0.692788
0.057227,0.004307,-0.013990,0.031644,-0.252244,-0.179533,-0.255272,-0.058071,0.009915
0.057266,0.015280,-0.017855,0.038708,-0.244394,-0.299023,-0.267932,-0.059675,-0.222716
0.057305,0.004282,-0.013776,0.038575,-0.253933,-0.184635,-0.234953,-0.030842,0.142412
0.057344,0.021633,0.010969,0.017019,-0.218347,0.097723,-0.221056,-0.033308,0.044739
0.057383,0.007074,-0.020174,0.014892,-0.244889,0.260644,-0.194343,-0.078369,0.385770
0.057422,0.014928,-0.013436,0.022712,-0.271839,0.158252,-0.171617,-0.041952,0.433141
0.057461,0.008821,-0.016042,0.023258,-0.239316,-0.070685,-0.223677,-0.043620,0.493175
0.057500,0.011155,-0.017474,-0.002723,-0.234454,-0.269543,-0.175347,-0.023716,-0.589575
0.057539,0.004047,-0.017750,0.026448,-0.220423,-0.194656,-0.211000,-0.047379,-0.001908
0.057578,0.000111,-0.018049,0.014495,-0.201907,0.071281,-0.210166,-0.064658,-0.031738
0.057617,0.005420,-0.018134,0.011325,-0.220977,0.183227,-0.199666,-0.032732,-0.283391
0.057656,0.000979,-0.022883,-0.018208,-0.188135,0.129950,-0.225945,-0.067036,-0.886966
0.057695,-0.001781,-0.014341,0.015178,-0.192262,-0.095378,-0.166573,-0.039981,0.471379
0.057734,0.021128,-0.022595,-0.004530,-0.208145,-0.194860,-0.147317,-0.064104,-0.075042
0.057773,0.010346,-0.008010,-0.018958,-0.185774,-0.152722,-0.213236,-0.061634,0.252464
0.057813,0.005906,-0.007730,0.017982,-0.186890,0.026677,-0.174906,-0.094515,0.109160
0.057852,0.004378,-0.025007,0.005897,-0.190228,0.143128,-0.158546,-0.052274,0.058597
0.057891,0.006035,-0.027596,-0.025866,-0.141341,0.104305,-0.232865,-0.029425,0.055857
0.057930,0.022089,-0.026557,-0.012905,-0.174336,-0.057368,-0.161643,-0.058864,0.167945
0.057969,0.009380,-0.009802,-0.000512,-0.160540,-0.187657,-0.252640,-0.049814,0.245916
0.058008,-0.008065,-0.017485,-0.019712,-0.160397,-0.155094,-0.211627,-0.017038,-0.218889
0.058047,-0.002603,-0.015030,-0.027567,-0.164127,-0.019402,-0.185459,-0.021069,0.041577
0.058086,-0.006121,-0.013288,-0.015916,-0.161994,0.158085,-0.157927,-0.050397,0.344882
0.058125,0.007864,-0.024841,-0.014660,-0.132173,0.116698,-0.206726,-0.036241,0.043716
0.058164,0.022197,-0.020374,-0.014132,-0.129073,0.010867,-0.212052,-0.042386,0.564243
0.058203,0.007911,-0.009690,-0.028621,-0.113787,-0.136956,-0.188222,-0.048251,-0.245141
0.058242,-0.000895,-0.011823,-0.010094,-0.121475,-0.144115,-0.191991,-0.007601,0.455179
0.058281,0.018155,-0.018902,-0.030825,-0.124235,-0.045635,-0.219488,-0.036607,-0.614146
0.058320,0.000166,-0.022094,-0.029830,-0.109236,0.106346,-0.171675,-0.048023,-0.592326
0.058359,0.002927,-0.014251,-0.020514,-0.089951,0.131460,-0.167908,-0.063923,0.086602
0.058398,-0.001078,-0.025045,-0.035553,-0.130564,0.002334,-0.190441,-0.020031,0.435089
0.058438,0.001319,-0.014329,-0.048891,-0.120019,-0.093941,-0.234159,-0.066611,-0.047171
0.058477,0.004844,-0.025775,-0.026796,-0.124515,-0.143689,-0.265702,-0.043640,0.929473
0.058516,0.012486,-0.010216,-0.054321,-0.088080,-0.000531,-0.202225,-0.052052,1.104951
0.058555,0.011592,-0.021322,-0.032046,-0.083440,0.043174,-0.245106,-0.053414,0.139143
0.058594,0.019565,-0.008299,-0.062906,-0.084624,0.093256,-0.236781,-0.046710,0.567663
0.058633,0.021204,-0.017304,-0.055252,-0.067297,-0.020475,-0.207240,-0.048912,0.482965
0.058672,0.007822,-0.003316,-0.036033,-0.055273,-0.149537,-0.213394,-0.002239,-0.061361
0.058711,-0.001757,-0.014752,-0.056935,-0.062302,-0.135574,-0.166131,-0.030049,0.432421
0.058750,0.012914,-0.009033,-0.057707,-0.054819,-0.037991,-0.214811,-0.039330,-0.353462
0.058789,-0.007778,0.003346,-0.034543,-0.033287,0.058675,-0.232785,-0.075430,-0.378320
0.058828,-0.004433,-0.006751,-0.058618,-0.063077,0.074750,-0.216619,-0.053282,0.019845
0.058867,0.010236,-0.011595,-0.056839,-0.066334,-0.036547,-0.212854,-0.008500,-0.300477
0.058906,-0.006932,-0.032729,-0.089311,-0.018216,-0.089764,-0.239749,-0.025597,0.094323
0.058945,-0.001568,-0.021378,-0.038947,-0.025078,-0.095885,-0.252541,-0.038660,-0.038891
0.058984,0.005642,-0.009982,-0.072781,0.012415,-0.013369,-0.266003,-0.046301,0.398909
0.059023,0.003809,-0.012238,-0.059441,-0.009588,0.033306,-0.241780,-0.052705,0.238538
0.059062,0.013261,-0.000116,-0.076452,0.001084,0.052718,-0.253400,0.031506,0.509212
0.059102,0.015772,-0.022359,-0.055148,0.009178,0.020193,-0.268938,0.104316,-0.105527
0.059141,0.002329,0.009907,-0.087965,0.004874,-0.057132,-0.219292,0.098636,-0.437514
0.059180,0.014962,-0.015084,-0.060637,-0.003460,-0.057454,-0.218477,0.040174,0.353762
0.059219,0.017831,-0.020056,-0.077903,0.019483,-0.060471,-0.236369,-0.048630,-0.341154
0.059258,0.016030,0.001746,-0.065899,-0.006047,0.024688,-0.223673,-0.145400,-0.101437
0.059297,0.019493,-0.020636,-0.082941,0.043811,-0.003039,-0.280972,-0.135662,0.086567
0.059336,0.009437,-0.005732,-0.087955,0.018184,-0.026198,-0.261154,-0.097369,0.292669
0.059375,0.025160,-0.018694,-0.089430,0.029758,-0.076652,-0.237585,0.007662,-0.400749
0.059414,-0.012233,-0.017421,-0.124637,0.066463,-0.079132,-0.294546,0.076136,-0.479199
0.059453,0.000112,-0.009163,-0.112109,0.038397,-0.069960,-0.322868,0.106546,-0.525011
0.059492,0.004405,-0.007208,-0.099277,0.054262,-0.019032,-0.280934,0.029958,0.356129
0.059531,0.019307,-0.005416,-0.112644,0.076322,0.027296,-0.246907,-0.030657,0.394867
0.059570,0.005939,-0.013815,-0.067572,0.075385,0.024527,-0.259368,-0.075131,-0.005399
0.059609,0.008164,-0.034718,-0.101708,0.062111,-0.040453,-0.253711,-0.111324,0.545449
0.059648,-0.013209,-0.009720,-0.091326,0.093669,-0.069568,-0.315321,-0.082182,0.227399
0.059687,0.001007,-0.006727,-0.088394,0.102343,-0.038080,-0.273782,-0.033398,0.253820
0.059727,0.004362,-0.014691,-0.076396,0.073400,-0.016430,-0.300478,0.059869,-0.131341
0.059766,0.004497,-0.004951,-0.121366,0.133791,0.041705,-0.299253,0.032206,0.329459
0.059805,0.004516,-0.019367,-0.100353,0.100651,-0.028992,-0.260023,0.049473,0.017237
0.059844,0.004102,-0.012146,-0.096179,0.136888,-0.083802,-0.289448,-0.026359,-0.627944
0.059883,-0.008885,-0.008162,-0.117067,0.145944,-0.010778,-0.277744,-0.040165,-0.773246
0.059922,0.007227,-0.028668,-0.123112,0.089636,-0.036777,-0.263075,-0.081676,0.079179
0.059961,0.011073,-0.022211,-0.122193,0.126557,0.024104,-0.297832,-0.060150,-0.223469
0.060000,0.013795,-0.011726,-0.100769,0.130439,0.014920,-0.277599,-0.015211,0.005150
0.060039,0.006211,-0.006352,-0.102849,0.154693,-0.023244,-0.250262,0.042725,-0.276368
0.060078,-0.008005,-0.009962,-0.113757,0.148031,-0.031301,-0.329229,0.032098,-0.391095
0.060117,0.005051,-0.017009,-0.121595,0.144620,-0.043612,-0.335978,0.019316,-0.222967
0.060156,-0.002533,-0.021396,-0.098029,0.149098,-0.055339,-0.315505,-0.001480,-0.090993
0.060195,-0.000513,-0.018187,-0.122753,0.154187,-0.039959,-0.348345,-0.052222,0.223300
0.060234,-0.006824,-0.018307,-0.143829,0.184962,-0.011568,-0.321849,-0.062751,-0.270742
0.060273,0.008633,-0.016666,-0.116781,0.149566,-0.000358,-0.348893,-0.056648,0.307544
0.060312,0.014186,-0.022340,-0.140985,0.192636,-0.037224,-0.274915,-0.064951,-0.391557
0.060352,0.003806,-0.023106,-0.121749,0.190794,-0.040991,-0.345024,-0.007581,-0.706856
0.060391,0.016824,-0.012089,-0.125327,0.159638,-0.041709,-0.312686,0.017618,-0.826759
0.060430,0.011677,-0.028724,-0.142206,0.193930,-0.034580,-0.347115,0.023737,0.114422
0.060469,0.010215,-0.018320,-0.130187,0.244186,-0.008350,-0.322597,0.006227,-0.385129
0.060508,0.002019,-0.027232,-0.141761,0.216237,0.020102,-0.279857,-0.020720,0.093077
0.060547,0.015145,-0.019729,-0.130902,0.246215,0.002399,-0.307809,-0.052401,0.101212
0.060586,0.012814,-0.019166,-0.148645,0.209459,-0.075287,-0.364101,-0.066533,-1.129720
0.060625,0.029255,-0.007501,-0.151141,0.230977,-0.081901,-0.320732,-0.036900,0.085514
0.060664,0.008428,-0.033795,-0.171748,0.237799,-0.035653,-0.362462,0.008305,-0.302542
0.060703,0.014196,-0.015154,-0.150034,0.241909,0.012480,-0.382082,0.019670,-0.049835
0.060742,0.019903,-0.021707,-0.139594,0.245939,-0.018732,-0.311212,0.048692,-0.772297
0.060781,-0.000908,-0.023777,-0.166887,0.270519,-0.048341,-0.370279,-0.008226,-0.643967
0.060820,0.015973,0.002732,-0.160312,0.259020,-0.073164,-0.359962,-0.010390,-0.609504
0.060859,0.021094,-0.003616,-0.167452,0.271716,-0.072743,-0.363939,-0.041017,-0.580176
0.060898,0.003504,-0.009802,-0.143047,0.282943,-0.059340,-0.386937,-0.034587,-0.552205
0.060937,0.006901,-0.034409,-0.175327,0.262954,-0.005372,-0.374882,-0.027792,0.282381
0.060977,0.012656,-0.016756,-0.176166,0.278630,-0.011676,-0.330834,0.010911,-0.641513
0.061016,0.009914,-0.023437,-0.171456,0.283656,-0.045175,-0.352503,0.035909,-0.820012
0.061055,0.009484,-0.015231,-0.167581,0.268410,-0.044627,-0.377326,0.024379,-0.401894
0.061094,0.015872,-0.031270,-0.165059,0.277755,-0.056124,-0.364617,-0.004586,-0.229999
0.061133,0.002731,-0.024452,-0.186069,0.340414,-0.035441,-0.353674,0.000923,-0.527967
0.061172,0.022569,-0.015982,-0.164944,0.294049,-0.020303,-0.349830,-0.054202,-0.733728
0.061211,0.009349,-0.029485,-0.213983,0.305226,-0.000628,-0.301528,-0.020073,0.440000
0.061250,-0.000808,-0.021155,-0.200264,0.341045,-0.084706,-0.353882,-0.047881,0.254823
0.061289,-0.000182,-0.025067,-0.179991,0.313841,-0.060270,-0.335093,-0.038895,-0.270241
0.061328,0.012718,-0.023777,-0.184836,0.340982,-0.062687,-0.362566,-0.000066,0.120507
0.061367,-0.007311,-0.006841,-0.200034,0.319651,-0.046365,-0.303036,-0.009781,-0.272773
0.061406,-0.003094,-0.009325,-0.186516,0.337726,-0.012899,-0.405140,-0.006819,0.131610
0.061445,0.031524,-0.012779,-0.206849,0.356514,-0.020694,-0.351395,-0.029337,-0.104875
0.061484,0.024208,-0.007853,-0.196474,0.346202,-0.073642,-0.341172,-0.030586,-0.297963
0.061523,0.024600,-0.028843,-0.200360,0.384260,-0.060670,-0.352711,-0.020362,-0.248616
0.061562,0.019150,-0.038737,-0.200097,0.322164,-0.051322,-0.367946,-0.032019,-0.093828
0.061602,0.001391,-0.015420,-0.191320,0.370145,-0.059488,-0.393974,0.003966,-0.546034
0.061641,0.010073,-0.012082,-0.199548,0.345394,-0.034691,-0.352846,0.005691,-0.529618
0.061680,0.004958,-0.016903,-0.179547,0.400202,-0.050697,-0.367812,0.022044,0.038224
0.061719,0.015451,-0.018291,-0.198961,0.400491,-0.060709,-0.373690,-0.001955,0.020254
0.061758,0.003517,-0.020363,-0.210609,0.372702,-0.072810,-0.389629,0.006534,-0.849352
0.061797,0.008279,-0.010852,-0.222483,0.382597,-0.043333,-0.411959,-0.009317,-0.692555
0.061836,0.002253,-0.004304,-0.220546,0.382502,-0.055564,-0.327105,-0.036253,-0.135673
0.061875,-0.000357,-0.010377,-0.207776,0.405171,-0.066201,-0.343597,-0.007247,-0.137791
0.061914,0.033365,-0.013789,-0.202424,0.397961,-0.047614,-0.405248,0.006611,-0.360919
0.061953,0.006840,-0.032414,-0.218177,0.382718,-0.045910,-0.390403,-0.003924,-0.776058
0.061992,0.021015,-0.027648,-0.235311,0.394762,-0.029744,-0.321545,0.018658,0.001455
0.062031,0.000709,-0.023487,-0.241522,0.405955,-0.112867,-0.397569,0.004569,-1.044486
0.062070,0.002955,-0.029167,-0.222895,0.394485,-0.046831,-0.421594,0.001865,-0.003954
0.062109,0.007662,-0.018486,-0.216560,0.423863,-0.055029,-0.414790,0.016695,-0.300937
0.062148,-0.008641,-0.026829,-0.209147,0.406142,-0.076930,-0.375019,-0.001670,-0.756947
0.062187,0.015047,-0.028509,-0.228114,0.397609,-0.078379,-0.389154,0.001023,-0.613355
0.062227,0.002526,-0.023429,-0.213772,0.429797,-0.042691,-0.374212,0.026591,-1.051623
0.062266,0.009269,-0.016080,-0.233903,0.428348,-0.077879,-0.391448,0.001554,-0.530983
0.062305,0.009444,-0.031809,-0.209865,0.451654,-0.058255,-0.380791,0.034233,0.128993
0.062344,0.020046,-0.021862,-0.241826,0.431413,-0.042476,-0.365988,-0.018131,-0.399326
0.062383,-0.001098,-0.031359,-0.235997,0.416830,-0.019355,-0.375570,-0.002714,-0.813800
0.062422,-0.001169,-0.006294,-0.251046,0.415277,-0.075846,-0.362554,-0.014411,-0.233366
0.062461,0.001799,-0.013066,-0.254639,0.434507,-0.072010,-0.386221,0.025022,-0.643459
0.062500,-0.005446,-0.028789,-0.232692,0.472320,-0.055743,-0.364763,-0.023174,-0.138116
0.062539,0.004548,-0.023419,-0.221203,0.440052,-0.042373,-0.424386,0.014622,-0.533637
0.062578,-0.006776,-0.021944,-0.256642,0.484273,-0.011670,-0.399619,0.021804,-0.402781
0.062617,-0.017938,-0.030222,-0.238101,0.465409,-0.042376,-0.345965,0.018521,-0.624911
0.062656,-0.006990,-0.019339,-0.255349,0.467180,-0.011045,-0.382778,0.006300,-0.263459
0.062695,0.009046,-0.030605,-0.239760,0.453476,-0.058585,-0.360916,0.022186,0.336490
0.062734,-0.001687,-0.023016,-0.278778,0.466319,-0.034958,-0.374036,0.016215,0.052065
0.062773,-0.007238,-0.018267,-0.254092,0.436380,-0.030755,-0.427892,0.032517,0.090187
0.062812,-0.015681,-0.021346,-0.246743,0.466601,-0.062448,-0.389734,-0.009710,0.709707
0.062852,0.013783,-0.042017,-0.284918,0.450483,-0.049475,-0.362001,0.041033,0.228440
0.062891,-0.010884,-0.031417,-0.245138,0.438702,-0.078693,-0.424258,0.013567,-0.221202
0.062930,0.004105,-0.015831,-0.259928,0.472625,-0.068931,-0.356673,0.002893,0.293291
0.062969,-0.002244,-0.031511,-0.263157,0.471603,-0.053355,-0.400809,0.005095,-0.188376
0.063008,-0.020863,-0.033929,-0.269031,0.461393,-0.044269,-0.422379,0.031083,0.700697
0.063047,-0.019256,-0.026398,-0.277838,0.466961,-0.067013,-0.355399,-0.001286,-0.845580
0.063086,0.007148,-0.033205,-0.297035,0.462366,-0.037811,-0.375025,0.010839,-0.583468
0.063125,-0.007771,-0.029319,-0.254643,0.474025,-0.068324,-0.420928,-0.007952,0.175281
0.063164,-0.002846,-0.042442,-0.267058,0.435366,-0.064308,-0.356725,-0.001443,-0.189528
0.063203,0.006256,-0.040605,-0.283205,0.452840,-0.046701,-0.422672,0.033336,-0.075318
0.063242,-0.007113,-0.045823,-0.278196,0.464390,-0.089633,-0.404749,-0.009239,0.233551
0.063281,0.002400,-0.027744,-0.284522,0.461829,-0.072311,-0.351397,0.055415,0.436337
0.063320,0.005963,-0.047686,-0.291585,0.460325,-0.061348,-0.343207,0.030744,-0.405154
0.063359,-0.002966,-0.045999,-0.283887,0.472858,-0.097407,-0.355089,0.027398,0.115891
0.063398,-0.000821,-0.027653,-0.280765,0.469592,-0.033058,-0.436683,0.010583,-0.520677
0.063437,-0.012461,-0.038812,-0.298694,0.481277,-0.055484,-0.384410,0.019099,0.337174
0.063477,0.011710,-0.017411,-0.304792,0.511324,-0.052764,-0.351518,0.029065,0.581723
0.063516,-0.011400,-0.031874,-0.309563,0.475179,-0.069931,-0.384999,0.014363,-0.374030
0.063555,-0.000433,-0.020883,-0.309312,0.452786,-0.080246,-0.370238,0.003473,0.322211
0.063594,-0.008059,-0.020455,-0.313329,0.485417,-0.034906,-0.345393,-0.017707,-0.195884
0.063633,0.011213,-0.039247,-0.297528,0.468698,-0.069457,-0.380141,0.021439,-0.345286
0.063672,-0.010586,-0.032107,-0.284019,0.473188,-0.066974,-0.344397,0.012896,0.097968
0.063711,-0.029571,-0.035046,-0.303886,0.514650,-0.042492,-0.338143,0.034545,0.209216
0.063750,-0.002468,-0.044547,-0.311688,0.483858,-0.074702,-0.363593,0.013678,0.016113
0.063789,-0.014405,-0.036096,-0.314097,0.461958,-0.058675,-0.359772,0.002715,0.685660
0.063828,-0.006982,-0.028054,-0.307730,0.447825,-0.056231,-0.403337,0.012664,-0.280430
0.063867,-0.000829,-0.039127,-0.283766,0.478866,-0.042408,-0.412019,-0.020218,-0.212868
0.063906,-0.012441,-0.041178,-0.312313,0.454364,-0.099876,-0.306793,0.033853,0.343745
0.063945,-0.019339,-0.041569,-0.304794,0.440746,-0.069569,-0.368741,0.013414,-0.332102
0.063984,-0.007503,-0.038671,-0.337799,0.473380,-0.074907,-0.415265,-0.003778,0.133710
0.064023,-0.039576,-0.043570,-0.305796,0.448937,-0.075080,-0.361541,0.006851,-0.057888
0.064062,-0.029929,-0.038880,-0.321675,0.461936,-0.055949,-0.331999,0.009879,0.300156
0.064102,-0.014331,-0.038377,-0.330359,0.483929,-0.078057,-0.356202,-0.011187,0.252013
0.064141,-0.020237,-0.026530,-0.332069,0.448433,-0.035751,-0.359362,-0.015891,-0.172664
0.064180,-0.019635,-0.040761,-0.323771,0.465968,-0.068897,-0.421111,0.005390,0.079097
0.064219,-0.017061,-0.042514,-0.331247,0.466731,-0.018412,-0.352874,0.006548,0.192903
0.064258,-0.020037,-0.037711,-0.350790,0.462803,-0.078151,-0.354804,0.026834,-0.097890
0.064297,0.014561,-0.037654,-0.358159,0.455076,-0.039534,-0.293296,0.047782,-0.504756
0.064336,-0.004856,-0.032135,-0.336256,0.444061,-0.088674,-0.339387,0.048302,-0.074648
0.064375,-0.016439,-0.012347,-0.329177,0.451696,-0.058713,-0.384715,0.034637,-0.045143
0.064414,-0.015331,-0.028281,-0.320268,0.465801,-0.087148,-0.347012,0.023760,0.081630
0.064453,-0.007279,-0.017963,-0.326755,0.427979,-0.061564,-0.363754,0.008657,0.458404
0.064492,-0.015152,-0.031247,-0.342165,0.438174,-0.066412,-0.327187,-0.008140,-0.112232
0.064531,-0.018142,-0.041641,-0.349762,0.450455,-0.095851,-0.352432,0.045077,0.442788
0.064570,-0.010684,-0.027515,-0.334538,0.439200,-0.049404,-0.373745,0.058765,0.121006
0.064609,-0.012509,-0.038743,-0.350625,0.447566,-0.098318,-0.326020,0.022657,0.265122
0.064648,-0.018867,-0.030685,-0.324768,0.443450,-0.086684,-0.319969,0.017572,0.312604
0.064687,-0.012639,-0.026025,-0.350078,0.419899,-0.083386,-0.346259,0.055497,0.031871
0.064727,-0.019198,-0.039215,-0.338019,0.407261,-0.049601,-0.325254,0.023976,-0.143663
0.064766,-0.028031,-0.047430,-0.363400,0.459656,-0.072993,-0.302647,0.035062,-0.322256
0.064805,-0.023183,-0.027434,-0.363443,0.396652,-0.080415,-0.364150,0.027772,0.603451
0.064844,-0.027708,-0.025828,-0.354834,0.439665,-0.082716,-0.293433,0.009427,0.359995
0.064883,-0.021506,-0.053427,-0.379480,0.432589,-0.074635,-0.318310,-0.004799,0.094669
0.064922,-0.027925,-0.054307,-0.361138,0.392126,-0.055465,-0.324566,0.044024,0.362511
0.064961,-0.023991,-0.029728,-0.361315,0.423545,-0.051832,-0.288297,0.006172,0.415751
0.065000,-0.025141,-0.027788,-0.366692,0.412096,-0.044884,-0.295968,0.046428,0.990681
0.065039,-0.017054,-0.031604,-0.361185,0.397628,-0.058544,-0.324643,0.028108,0.607014
0.065078,-0.036558,-0.031992,-0.358738,0.402536,-0.081684,-0.254771,0.019393,0.092731
0.065117,-0.030799,-0.024751,-0.353466,0.398036,-0.079537,-0.336169,0.002600,0.065390
0.065156,-0.024255,-0.030517,-0.400871,0.394090,-0.102270,-0.331519,0.048116,0.809090
0.065195,-0.021524,-0.027597,-0.378042,0.376472,-0.074964,-0.372954,-0.001860,0.174729
0.065234,-0.023865,-0.026717,-0.357088,0.390417,-0.060439,-0.278138,0.010395,-0.314107
0.065273,-0.008652,-0.040428,-0.382812,0.379594,-0.052595,-0.348257,0.014179,-0.266504
0.065312,-0.008882,-0.049373,-0.381155,0.367923,-0.062438,-0.304783,0.039564,0.111492
0.065352,-0.027373,-0.044079,-0.383081,0.379566,-0.082935,-0.319039,-0.017939,0.225099
0.065391,-0.018982,-0.033428,-0.385898,0.373859,-0.044475,-0.323536,0.019285,0.364625
0.065430,-0.004993,-0.014306,-0.363896,0.351683,-0.043008,-0.322057,0.043312,-0.345564
0.065469,-0.020780,-0.031695,-0.387236,0.366996,-0.071839,-0.312957,0.019747,0.326641
0.065508,-0.016026,-0.026989,-0.383203,0.356741,-0.097886,-0.259383,0.011383,-0.222304
0.065547,-0.007057,-0.038555,-0.388246,0.342729,-0.086258,-0.263142,0.050163,0.015652
0.065586,-0.032569,-0.042571,-0.383315,0.345891,-0.072938,-0.288783,0.028378,-0.541840
0.065625,-0.029188,-0.024559,-0.397235,0.383152,-0.065612,-0.329013,0.045496,-0.310722
0.065664,-0.043768,-0.024359,-0.399301,0.320249,-0.051156,-0.299530,0.075454,-0.309337
0.065703,-0.014639,-0.056753,-0.393287,0.357677,-0.053234,-0.260032,0.002523,0.170767
0.065742,-0.033654,-0.036654,-0.412565,0.325370,-0.085136,-0.286864,-0.001460,0.222079
0.065781,-0.014188,-0.043792,-0.422651,0.321565,-0.066209,-0.264690,0.035954,0.321856
0.065820,-0.043350,-0.031601,-0.407005,0.345709,-0.066488,-0.248189,0.009667,0.194172
0.065859,-0.037196,-0.037927,-0.387916,0.316182,-0.079561,-0.286028,0.055097,0.346246
0.065898,-0.019816,-0.033078,-0.400947,0.284358,-0.067359,-0.292154,-0.004391,0.275478
0.065937,-0.016337,-0.039312,-0.409598,0.292538,-0.068911,-0.318600,0.029267,0.413801
0.065977,-0.004230,-0.034005,-0.412266,0.321332,-0.059848,-0.239715,0.040498,0.342191
0.066016,-0.035172,-0.042446,-0.403760,0.306573,-0.043041,-0.274764,0.032839,-0.064078
0.066055,-0.034615,-0.009847,-0.399789,0.296604,-0.085235,-0.275417,-0.007601,0.388959
0.066094,-0.026208,-0.042997,-0.403163,0.278284,-0.092212,-0.223288,0.030573,0.626331
0.066133,-0.035163,-0.037877,-0.404542,0.279976,-0.120469,-0.255551,0.054199,0.390098
0.066172,-0.040551,-0.037379,-0.413569,0.284343,-0.051069,-0.229707,0.019660,0.284773
0.066211,-0.039228,-0.044380,-0.402776,0.241552,-0.070747,-0.282376,0.048148,-0.233205
0.066250,-0.017723,-0.038527,-0.436324,0.241590,-0.043149,-0.228145,0.043735,-0.074424
0.066289,-0.040475,-0.040774,-0.415515,0.276283,-0.057293,-0.286270,0.019296,0.015460
0.066328,-0.032142,-0.036743,-0.414114,0.251441,-0.078944,-0.245509,0.085536,-0.026127
0.066367,-0.035968,-0.022665,-0.429105,0.233616,-0.094576,-0.282887,0.089215,-0.322872
0.066406,-0.019455,-0.031035,-0.416118,0.245596,-0.083050,-0.213539,0.080406,-0.179214
0.066445,-0.050812,-0.042492,-0.436103,0.249306,-0.070575,-0.282312,0.045116,0.390636
0.066484,-0.036033,-0.029020,-0.431312,0.218669,-0.062339,-0.242320,-0.015058,-0.203489
0.066523,-0.028181,-0.043383,-0.424658,0.231622,-0.076472,-0.222470,-0.013848,0.094561
0.066562,-0.051302,-0.021197,-0.425851,0.210243,-0.060605,-0.229563,-0.018375,0.155891
0.066602,-0.029952,-0.039833,-0.434347,0.202588,-0.065578,-0.244476,0.016461,-0.651255
0.066641,-0.028820,-0.030658,-0.458243,0.212003,-0.046580,-0.274937,0.066894,-0.127508
0.066680,-0.050642,-0.034983,-0.434423,0.184249,-0.055120,-0.222286,0.108188,0.319493
0.066719,-0.041595,-0.048807,-0.423583,0.203389,-0.047634,-0.209224,0.056388,0.483351
0.066758,-0.036684,-0.032963,-0.426027,0.196134,-0.054685,-0.247335,0.056762,0.436105
0.066797,-0.039725,-0.032303,-0.428834,0.168951,-0.082366,-0.172323,0.007988,0.082032
0.066836,-0.038375,-0.025806,-0.443856,0.185331,-0.029867,-0.246875,-0.055347,-0.312427
0.066875,-0.050047,-0.053096,-0.457488,0.173035,0.906493,-0.184104,-0.015966,-0.000858
0.066914,-0.034568,-0.050084,-0.438390,0.152058,0.887340,-0.196302,0.014923,0.041090
0.066953,-0.031786,-0.028738,-0.448916,0.178958,-0.032160,-0.229275,0.035562,0.120056
0.066992,-0.047732,-0.034412,-0.427174,0.136151,-0.998340,-0.204449,0.068053,-0.304325
0.067031,-0.049513,-0.017963,-0.426772,0.123223,-0.987980,-0.230339,0.051483,-0.319312
0.067070,-0.031010,-0.029535,-0.448432,0.135278,-0.154970,-0.180593,0.033939,0.241842
0.067109,-0.050441,-0.042605,-0.455902,0.121894,0.707666,-0.198294,0.015028,0.164565
0.067148,-0.056082,-0.042146,-0.437559,0.135627,0.781559,-0.254227,0.012062,0.472066
0.067187,-0.031139,-0.038543,-0.452916,0.094330,0.039809,-0.234479,0.003570,-0.113356
0.067227,-0.035597,-0.036108,-0.458048,0.090506,-0.777236,-0.188550,0.024710,0.374330
0.067266,-0.048965,-0.029344,-0.444776,0.087028,-0.849185,-0.126350,0.047621,0.438111
0.067305,-0.031565,-0.034638,-0.437860,0.085523,-0.216140,-0.147862,0.032186,-0.147201
0.067344,-0.046508,-0.041954,-0.434575,0.067542,0.467729,-0.208230,0.080271,0.168303
0.067383,-0.061069,-0.026084,-0.437413,0.087421,0.608531,-0.218919,-0.000757,0.023261
0.067422,-0.049712,-0.027714,-0.444977,0.037579,0.099730,-0.186157,0.000753,0.342096
0.067461,-0.040868,-0.039813,-0.464591,0.054999,-0.562205,-0.179449,0.011115,0.272246
0.067500,-0.061823,-0.035038,-0.484660,0.059496,-0.750489,-0.212633,0.017532,-0.362384
0.067539,-0.056756,-0.048923,-0.457578,0.052208,-0.235592,-0.142436,0.035902,-0.181083
0.067578,-0.038585,-0.029623,-0.461869,0.031315,0.365150,-0.127109,0.036858,-0.602962
0.067617,-0.052229,-0.023211,-0.467681,0.041582,0.551454,-0.234835,0.047919,0.117912
0.067656,-0.040741,-0.032212,-0.458268,0.011629,0.103893,-0.187232,0.039497,0.288815
0.067695,-0.041082,-0.022992,-0.474229,0.006650,-0.485664,-0.161202,0.056932,0.583041
0.067734,-0.062275,-0.030010,-0.484831,0.026769,-0.641088,-0.147746,0.044155,-0.023412
0.067773,-0.044360,-0.023965,-0.448627,0.019349,-0.236752,-0.155588,0.031156,-0.021699
0.067812,-0.053236,-0.024552,-0.449303,0.018189,0.254882,-0.175858,0.000940,0.405045
0.067852,-0.029816,-0.014301,-0.482958,0.009083,0.451102,-0.205247,0.022653,0.589794
0.067891,-0.057992,-0.022268,-0.474572,-0.010816,0.124505,-0.207838,0.021531,0.219346
0.067930,-0.057902,-0.031586,-0.461580,-0.018143,-0.337336,-0.171129,0.057167,-0.226296
0.067969,-0.029644,-0.033702,-0.461343,-0.007644,-0.564165,-0.143534,0.051613,-0.503674
0.068008,-0.036361,-0.025916,-0.476649,-0.027631,-0.249837,-0.121158,0.047902,0.405702
0.068047,-0.047801,-0.029546,-0.455650,-0.038016,0.161989,-0.108928,0.030288,0.458703
0.068086,-0.049344,-0.011335,-0.462648,-0.047030,0.376618,-0.162839,0.008908,-0.708358
0.068125,-0.029559,-0.029226,-0.465430,-0.039471,0.098496,-0.144632,0.038064,0.456880
0.068164,-0.037506,-0.021509,-0.451510,-0.053655,-0.274487,-0.121447,0.042620,-0.270829
0.068203,-0.041305,-0.005047,-0.471576,-0.046398,-0.441482,-0.172465,0.029933,-0.470171
0.068242,-0.039386,-0.019886,-0.474695,-0.069237,-0.265386,-0.111030,0.035625,0.252055
0.068281,-0.055661,-0.025309,-0.452796,-0.099858,0.057731,-0.124961,0.071089,-0.178665
0.068320,-0.048925,-0.023799,-0.474859,-0.073401,0.252157,-0.082523,0.023520,-0.270473
0.068359,-0.034516,-0.023111,-0.455878,-0.074771,0.122636,-0.105728,0.017784,-0.651563
0.068398,-0.039242,-0.021837,-0.453655,-0.122268,-0.148634,-0.091371,0.027720,0.346707
0.068437,-0.058119,-0.013410,-0.471701,-0.127740,-0.420186,-0.084197,0.024169,0.202981
0.068477,-0.047049,-0.019704,-0.459034,-0.115573,-0.258264,-0.122003,0.001497,-0.435997
0.068516,-0.036534,-0.028369,-0.469601,-0.134901,0.064667,-0.108587,0.019701,0.613228
0.068555,-0.050321,-0.037736,-0.462926,-0.140797,0.227763,-0.090472,0.028954,-0.198461
0.068594,-0.034258,-0.019772,-0.466867,-0.158670,0.102588,-0.135967,0.062551,-0.718791
0.068633,-0.041516,-0.029428,-0.459078,-0.134653,-0.143322,-0.101537,0.040995,-0.068381
0.068672,-0.061810,-0.009507,-0.481761,-0.161268,-0.329377,-0.094293,0.016376,-0.076500
0.068711,-0.032572,-0.022708,-0.476439,-0.149131,-0.235538,-0.121038,0.031886,-0.486721
0.068750,-0.035591,-0.023262,-0.449719,-0.143464,0.017750,-0.071259,0.013772,-0.421488
0.068789,-0.042619,-0.013708,-0.470662,-0.168281,0.124894,-0.079436,0.036837,-0.385282
0.068828,-0.040715,-0.014684,-0.455865,-0.183085,0.149482,-0.106166,0.035358,-0.149399
0.068867,-0.034233,-0.026544,-0.449548,-0.179455,-0.091771,-0.071378,-0.006900,0.113766
0.068906,-0.058069,-0.015442,-0.475828,-0.212118,-0.259111,-0.101084,0.069589,-0.357272
0.068945,-0.062936,-0.023746,-0.480745,-0.189941,-0.242581,-0.036552,0.041810,-0.198033
0.068984,-0.045688,-0.020190,-0.462974,-0.186794,-0.024808,-0.052865,0.047981,-1.004862
0.069023,-0.054146,-0.014611,-0.457074,-0.229131,0.139561,-0.101222,0.023607,-0.968856
0.069062,-0.059136,-0.022911,-0.481689,-0.206691,0.086819,-0.133114,0.005016,-0.445541
0.069102,-0.038136,-0.022181,-0.454291,-0.218336,-0.071284,-0.093451,0.031612,0.101971
0.069141,-0.035603,-0.027109,-0.475662,-0.222088,-0.233145,-0.056201,0.007047,-0.174211
0.069180,-0.052283,-0.018561,-0.477281,-0.241306,-0.206322,-0.045787,0.041049,-0.067100
0.069219,-0.049305,-0.012629,-0.485456,-0.254740,-0.013079,-0.058053,0.034702,-0.277250
0.069258,-0.055313,-0.026826,-0.473855,-0.227516,0.084472,0.014171,0.027492,-0.720131
0.069297,-0.040165,-0.025204,-0.464739,-0.254166,0.065810,-0.097070,0.042769,-1.227344
0.069336,-0.050250,-0.020118,-0.463063,-0.258135,-0.063857,-0.083100,0.049792,-0.371378
0.069375,-0.039045,-0.009035,-0.440169,-0.272135,-0.176380,-0.050602,0.006999,0.099642
0.069414,-0.042699,-0.021094,-0.456658,-0.264852,-0.175207,-0.035387,0.003730,-0.637834
0.069453,-0.053622,0.000614,-0.470718,-0.282741,-0.078108,-0.085328,0.032398,0.057276
0.069492,-0.054898,-0.005344,-0.486240,-0.301985,0.026308,-0.052660,0.039419,-0.207685
0.069531,-0.042639,-0.013561,-0.467598,-0.279825,0.062616,0.013294,0.025632,-0.064733
0.069570,-0.050639,-0.005251,-0.459347,-0.275147,-0.046081,-0.066925,0.024477,0.297015
0.069609,-0.056075,-0.026398,-0.466911,-0.264826,-0.160629,-0.057570,0.014886,-0.623910
0.069648,-0.060112,-0.024858,-0.463095,-0.284647,-0.187121,0.012628,0.009295,-0.026152
0.069687,-0.038653,-0.011944,-0.450679,-0.317301,-0.064239,-0.054683,0.001610,-0.453812
0.069727,-0.062907,-0.024335,-0.473545,-0.298700,0.027316,-0.030731,0.022809,-0.061640
0.069766,-0.055261,0.002401,-0.451489,-0.311633,0.035205,-0.047508,0.010417,0.055628
0.069805,-0.037821,-0.010344,-0.466058,-0.319736,0.006202,-0.065597,0.017020,-0.015818
0.069844,-0.056357,0.002637,-0.443132,-0.327881,-0.156906,-0.023978,0.011758,-0.635497
0.069883,-0.067898,-0.002392,-0.472807,-0.360300,-0.165474,-0.021616,0.037005,0.328577
0.069922,-0.058161,0.000549,-0.455814,-0.351545,-0.061276,-0.026911,0.024757,-0.424076
0.069961,-0.050718,-0.017873,-0.450875,-0.331846,0.021662,-0.046786,0.042350,-0.510114
0.070000,-0.051867,-0.015451,-0.450281,-0.351368,0.031287,-0.019172,0.028025,0.674536
0.070039,-0.058536,-0.012598,-0.430112,-0.361207,-0.047791,-0.040177,0.031332,-0.308287
0.070078,-0.048300,-0.016735,-0.454929,-0.356134,-0.106220,-0.003248,0.019283,-0.562405
0.070117,-0.051992,-0.024147,-0.471946,-0.374842,-0.118206,-0.039692,0.041942,-0.846602
0.070156,-0.053222,-0.015444,-0.448613,-0.381525,-0.071806,0.005550,0.038547,0.298001
0.070195,-0.064213,-0.007962,-0.446416,-0.396165,0.048219,0.010653,0.063810,-0.762116
0.070234,-0.053801,-0.028150,-0.437094,-0.399086,-0.010262,-0.039771,0.040416,-0.072900
0.070273,-0.038025,-0.007226,-0.446879,-0.396596,-0.045291,-0.017588,0.063107,-0.618787
0.070313,-0.044939,-0.011557,-0.437710,-0.382700,-0.128873,-0.001629,0.041939,0.492065
0.070352,-0.052098,-0.008885,-0.449698,-0.395170,-0.116879,-0.043084,0.055896,-0.267777
0.070391,-0.065745,0.005468,-0.463790,-0.410829,-0.097180,0.052820,0.022177,-0.442720
0.070430,-0.049680,-0.009940,-0.440756,-0.412073,-0.019292,0.045921,0.024428,-0.481399
0.070469,-0.044951,-0.012775,-0.442707,-0.420657,0.009991,-0.070536,0.019283,-0.111838
0.070508,-0.036508,0.005935,-0.450445,-0.381615,-0.014671,-0.010022,0.049452,-0.422522
0.070547,-0.039925,-0.003714,-0.453713,-0.399101,-0.046945,0.006096,0.035856,-0.380925
0.070586,-0.050101,-0.001995,-0.444048,-0.406892,-0.102798,-0.057805,0.002642,0.545806
0.070625,-0.048234,-0.013239,-0.424547,-0.412600,-0.033984,-0.002195,0.010298,-0.371324
0.070664,-0.057023,-0.003579,-0.430624,-0.416233,-0.018254,0.015467,0.015252,-0.056835
0.070703,-0.050594,-0.009527,-0.435688,-0.404752,-0.000427,-0.039668,0.038122,0.267735
0.070742,-0.050826,-0.018173,-0.434180,-0.425508,-0.019460,-0.039698,0.062370,0.543615
0.070781,-0.040952,-0.013328,-0.430588,-0.428696,-0.101915,-0.034356,0.049217,0.172860
0.070820,-0.048709,-0.003153,-0.451975,-0.439599,-0.048433,0.012134,0.062493,0.552880
0.070859,-0.042826,-0.001363,-0.428466,-0.446908,-0.100073,0.004060,0.044110,0.133765
0.070898,-0.047325,0.006196,-0.417606,-0.461103,-0.036830,-0.020214,0.051756,-0.321376
0.070938,-0.041340,-0.003075,-0.441407,-0.453979,0.025588,0.020242,0.012154,-0.144596
0.070977,-0.054737,-0.019370,-0.425867,-0.455089,0.002996,0.038770,0.039625,0.008655
0.071016,-0.052158,-0.010805,-0.424868,-0.447372,-0.049530,0.009900,0.002777,-0.049862
0.071055,-0.045036,-0.005820,-0.406501,-0.449057,-0.079040,0.012742,0.046464,-0.012905
0.071094,-0.064952,-0.000898,-0.428110,-0.447443,-0.024562,-0.029038,0.038435,-0.396651
0.071133,-0.047655,0.012938,-0.428964,-0.451324,0.003773,-0.040162,0.012356,0.257633
0.071172,-0.056466,-0.008450,-0.413537,-0.476391,-0.015728,-0.008463,0.006358,0.666120
0.071211,-0.070269,0.002243,-0.415355,-0.489941,-0.021161,-0.066889,0.035609,0.306359
0.071250,-0.042919,0.003636,-0.421526,-0.482117,-0.046822,-0.011438,0.032639,0.021254
0.071289,-0.023280,-0.016921,-0.412926,-0.483703,-0.088566,0.001956,0.001422,0.584380
0.071328,-0.050960,0.005277,-0.405819,-0.480582,-0.023449,-0.041165,0.028490,-0.200869
0.071367,-0.048275,-0.015542,-0.399445,-0.461938,-0.024653,0.041400,0.038649,-0.040602
0.071406,-0.047658,0.006494,-0.399505,-0.464871,-0.029386,-0.060223,0.068234,0.818651
0.071445,-0.059423,-0.006554,-0.420078,-0.479162,-0.024424,0.006601,0.017266,-0.296805
0.071484,-0.050151,-0.011393,-0.390878,-0.496662,-0.065175,-0.027037,0.047458,-0.120894
0.071523,-0.047527,-0.001027,-0.406838,-0.472395,-0.009323,-0.045942,0.000437,0.058781
0.071563,-0.057385,0.012970,-0.406566,-0.503453,-0.059500,-0.046902,0.048085,-0.224936
0.071602,-0.022710,-0.001093,-0.420227,-0.506495,0.002615,-0.046806,0.065510,0.396772
0.071641,-0.039803,-0.002403,-0.385867,-0.491455,-0.001838,-0.060091,0.025843,0.137350
0.071680,-0.046028,0.010385,-0.401666,-0.481173,0.003376,-0.029374,0.020484,-0.037085
0.071719,-0.049404,-0.000411,-0.391443,-0.466759,-0.043288,-0.014515,0.045146,0.164155
0.071758,-0.055847,0.001639,-0.365890,-0.483817,-0.047075,-0.058301,0.005380,0.452646
0.071797,-0.043117,0.006446,-0.383109,-0.517588,-0.034296,-0.022188,0.025901,-0.015667
0.071836,-0.051093,0.001033,-0.377815,-0.519303,-0.036718,0.047847,0.027758,-0.148964
0.071875,-0.039789,0.003985,-0.387779,-0.492436,-0.015312,0.016420,0.012181,0.469610
0.071914,-0.038224,0.003818,-0.386140,-0.505554,-0.012772,-0.059052,0.039302,0.035276
0.071953,-0.070436,0.014551,-0.361097,-0.498850,-0.036645,-0.057185,0.023756,0.331722
0.071992,-0.072709,0.010499,-0.364226,-0.493949,-0.071054,-0.001107,0.041194,0.475208
0.072031,-0.044815,-0.002997,-0.381149,-0.547196,-0.036082,-0.028089,0.045894,-0.167280
0.072070,-0.041678,0.011070,-0.373842,-0.514632,-0.042797,-0.054516,0.035593,0.284977
0.072109,-0.044206,0.003868,-0.352284,-0.531193,0.036840,-0.055655,0.019857,0.030340
0.072148,-0.052880,0.001393,-0.376110,-0.516009,-0.033111,-0.038401,0.071888,0.339550
0.072188,-0.039974,0.012836,-0.374780,-0.498794,-0.013116,-0.027162,0.013021,0.695311
0.072227,-0.051051,0.008181,-0.347811,-0.507929,-0.007688,-0.067877,0.015835,0.419361
0.072266,-0.050614,0.012051,-0.361206,-0.506106,-0.022727,-0.057214,0.051486,-0.741480
0.072305,-0.062672,-0.012004,-0.357068,-0.509273,0.017748,-0.075527,0.024241,0.373165
0.072344,-0.041073,0.000521,-0.350639,-0.512856,-0.033590,-0.048114,0.036399,0.225042
0.072383,-0.054944,0.001301,-0.336357,-0.522867,-0.035654,-0.074031,0.042603,0.042074
0.072422,-0.043069,0.001492,-0.364865,-0.500472,0.020489,-0.098179,0.030691,0.009969
0.072461,-0.068070,-0.005203,-0.330161,-0.541139,-0.035539,-0.086583,0.040980,0.329363
0.072500,-0.048586,0.001980,-0.334197,-0.499487,-0.042659,-0.068009,0.042618,0.392882
0.072539,-0.034104,0.006392,-0.347825,-0.516449,-0.021421,-0.055415,0.055292,0.515229
0.072578,-0.059219,-0.000033,-0.325583,-0.497640,-0.005026,-0.090408,0.019997,0.040100
0.072617,-0.038561,0.004639,-0.336679,-0.517720,-0.024343,-0.080060,0.036357,0.252401
0.072656,-0.040330,0.005584,-0.328375,-0.486068,-0.023140,-0.088750,0.035289,0.169784
0.072695,-0.053007,0.002900,-0.308021,-0.511107,-0.043809,-0.120320,0.014824,0.275216
0.072734,-0.060132,0.021817,-0.339354,-0.516791,-0.005262,-0.079923,0.069114,0.134595
0.072773,-0.068149,-0.010132,-0.319044,-0.523845,-0.019235,-0.023670,0.038996,0.506004
0.072813,-0.064592,0.012080,-0.320835,-0.489652,-0.001639,-0.075938,0.036046,-0.127646
0.072852,-0.041240,0.002820,-0.319390,-0.500973,-0.009569,-0.118724,0.015061,-0.374157
0.072891,-0.058546,0.011999,-0.322117,-0.495638,0.029533,-0.124469,0.067630,-0.071385
0.072930,-0.052732,-0.015713,-0.309235,-0.488455,0.020688,-0.109772,0.031278,0.358040
0.072969,-0.048752,0.011354,-0.312926,-0.499210,-0.022202,-0.129581,0.007434,0.787963
0.073008,-0.049714,0.018698,-0.314105,-0.465521,0.023571,-0.112092,0.021192,0.176838
0.073047,-0.042810,0.014734,-0.305190,-0.486439,-0.014143,-0.176280,0.027291,0.230874
0.073086,-0.038969,-0.010279,-0.299399,-0.479641,0.014785,-0.140972,0.033298,0.390774
0.073125,-0.039258,0.008234,-0.290633,-0.495736,0.006716,-0.070407,-0.007452,0.073208
0.073164,-0.044505,0.003757,-0.318447,-0.494692,-0.016712,-0.081125,-0.001752,0.048827
0.073203,-0.031222,-0.002742,-0.305584,-0.504213,-0.004240,-0.124280,0.067694,0.638068
0.073242,-0.045709,0.014664,-0.305415,-0.474066,-0.000597,-0.120698,0.106719,0.107036
0.073281,-0.030335,0.009717,-0.265624,-0.492118,0.046059,-0.151561,0.102948,0.057624
0.073320,-0.033961,0.001815,-0.276595,-0.477165,-0.007286,-0.136479,0.031567,-0.458293
0.073359,-0.051096,0.005723,-0.299068,-0.436061,-0.003940,-0.137600,0.024619,-0.043718
0.073398,-0.042555,0.028012,-0.280639,-0.463036,-0.024185,-0.102253,-0.046240,0.197645
0.073438,-0.043613,0.020457,-0.265127,-0.464863,0.008408,-0.141408,-0.019583,0.200968
0.073477,-0.040488,0.012760,-0.306030,-0.446201,0.002091,-0.109970,-0.011904,0.309202
0.073516,-0.035035,-0.000852,-0.264488,-0.445374,0.037231,-0.064222,0.058747,-0.041621
0.073555,-0.034478,0.012335,-0.255237,-0.451942,0.023088,-0.116114,0.090445,-0.093802
0.073594,-0.057323,-0.001579,-0.266406,-0.433212,0.011415,-0.132639,0.051904,-0.272772
0.073633,-0.054466,0.021980,-0.268285,-0.461558,0.021793,-0.123967,0.038458,0.136708
0.073672,-0.049318,0.022557,-0.256278,-0.452994,0.006413,-0.132760,0.017067,-0.040065
0.073711,-0.054871,0.007488,-0.246180,-0.468318,0.003992,-0.062550,0.019846,0.269411
0.073750,-0.051312,0.016190,-0.252416,-0.431587,-0.008705,-0.121708,0.027900,0.823344
0.073789,-0.055761,0.005224,-0.227290,-0.439496,-0.009188,-0.184842,-0.026101,0.114249
0.073828,-0.040981,0.003805,-0.255078,-0.421391,0.003573,-0.109850,0.004832,0.178205
0.073867,-0.024992,0.008075,-0.236466,-0.423756,0.030730,-0.222710,0.038407,-0.103206
0.073906,-0.041593,0.001706,-0.257193,-0.415162,0.003162,-0.154323,0.066420,0.145944
0.073945,-0.030363,0.011602,-0.238275,-0.393864,0.001071,-0.121485,0.075064,0.450131
0.073984,-0.033658,0.029641,-0.221106,-0.423842,-0.002108,-0.117631,0.033971,0.264287
0.074023,-0.033228,0.006109,-0.220447,-0.395142,0.023513,-0.139426,-0.017186,0.359765
0.074063,-0.046423,0.007133,-0.228556,-0.395316,0.015534,-0.085811,0.009536,0.190133
0.074102,-0.046013,0.006292,-0.240019,-0.380426,-0.020583,-0.105519,0.023531,0.418431
0.074141,-0.035470,0.021527,-0.217950,-0.413302,0.003125,-0.137610,0.055303,0.482349
0.074180,-0.068757,0.016056,-0.210275,-0.390666,0.019221,-0.143725,0.070122,0.466892
0.074219,-0.047776,0.007582,-0.208308,-0.396700,0.008479,-0.167862,0.082892,0.427902
0.074258,-0.058770,0.004051,-0.216409,-0.380525,0.029505,-0.073341,0.084611,0.087044
0.074297,-0.061602,0.029416,-0.220108,-0.379045,0.007765,-0.117127,0.042616,0.369028
0.074336,-0.036907,0.013392,-0.215467,-0.354626,0.011296,-0.098114,0.016738,0.047268
0.074375,-0.052367,0.017086,-0.185087,-0.364786,0.009823,-0.177409,0.026317,0.019577
0.074414,-0.052039,0.011725,-0.169190,-0.373824,0.002294,-0.178745,0.011707,0.468070
0.074453,-0.039280,0.009267,-0.189429,-0.342970,0.016333,-0.139608,0.050511,0.407220
0.074492,-0.051541,-0.000134,-0.196116,-0.338437,0.025318,-0.125591,0.051884,0.709429
0.074531,-0.040364,0.004986,-0.204363,-0.340377,0.002884,-0.121598,0.034709,0.565875
0.074570,-0.056599,0.016114,-0.181118,-0.329823,0.059919,-0.093282,0.024640,0.373249
0.074609,-0.043512,0.012217,-0.170268,-0.348843,0.032625,-0.104820,0.051712,-0.100003
0.074648,-0.058018,0.001603,-0.184442,-0.311160,0.067131,-0.183221,0.053199,0.341766
0.074688,-0.055160,0.000623,-0.182663,-0.317412,0.022511,-0.160361,0.011507,0.310933
0.074727,-0.049181,0.013659,-0.182971,-0.309055,0.003307,-0.144660,0.037619,0.065149
0.074766,-0.043812,0.006911,-0.172830,-0.292513,0.013501,-0.131033,0.036033,0.694737
0.074805,-0.042161,0.019873,-0.168694,-0.303183,0.008409,-0.146288,0.010222,0.134116
0.074844,-0.038169,0.009346,-0.180749,-0.290321,0.025528,-0.099784,0.050554,0.121917
0.074883,-0.049259,0.011230,-0.169867,-0.280027,0.037214,-0.119985,0.046026,0.555098
0.074922,-0.035598,0.015591,-0.152322,-0.272063,0.025987,-0.088589,0.013399,0.608733
0.074961,-0.041364,-0.000183,-0.144381,-0.274105,0.030505,-0.134709,0.049546,0.187195
0.075000,-0.057391,0.004068,-0.160363,-0.239879,0.026757,-0.146880,0.016485,0.565484
0.075039,-0.051434,0.020136,-0.155665,-0.257907,0.024197,-0.105671,0.043877,-0.127375
0.075078,-0.019563,0.007168,-0.155524,-0.249636,0.030709,-0.125723,0.025556,0.655210
0.075117,-0.041835,0.010823,-0.147035,-0.223937,0.013091,-0.132743,0.026542,0.014058
0.075156,-0.037247,0.020576,-0.135141,-0.254260,0.019386,-0.116988,0.036098,-0.068504
0.075195,-0.043104,0.013476,-0.113129,-0.219313,0.000662,-0.136923,-0.002287,0.448681
0.075234,-0.047761,0.009789,-0.153601,-0.227258,0.037613,-0.093532,0.015102,-0.076066
0.075273,-0.043173,0.013360,-0.120454,-0.214547,0.042739,-0.081840,0.028599,0.462224
0.075313,-0.056588,0.026510,-0.130701,-0.226763,0.037082,-0.164409,0.013950,0.480720
0.075352,-0.053022,0.015169,-0.125517,-0.180738,0.050576,-0.126910,0.003500,-0.528478
0.075391,-0.041096,0.025128,-0.112337,-0.181328,0.012392,-0.121301,0.020791,0.120361
0.075430,-0.054458,0.027295,-0.118404,-0.203793,0.032506,-0.081585,0.012229,0.540659
0.075469,-0.030352,0.019208,-0.121342,-0.163454,0.048457,-0.061783,0.023058,1.479206
0.075508,-0.036639,0.006471,-0.105980,-0.197821,-0.000265,-0.092265,0.040242,0.971995
0.075547,-0.032679,0.034739,-0.102515,-0.166485,0.027706,-0.074057,0.025988,0.015809
0.075586,-0.033055,0.019490,-0.082090,-0.157643,0.051163,-0.049404,0.028248,0.542988
0.075625,-0.032656,-0.004959,-0.099432,-0.151828,0.016313,-0.090011,0.041058,-0.305646
0.075664,-0.046676,0.021424,-0.108489,-0.147379,0.030136,-0.057929,0.036885,0.380155
0.075703,-0.041232,0.026478,-0.094921,-0.152131,0.004870,-0.014520,0.023985,-0.027337
0.075742,-0.037608,0.020910,-0.079993,-0.147745,0.055107,-0.044575,0.013001,0.190905
0.075781,-0.040575,0.023650,-0.092217,-0.123710,0.032558,-0.039171,0.031525,0.606031
0.075820,-0.042527,0.018991,-0.083285,-0.096198,0.030372,-0.011122,0.036634,-0.125985
0.075859,-0.035844,0.016832,-0.070584,-0.092019,0.056405,-0.011034,0.025599,-0.106587
0.075898,-0.058121,0.016076,-0.069682,-0.094712,0.029756,-0.047460,0.042659,0.454665
0.075938,-0.036188,0.020617,-0.054622,-0.091606,0.035933,-0.002978,0.031882,-0.421145
0.075977,-0.042995,0.011896,-0.076464,-0.069322,0.059521,-0.063281,0.037831,0.705561
0.076016,-0.022707,0.014019,-0.073177,-0.050732,0.014887,0.000191,0.029776,0.183191
0.076055,-0.036695,0.000232,-0.022897,-0.068494,0.031324,0.021777,0.023540,-0.136597
0.076094,-0.031083,0.013712,-0.047262,-0.019260,0.063710,0.011637,0.019067,0.235317
0.076133,-0.037446,0.025601,-0.048387,-0.040079,0.044998,-0.009689,0.057808,0.037598
0.076172,-0.043099,0.015723,-0.069450,-0.023615,0.048795,0.006319,0.039645,0.170244
0.076211,-0.028108,0.016591,-0.051281,0.008425,0.020584,0.042549,0.020062,0.591496
0.076250,-0.035374,0.023102,-0.053092,-0.007149,0.010341,0.022059,0.037597,-0.233158
0.076289,-0.038517,0.019341,-0.044556,-0.018524,0.076931,-0.013792,0.052829,0.081860
0.076328,-0.026394,0.020860,-0.028048,0.013860,0.037851,0.049782,-0.013848,-0.085422
0.076367,-0.039170,0.024829,-0.049651,0.007016,0.038429,0.064999,0.017075,-0.459535
0.076406,-0.053442,0.028292,-0.039883,0.010637,0.024581,0.018248,0.032962,0.233223
0.076445,-0.017302,0.009481,-0.030236,0.021204,0.060242,0.071935,0.028105,-0.118262
0.076484,-0.028846,0.018402,-0.023990,0.057818,0.040845,0.060058,0.039224,-0.909612
0.076523,-0.049115,0.023430,-0.014832,0.046646,0.058198,0.074211,0.049379,-0.330134
0.076563,-0.034656,0.028534,-0.027253,0.057292,0.027680,0.045939,0.051036,-0.901415
0.076602,-0.049523,0.003574,-0.013865,0.065146,0.070658,0.094938,0.013896,0.064823
0.076641,-0.027280,0.015343,-0.013253,0.058119,0.050524,0.106368,0.036024,-0.335263
0.076680,-0.044576,0.033692,-0.030492,0.077726,0.043813,0.131296,0.039623,-0.427347
0.076719,-0.033896,0.028733,-0.016232,0.083360,0.019505,0.095072,0.002020,-0.129155
0.076758,-0.021323,0.010873,-0.003339,0.088044,0.045061,0.124014,0.035614,-0.025102
0.076797,-0.028094,0.030186,0.025809,0.101246,0.078667,0.133709,0.070975,-0.524596
0.076836,-0.029637,0.021232,0.012183,0.105453,0.082253,0.157109,0.074935,0.134856
0.076875,-0.033042,0.015466,0.019610,0.133488,0.053683,0.138141,0.038179,-0.139727
0.076914,-0.003469,0.028623,0.012697,0.120819,0.054726,0.137362,0.037234,0.056848
0.076953,-0.023867,0.036646,0.002543,0.171924,0.078215,0.181019,0.036030,-0.696842
0.076992,-0.026880,0.026934,0.004894,0.171067,0.075808,0.187465,0.019535,0.245347
0.077031,-0.035185,0.022645,0.018999,0.195545,0.055100,0.147467,0.048663,0.082006
0.077070,-0.014016,0.026736,0.008684,0.180769,0.058441,0.119345,0.041097,-0.022912
0.077109,-0.006041,0.034038,0.023972,0.194873,0.040866,0.223045,0.045815,0.169502
0.077148,-0.035447,0.033650,0.049544,0.213181,0.027171,0.230886,0.036574,0.123344
0.077188,-0.012869,0.009086,0.035123,0.209529,0.044248,0.267102,0.059420,-0.009850
0.077227,-0.044155,0.030495,0.025251,0.207373,0.018616,0.202534,0.000915,-0.281092
0.077266,-0.027641,0.043777,0.024763,0.207258,0.050871,0.278737,0.018672,0.301290
0.077305,-0.024712,0.047040,0.050154,0.221815,0.070393,0.257531,0.041061,-0.215334
0.077344,-0.012321,0.026208,0.048697,0.216300,0.039400,0.264900,0.063322,-0.019482
0.077383,-0.024423,0.028537,0.055671,0.233418,0.099652,0.290218,0.030965,0.344970
0.077422,-0.026145,0.032497,0.060007,0.260259,0.091775,0.235855,0.043074,-0.152001
0.077461,-0.013163,0.021902,0.074626,0.280347,0.047203,0.273548,0.058069,-0.152743
0.077500,-0.022963,0.024410,0.066677,0.278413,0.053365,0.279659,0.018331,-0.117575
0.077539,-0.006394,0.019697,0.076418,0.292561,0.077578,0.271929,0.041368,-0.603362
0.077578,-0.014350,0.031112,0.052655,0.310480,0.078251,0.359247,0.021145,-0.518704
0.077617,-0.007189,0.034235,0.061908,0.268949,0.046257,0.271719,0.007096,-0.009077
0.077656,-0.017875,0.040134,0.070455,0.329353,0.044750,0.349198,0.027116,0.263449
0.077695,-0.025572,0.025640,0.053114,0.337964,0.046699,0.314159,0.025736,-0.156669
0.077734,-0.018417,0.019921,0.073408,0.321971,0.081772,0.345160,0.034385,-0.679061
0.077773,-0.025606,0.025031,0.061071,0.329358,0.085392,0.380854,0.054855,-0.347482
0.077813,-0.025261,0.036601,0.059374,0.332294,0.056645,0.380448,0.060548,-0.301766
0.077852,-0.026749,0.020910,0.104259,0.344842,0.061306,0.388301,0.051622,-0.077826
0.077891,-0.008153,0.026225,0.077696,0.404159,0.016730,0.415968,0.031172,0.131316
0.077930,-0.003390,0.014403,0.073363,0.357069,0.056896,0.396582,0.037494,-0.586115
0.077969,-0.004318,0.029754,0.099648,0.382159,0.087776,0.478156,0.017366,-0.463043
0.078008,-0.022785,0.033657,0.088699,0.422904,0.099283,0.490130,0.009809,0.219084
0.078047,-0.024493,0.018672,0.091260,0.444782,0.059934,0.423835,0.051387,0.109796
0.078086,-0.001020,0.012942,0.131361,0.421230,0.074581,0.439304,0.039215,-0.094073
0.078125,-0.004262,0.026718,0.097321,0.420652,0.099022,0.488892,0.037273,-0.574002
0.078164,0.010664,0.030165,0.107254,0.418217,0.050982,0.433176,0.050485,-1.168647
0.078203,-0.022858,0.031520,0.116564,0.400919,0.041070,0.484001,0.048891,-0.223734
0.078242,-0.021921,0.039809,0.127527,0.462264,0.047385,0.523079,0.034534,-0.404571
0.078281,-0.003160,0.026694,0.099235,0.455227,0.073223,0.517242,0.044529,-0.310466
0.078320,-0.018637,0.035564,0.126075,0.476437,0.025365,0.475813,0.065767,0.091387
0.078359,-0.005380,0.049048,0.117201,0.473058,0.058742,0.512830,0.029956,-0.390072
0.078398,-0.018408,0.034151,0.124649,0.502408,0.106607,0.520365,0.066145,0.069142
0.078437,-0.003181,0.023369,0.137206,0.478771,0.036601,0.559468,0.049447,-0.098989
0.078477,-0.008950,0.030692,0.111551,0.515841,0.068987,0.567106,0.033218,-0.148563
0.078516,0.003581,0.047062,0.127690,0.508726,0.091924,0.535465,0.061423,-0.113804
0.078555,-0.003086,0.029070,0.134590,0.499698,0.064237,0.573814,0.040324,-0.358836
0.078594,-0.002571,0.032380,0.144209,0.533292,0.084360,0.550146,0.020025,0.217137
0.078633,-0.012748,0.030610,0.161027,0.521045,0.102076,0.622574,0.035645,0.114338
0.078672,0.005443,0.038664,0.137652,0.534842,1.120514,0.547404,0.022109,0.437258
0.078711,0.010413,0.018411,0.141296,0.545247,1.039784,0.583211,0.035753,0.360094
0.078750,-0.000120,0.043800,0.159507,0.551309,0.100425,0.652138,0.056126,-0.098500
0.078789,0.017160,0.035509,0.166680,0.552402,-0.833150,0.647671,0.027988,-0.185185
0.078828,0.014796,0.048343,0.168458,0.568986,-0.857816,0.643047,0.060237,0.392409
0.078867,0.002090,0.015452,0.155964,0.580072,-0.004393,0.655427,0.049035,0.449173
0.078906,0.013740,0.052128,0.132808,0.604411,0.870748,0.628441,0.057635,-0.649223
0.078945,0.017836,0.034252,0.158497,0.567495,0.927486,0.664665,0.054042,-0.206875
0.078984,0.000357,0.027999,0.177507,0.583905,0.161524,0.654433,0.034208,-0.633467
0.079023,0.000742,0.026076,0.161897,0.603702,-0.603175,0.690249,0.010184,-0.085648
0.079062,0.008472,0.051748,0.182664,0.606467,-0.713798,0.637784,0.036375,-0.234640
0.079102,0.003150,0.028475,0.176579,0.624229,-0.049194,0.662281,0.040733,-0.237077
0.079141,-0.011956,0.027312,0.187155,0.630788,0.689398,0.699078,0.048680,0.230925
0.079180,0.009444,0.038364,0.174237,0.651263,0.802175,0.707027,0.057155,0.010151
0.079219,-0.027605,0.043166,0.196978,0.636901,0.218237,0.738121,0.070892,-0.160850
0.079258,0.000671,0.046257,0.186001,0.658216,-0.460384,0.772065,0.044263,0.337449
0.079297,0.008207,0.046597,0.178733,0.648104,-0.610646,0.700840,0.022009,0.095498
0.079336,0.008696,0.035407,0.190254,0.655549,-0.081127,0.772325,0.048821,-0.155702
0.079375,0.005871,0.018218,0.195539,0.669591,0.536543,0.725354,0.053294,-0.201084
0.079414,0.009475,0.034259,0.169940,0.679073,0.670963,0.731997,0.021605,-0.179031
0.079453,-0.004701,0.039330,0.180163,0.689406,0.261922,0.778740,0.053864,0.644786
0.079492,0.011864,0.020213,0.196485,0.696449,-0.335943,0.770616,0.046156,-0.162331
0.079531,0.006669,0.045351,0.191161,0.697916,-0.466074,0.719236,0.040295,0.064298
0.079570,0.008899,0.039190,0.203773,0.680957,-0.109386,0.742503,0.007351,-0.609451
0.079609,0.013572,0.044660,0.187503,0.708453,0.440074,0.755231,0.045450,0.233644
0.079648,0.004416,0.024224,0.205196,0.699258,0.560556,0.770281,0.060751,-0.249797
0.079687,0.006728,0.027693,0.211553,0.696751,0.253620,0.807280,0.013270,-0.104924
0.079727,-0.000065,0.026974,0.192135,0.719354,-0.238150,0.816894,0.052620,0.095313
0.079766,0.014021,0.043757,0.202990,0.746553,-0.380576,0.753133,0.051090,0.459001
0.079805,-0.008065,0.041525,0.217757,0.707525,-0.138226,0.796870,0.054856,-0.273208
0.079844,0.011512,0.054601,0.223132,0.705331,0.348092,0.792929,0.062307,0.046551
0.079883,0.018596,0.037270,0.219728,0.742907,0.484581,0.823308,0.011219,0.383488
0.079922,0.014825,0.057746,0.217160,0.755359,0.282306,0.844778,0.054433,-0.011836
0.079961,0.028280,0.033493,0.210823,0.746270,-0.126619,0.893054,0.041527,0.065416
0.080000,0.020154,0.031704,0.225292,0.743791,-0.345900,0.827719,0.045324,-0.012873
0.080039,0.017464,0.040602,0.204088,0.730694,-0.125947,0.801771,0.047550,0.358026
0.080078,0.010085,0.058169,0.248550,0.770826,0.227512,0.799498,0.042975,0.362177
0.080117,0.008448,0.045168,0.239245,0.736136,0.452041,0.844300,0.036559,0.117915
0.080156,0.019556,0.030122,0.232201,0.759649,0.266344,0.830762,0.042956,-0.383527
0.080195,0.019415,0.028402,0.231856,0.774419,-0.067026,0.874696,0.055768,0.564263
0.080234,0.021964,0.032282,0.236415,0.795206,-0.246924,0.878729,0.040673,0.092068
0.080273,0.011921,0.039225,0.249790,0.797501,-0.128302,0.851298,0.050515,0.370881
0.080312,0.012236,0.048186,0.237253,0.758146,0.192140,0.839969,0.087580,0.547659
0.080352,0.012753,0.032523,0.222130,0.766996,0.371316,0.852913,0.039190,0.395280
0.080391,0.024747,0.048333,0.248763,0.773930,0.266313,0.838487,0.042604,0.390560
0.080430,-0.000096,0.048432,0.252217,0.782317,-0.024372,0.810318,0.056537,0.059945
0.080469,0.028493,0.036516,0.211133,0.788320,-0.174461,0.848761,0.031264,0.175807
0.080508,0.020350,0.043480,0.234432,0.782391,-0.117821,0.871514,0.030998,0.725906
0.080547,0.021344,0.027302,0.228733,0.823022,0.108686,0.936440,0.068357,0.430401
0.080586,0.023937,0.032885,0.244007,0.800924,0.299373,0.859283,0.002104,0.233323
0.080625,0.028013,0.049003,0.258958,0.829305,0.226082,0.859606,0.034901,-0.020401
0.080664,0.048434,0.039046,0.234019,0.784033,0.038968,0.862590,0.043662,0.581577
0.080703,0.027173,0.033332,0.257389,0.817470,-0.150863,0.886622,0.040947,0.232515
0.080742,0.024239,0.046027,0.262033,0.803428,-0.063874,0.895664,0.028030,-0.083016
0.080781,0.029667,0.051339,0.268410,0.810838,0.079929,0.848991,0.039007,0.496932
0.080820,0.033818,0.026501,0.269813,0.804683,0.257249,0.873914,0.019190,-0.436573
0.080859,0.032015,0.035388,0.254951,0.787022,0.204627,0.920001,0.046756,-0.096682
0.080898,0.018015,0.043248,0.250620,0.818850,0.048865,0.872063,0.037432,-0.117884
0.080937,0.021091,0.052875,0.268310,0.802026,-0.091230,0.855830,0.058090,0.261308
0.080977,0.021440,0.037996,0.245825,0.845039,-0.084237,0.902590,0.040545,-0.253167
0.081016,0.031678,0.023774,0.273688,0.820675,0.067818,0.849711,0.005457,0.015416
0.081055,0.025083,0.022907,0.268823,0.818098,0.242223,0.879830,0.058117,0.309012
0.081094,0.018888,0.053294,0.262400,0.798411,0.191288,0.902786,0.034090,-0.156402
0.081133,0.035138,0.026839,0.301085,0.827301,0.088205,0.870643,0.052830,0.204555
0.081172,0.019691,0.037896,0.276213,0.828806,-0.057919,0.884141,0.052167,0.415352
0.081211,0.037613,0.037207,0.274128,0.791983,-0.059058,0.916686,0.005840,0.635832
0.081250,0.034998,0.047727,0.273172,0.819738,0.086673,0.863086,0.046914,0.450529
0.081289,0.024192,0.033065,0.265333,0.826176,0.162620,0.890658,0.046201,-0.260805
0.081328,0.012867,0.037121,0.281956,0.800429,0.188135,0.832099,0.019666,0.480310
0.081367,0.024602,0.043266,0.281455,0.798166,0.077954,0.884731,0.066461,-0.364912
0.081406,0.030956,0.058344,0.304612,0.822994,-0.064230,0.842789,0.010458,-0.363159
0.081445,0.008182,0.053133,0.284273,0.797882,-0.020110,0.863326,0.042557,0.147957
0.081484,0.048605,0.031327,0.301873,0.830197,0.064304,0.840508,0.169182,-0.274542
0.081523,0.024113,0.035641,0.286333,0.828465,0.155886,0.901409,0.145834,0.557487
0.081562,0.033779,0.056356,0.278940,0.797280,0.147067,0.875659,0.133282,0.164123
0.081602,0.020772,0.049750,0.297387,0.813441,0.095514,0.851361,0.016610,0.212620
0.081641,0.024964,0.028124,0.282000,0.806774,-0.027234,0.843602,-0.073904,0.455385
0.081680,0.021717,0.054301,0.313418,0.816560,-0.053106,0.916110,-0.111540,0.386696
0.081719,0.055429,0.043439,0.301369,0.797798,0.035202,0.833770,-0.062469,-0.083671
0.081758,0.006672,0.046415,0.307059,0.798785,0.124311,0.779122,0.031806,0.494369
0.081797,0.026551,0.042719,0.325818,0.799632,0.138749,0.782753,0.089289,0.809832
0.081836,0.033356,0.043934,0.299639,0.783593,0.087232,0.795599,0.132958,0.292619
0.081875,0.032698,0.049326,0.295105,0.774982,-0.030814,0.834880,0.101404,-0.006883
0.081914,0.034774,0.029554,0.305589,0.777465,-0.010914,0.810926,0.040734,-0.006547
0.081953,0.022768,0.044594,0.311236,0.803620,0.054075,0.799633,0.010524,-0.117840
0.081992,0.038234,0.040005,0.307403,0.791901,0.111585,0.781421,-0.041600,-0.307370
0.082031,0.050323,0.038929,0.291462,0.787436,0.169359,0.798990,-0.065560,0.564579
0.082070,0.030811,0.030366,0.276109,0.803056,0.086749,0.811577,0.047882,0.427968
0.082109,0.029564,0.036879,0.319538,0.778179,0.015838,0.821520,0.069415,-0.405036
0.082148,0.035600,0.032974,0.314355,0.753670,0.021486,0.809546,0.108707,0.507737
0.082187,0.037878,0.032439,0.319156,0.769010,0.073599,0.789400,0.053718,0.235791
0.082227,0.044038,0.042092,0.314930,0.748057,0.086000,0.776916,0.041147,-0.171715
0.082266,0.038336,0.037399,0.296390,0.786871,0.126400,0.760851,0.005731,0.244775
0.082305,0.041014,0.030875,0.320523,0.753088,0.071588,0.781917,-0.011560,0.124187
0.082344,0.052337,0.021882,0.322004,0.738158,0.029707,0.774435,0.006887,0.529518
0.082383,0.047928,0.020383,0.322692,0.767586,0.036163,0.721353,0.000997,0.346469
0.082422,0.017927,0.026974,0.306193,0.747231,0.030726,0.698039,0.056537,0.523432
0.082461,0.032439,0.027474,0.313877,0.766638,0.071620,0.759070,0.081246,0.569233
0.082500,0.041543,0.032357,0.327111,0.732496,0.131344,0.753968,0.078214,0.328399
0.082539,0.067873,0.014114,0.310971,0.729135,0.100065,0.697207,0.024446,0.729360
0.082578,0.043445,0.037596,0.306592,0.734487,0.061325,0.749755,0.033027,1.136486
0.082617,0.031927,0.048415,0.307523,0.722073,0.012586,0.754539,-0.028576,0.175252
0.082656,0.029664,0.035980,0.312859,0.710114,0.004979,0.739155,-0.005400,0.267122
0.082695,0.016999,0.028811,0.325373,0.704831,0.079541,0.730329,0.020366,0.852544
0.082734,0.044707,0.026500,0.313895,0.689376,0.135000,0.697924,0.020453,0.453417
0.082773,0.028494,0.047510,0.325644,0.670394,0.082789,0.678622,0.068420,0.438893
0.082812,0.038049,0.050082,0.319265,0.662195,0.040133,0.716696,0.015747,0.206360
0.082852,0.044526,0.026748,0.347901,0.698186,0.023311,0.723988,-0.000019,0.045349
0.082891,0.044058,0.034100,0.350484,0.682061,0.032316,0.723686,0.028520,0.273525
0.082930,0.055701,0.029331,0.337124,0.705827,0.061042,0.661765,-0.009558,0.050752
0.082969,0.044880,0.027434,0.359579,0.692597,0.100211,0.666284,-0.003635,0.037818
0.083008,0.066570,0.024326,0.358131,0.663909,0.094192,0.693823,-0.020836,0.210132
0.083047,0.022384,0.039298,0.345964,0.654821,0.069483,0.656066,0.010699,0.129370
0.083086,0.048747,0.031415,0.336879,0.636892,0.029268,0.667942,0.034223,0.293875
0.083125,0.038231,0.031905,0.338387,0.637177,0.029453,0.637024,0.053124,0.057052
0.083164,0.043616,0.039973,0.346193,0.629626,0.058286,0.622926,0.035668,1.005720
0.083203,0.045465,0.018777,0.344165,0.633094,0.067237,0.633762,0.046783,0.040066
0.083242,0.032340,0.022350,0.354118,0.629638,0.071196,0.616905,0.023337,-0.338982
0.083281,0.042918,0.025155,0.330805,0.605469,0.028502,0.594226,0.003485,0.082269
0.083320,0.049406,0.054748,0.350114,0.605639,0.032662,0.619406,0.027884,0.115512
0.083359,0.026680,0.012733,0.358670,0.595525,0.055805,0.590332,0.007872,-0.322656
0.083398,0.038085,0.020110,0.348492,0.622430,0.064025,0.608181,0.019660,0.556964
0.083437,0.035570,0.036637,0.361406,0.607222,0.037461,0.580869,0.027878,0.410775
0.083477,0.030880,0.019334,0.354661,0.589748,0.091872,0.585371,0.039244,-0.346526
0.083516,0.051148,0.018201,0.350660,0.589205,0.043112,0.545096,0.040078,0.096516
0.083555,0.044097,0.016008,0.353750,0.594322,0.046620,0.574989,0.025653,0.332916
0.083594,0.025588,0.038005,0.330429,0.548438,0.010080,0.600111,0.013599,0.324494
0.083633,0.038412,0.030839,0.353806,0.577454,0.056167,0.568407,0.042650,0.216104
0.083672,0.014085,0.034814,0.355311,0.556701,0.084912,0.606752,0.011267,0.162252
0.083711,0.045862,0.032698,0.361148,0.531322,0.102016,0.540664,0.015123,-0.073660
0.083750,0.050626,0.011273,0.355514,0.538901,0.032164,0.623583,0.025081,-0.002742
0.083789,0.038923,0.022740,0.367982,0.537114,-0.001746,0.536155,0.056039,-0.169853
0.083828,0.037425,0.013051,0.339734,0.528517,0.033238,0.445648,0.030218,-0.714922
0.083867,0.045935,0.016635,0.357926,0.528938,0.041156,0.510493,0.020293,0.116657
0.083906,0.052331,0.006847,0.373055,0.510378,0.084329,0.529596,0.033403,-0.533771
0.083945,0.024983,0.024516,0.353777,0.482119,0.043353,0.479795,-0.012401,-0.424484
0.083984,0.022473,0.016396,0.380436,0.490209,0.065264,0.490629,0.013355,0.046452
0.084023,0.053006,0.021040,0.349803,0.483877,0.048762,0.425337,0.022750,-0.521965
0.084062,0.029239,0.022528,0.361794,0.450824,0.065182,0.518711,0.012422,0.437781
0.084102,0.027264,0.014204,0.356271,0.432731,0.061226,0.469425,0.015973,0.298069
0.084141,0.047119,0.010358,0.363331,0.459292,0.037281,0.456989,0.034260,-0.134652
0.084180,0.040300,0.021103,0.373084,0.428787,0.020703,0.399359,0.053776,-0.054708
0.084219,0.016428,0.028528,0.363288,0.451630,0.079180,0.505014,0.009424,0.261609
0.084258,0.029909,0.022890,0.346749,0.446752,0.091258,0.507653,-0.022428,-0.135462
0.084297,0.037977,0.010454,0.362558,0.410748,0.059358,0.423134,-0.006096,-0.105576
0.084336,0.011679,0.018064,0.337933,0.413630,0.030211,0.423552,0.038306,-0.285446
0.084375,0.031924,0.025185,0.356871,0.396100,0.066760,0.401224,0.027187,-0.239853
0.084414,0.034494,0.033371,0.373222,0.404003,0.080983,0.454793,0.031960,0.132141
0.084453,0.036872,0.033819,0.369104,0.339647,0.084707,0.434724,0.019229,0.344521
0.084492,0.041571,0.032230,0.359102,0.375976,0.016638,0.401595,-0.004079,-0.531466
0.084531,0.029652,0.008121,0.373557,0.362520,0.041490,0.441073,-0.025324,-0.146470
0.084570,0.041211,0.021474,0.369484,0.361081,0.071737,0.464353,0.001325,-0.241437
0.084609,0.033425,0.008421,0.380555,0.336506,0.047020,0.434159,0.005541,-0.189674
0.084648,0.032561,0.042152,0.352292,0.339485,0.043014,0.425347,0.045282,-0.758618
0.084687,0.034221,0.019257,0.388584,0.336918,0.032780,0.389702,-0.006309,0.465477
0.084727,0.026920,0.005878,0.364635,0.323908,0.039631,0.393079,0.055468,-0.400480
0.084766,0.049443,0.018304,0.379371,0.312150,0.059560,0.402109,0.011014,-0.094612
0.084805,0.041038,0.012025,0.371116,0.303526,0.030871,0.366223,0.002680,0.048309
0.084844,0.031091,0.010394,0.352157,0.306313,0.035277,0.349194,0.035868,-0.076027
0.084883,0.038619,0.021321,0.370546,0.307666,0.061987,0.370302,0.009016,-0.035354
0.084922,0.036504,0.016706,0.364993,0.279817,0.045498,0.361521,0.007496,-0.286449
0.084961,0.021094,0.016337,0.385902,0.267168,0.013702,0.355280,0.002768,-0.697338
0.085000,0.047645,0.018400,0.373491,0.228078,-0.004718,0.349351,0.046297,-0.379187
0.085039,0.038159,0.008921,0.358531,0.269842,0.030698,0.310589,-0.024735,0.359138
0.085078,0.037387,0.006826,0.366310,0.210942,0.072974,0.334910,0.001301,0.509077
0.085117,0.032956,0.029376,0.384751,0.224446,0.068543,0.300262,0.026295,-0.183651
0.085156,0.038582,0.016737,0.365377,0.211921,0.062433,0.349411,-0.007973,-0.631168
0.085195,0.021814,0.010359,0.386982,0.211069,0.032112,0.304532,-0.019412,-0.181982
0.085234,0.037400,0.021149,0.391258,0.198170,0.017799,0.329771,-0.026588,0.050593
0.085273,0.039631,0.010016,0.381497,0.183482,0.010488,0.334452,-0.023021,-0.264937
0.085312,0.031084,0.007880,0.383077,0.202125,0.064558,0.315227,-0.005827,-0.463506
0.085352,0.029529,0.002834,0.386876,0.184505,0.046494,0.332370,-0.013314,0.114895
0.085391,0.044938,0.017057,0.377286,0.206203,0.064079,0.280493,0.008362,-0.163293
0.085430,0.037915,0.016563,0.374666,0.169548,0.011601,0.301751,-0.000865,-0.333265
0.085469,0.035094,0.024183,0.362293,0.144159,0.029694,0.302114,0.007233,0.199004
0.085508,0.053999,0.007701,0.398741,0.161080,0.055587,0.283129,0.027790,-0.178404
0.085547,0.046521,0.006448,0.367602,0.130998,0.049996,0.322656,0.017833,0.042675
0.085586,0.035712,0.008200,0.370391,0.129000,0.050349,0.240530,0.005094,-0.448821
0.085625,0.018417,0.010502,0.373587,0.127470,-0.000764,0.287018,0.010730,0.265342
0.085664,0.067639,0.008573,0.389627,0.096741,0.023898,0.204146,-0.005945,-0.873021
0.085703,0.043705,0.014183,0.388295,0.089908,0.029481,0.287434,0.022836,-0.175264
0.085742,0.051958,0.020259,0.399488,0.072285,0.040071,0.256676,-0.016898,-0.380220
0.085781,0.037020,0.032386,0.393953,0.063216,0.061180,0.232423,0.032185,-0.616024
0.085820,0.032647,0.022418,0.379052,0.081892,0.047267,0.268085,-0.019943,0.441528
0.085859,0.030603,0.006976,0.389892,0.065442,0.032510,0.263819,-0.010114,0.048614
0.085898,0.031168,0.011595,0.371806,0.048543,-0.007059,0.305851,-0.003957,-0.669449
0.085938,0.023507,0.010074,0.380223,0.054436,0.008803,0.242690,-0.001130,0.053622
0.085977,0.027243,0.006511,0.384951,0.057063,0.045647,0.204936,0.012048,-0.185167
0.086016,0.030687,0.003963,0.399842,0.026115,0.008814,0.234918,-0.009030,-0.391299
0.086055,0.038743,0.009046,0.383897,0.058845,0.017603,0.237060,0.008262,-0.405322
0.086094,0.047755,-0.003928,0.402776,0.030385,0.022485,0.270255,-0.025619,-0.724829
0.086133,0.028299,0.003267,0.389024,0.013837,0.049149,0.240221,0.030436,0.165291
0.086172,0.018125,0.017287,0.403052,-0.018609,0.045647,0.206053,-0.007649,-0.843836
0.086211,0.007693,0.034797,0.396235,-0.003469,0.045358,0.271542,-0.036402,-0.567276
0.086250,0.017421,0.018839,0.378109,-0.014647,0.040357,0.205132,0.011569,-0.153898
0.086289,0.034021,0.027996,0.386672,-0.024625,0.058812,0.216799,-0.020317,0.285483
0.086328,0.044066,0.011218,0.388256,-0.021082,0.024014,0.188449,0.016268,0.258949
0.086367,0.035272,0.007864,0.384580,-0.036622,0.010804,0.187895,-0.010528,0.150184
0.086406,0.025315,0.006942,0.411028,-0.061420,0.047645,0.184342,-0.009639,0.587262
0.086445,0.034719,0.016909,0.374550,-0.069207,0.014777,0.187746,0.005904,0.257297
0.086484,0.026629,-0.006979,0.390411,-0.072459,0.058452,0.182000,0.003878,0.160450
0.086523,0.041822,0.021726,0.387680,-0.071618,0.019554,0.165322,-0.023147,0.055259
0.086563,0.032714,0.023750,0.371105,-0.059210,0.058033,0.208444,0.031423,0.544861
0.086602,0.033371,0.008995,0.400502,-0.112561,0.038260,0.216440,-0.022803,-0.290998
0.086641,0.034628,0.018427,0.389433,-0.080755,0.019517,0.110010,-0.001920,-0.262949
0.086680,0.049487,0.023243,0.407547,-0.115434,0.053893,0.210853,-0.030371,-0.338466
0.086719,0.025235,0.039093,0.390526,-0.115587,0.069598,0.210613,0.009857,-0.070479
0.086758,0.060950,0.005154,0.378295,-0.087950,-0.001613,0.226933,-0.025368,0.053821
0.086797,0.026238,0.016102,0.381025,-0.131366,0.041498,0.181330,-0.026033,0.355387
0.086836,0.029978,-0.000992,0.365919,-0.145486,0.036369,0.183772,-0.030361,0.227129
0.086875,0.021452,0.014947,0.394389,-0.134896,0.047572,0.185075,-0.036386,0.080754
0.086914,0.031654,0.001606,0.400807,-0.149261,0.059231,0.164387,-0.032346,0.149720
0.086953,0.016651,0.004568,0.391691,-0.165186,0.062270,0.187351,-0.013876,-0.393432
0.086992,0.028690,0.021281,0.380856,-0.150345,0.032359,0.189989,0.001814,0.669727
0.087031,0.043508,0.016567,0.401886,-0.198767,0.060808,0.146139,-0.007100,0.562628
0.087070,0.028337,0.021547,0.385672,-0.192546,0.004973,0.149894,-0.022394,-0.051424
0.087109,0.023676,0.022912,0.382253,-0.180890,0.037803,0.115893,-0.023697,0.448059
0.087148,0.025710,0.003049,0.376047,-0.187719,-0.009632,0.129595,0.009299,-0.404786
0.087188,0.055753,0.002825,0.411329,-0.190727,0.049559,0.121447,-0.009400,-0.277693
0.087227,0.044658,0.005318,0.405392,-0.223402,0.021253,0.123516,-0.007255,0.494137
0.087266,0.025957,0.005399,0.385624,-0.232409,0.031510,0.112426,-0.010816,0.262604
0.087305,0.023775,0.019162,0.370026,-0.224630,0.015836,0.105113,-0.013189,0.944387
0.087344,0.031259,0.012317,0.388416,-0.260145,0.009752,0.069444,-0.047035,0.323628
0.087383,0.010705,-0.001835,0.384867,-0.219088,0.023157,0.100798,-0.045261,0.087498
0.087422,0.035072,0.012853,0.374080,-0.237716,0.038884,0.118155,-0.012165,-0.156357
0.087461,0.020750,0.011918,0.384870,-0.242428,0.045436,0.100694,-0.020069,0.279778
0.087500,0.051641,0.009498,0.355344,-0.270722,0.031693,0.091621,-0.008852,0.095958
0.087539,0.037330,0.012462,0.394290,-0.251361,0.026987,0.055571,-0.041259,0.220971
0.087578,0.021752,-0.006945,0.411727,-0.282395,0.020029,0.127434,-0.025738,0.243023
0.087617,0.011426,0.015861,0.380087,-0.269741,0.023998,0.072677,0.058602,0.639101
0.087656,0.026014,0.003516,0.386305,-0.300677,0.062391,0.067936,0.155203,0.094461
0.087695,0.031779,0.013395,0.398985,-0.282216,-0.000727,0.124880,0.240901,-0.005186
0.087734,0.040869,0.019094,0.385853,-0.312585,-0.012598,0.091337,0.035328,0.108791
0.087773,0.044830,0.022016,0.393598,-0.302478,0.022856,0.049926,-0.106028,-0.011969
0.087813,0.041715,-0.002518,0.395079,-0.303029,0.028535,0.089568,-0.201585,0.146589
0.087852,0.024707,-0.002533,0.394518,-0.306648,0.048168,0.022433,-0.220603,-0.065137
0.087891,0.039454,0.009313,0.398894,-0.314870,0.015034,0.085089,-0.128922,-0.328211
0.087930,0.033340,0.006616,0.384971,-0.321985,0.035319,0.029482,-0.013996,-0.131701
0.087969,0.017925,0.000791,0.391244,-0.331669,0.039896,0.032145,0.118226,0.062191
0.088008,0.022546,0.010418,0.376773,-0.332777,0.015273,0.050862,0.117931,-0.062037
0.088047,0.038201,0.011370,0.374812,-0.332553,0.032538,0.042742,0.081428,-0.070077
0.088086,0.052879,0.019874,0.378693,-0.323005,0.048219,0.027468,-0.033686,0.154108
0.088125,0.032873,0.012719,0.383050,-0.351538,0.018840,0.021194,-0.117859,0.224007
0.088164,0.029987,0.012236,0.391849,-0.348912,0.013606,0.066454,-0.171377,-0.321517
0.088203,0.032689,-0.019871,0.393459,-0.359979,0.030556,0.050705,-0.105983,0.211388
0.088242,0.014876,0.005505,0.384890,-0.380590,0.051528,0.051118,-0.034940,0.281213
0.088281,0.027847,0.013375,0.375202,-0.356962,0.031118,0.066909,0.023310,0.306483
0.088320,0.036142,0.016352,0.381697,-0.380592,0.015234,0.038397,0.074161,0.094101
0.088359,0.025599,0.002893,0.389277,-0.382854,-0.006401,0.057586,0.035481,0.639745
0.088398,0.030772,0.016853,0.374126,-0.405885,0.029691,0.084799,-0.003714,0.343439
0.088438,0.026707,0.002347,0.391424,-0.386752,-0.008015,0.063141,-0.079967,0.492568
0.088477,0.019352,0.009514,0.375850,-0.349513,-0.004561,-0.037822,-0.107784,-0.633118
0.088516,0.023361,0.020250,0.375178,-0.385307,0.051509,-0.005464,-0.082745,-0.096899
0.088555,0.017386,0.008742,0.392060,-0.394487,-0.005170,0.040325,-0.076335,0.570632
0.088594,0.029341,0.021524,0.397548,-0.386138,0.054511,0.051288,0.030885,0.391210
0.088633,0.043916,0.025155,0.378355,-0.400738,0.031159,0.006046,0.049679,-0.030081
0.088672,0.034882,0.004759,0.367530,-0.386140,0.014131,-0.016677,0.025020,-0.057191
0.088711,0.041295,0.003582,0.384622,-0.419256,0.007633,-0.100028,-0.021666,-0.546642
0.088750,0.035875,-0.001895,0.383147,-0.417891,0.013491,0.007539,-0.050845,-0.545695
0.088789,0.036650,0.023401,0.405112,-0.429491,0.031366,-0.031790,-0.109350,0.664944
0.088828,0.021970,0.007676,0.366532,-0.450321,0.043416,-0.039280,-0.073695,0.606216
0.088867,0.041792,-0.009290,0.379295,-0.411576,-0.000821,-0.016094,-0.051674,0.376794
0.088906,0.039129,-0.010041,0.372050,-0.449541,0.039776,0.024542,-0.015834,-0.462722
0.088945,0.035428,0.019709,0.368241,-0.408615,0.035249,-0.023961,0.006664,0.275248
0.088984,0.039370,-0.007696,0.372408,-0.400890,-0.027379,-0.076579,-0.021431,0.692352
0.089023,0.039972,0.000700,0.405491,-0.434690,0.043234,-0.075478,-0.021929,0.649421
0.089063,0.030333,0.003933,0.386874,-0.456291,0.018553,-0.029905,-0.060692,-0.258927
0.089102,0.038684,0.001088,0.381976,-0.464879,-0.028200,-0.023613,-0.048204,0.481311
0.089141,0.039024,-0.002557,0.359953,-0.461170,0.018382,-0.068874,-0.097920,0.596481
0.089180,0.050699,0.004672,0.356377,-0.457344,0.020286,-0.018732,-0.084838,0.435261
0.089219,0.027480,0.017658,0.383665,-0.469613,0.036085,-0.073710,-0.044530,0.062887
0.089258,0.035390,0.017440,0.345566,-0.458040,-0.001409,-0.101808,-0.025612,0.150776
0.089297,0.045178,0.014241,0.393879,-0.462043,0.017994,-0.130531,0.004060,1.067519
0.089336,0.043920,0.006580,0.349566,-0.461834,0.026622,-0.078454,-0.004777,-0.075444
0.089375,0.039384,0.019667,0.372224,-0.450072,0.011809,-0.098229,-0.035870,-0.377841
0.089414,0.038376,0.006092,0.384842,-0.460291,0.913490,-0.115081,-0.075023,-0.511772
0.089453,0.045870,0.000694,0.386843,-0.460624,1.089183,-0.143291,-0.055216,-0.380551
0.089492,0.051202,-0.001133,0.366196,-0.467032,0.213680,-0.145838,-0.053046,0.609977
0.089531,0.036823,0.016055,0.369960,-0.487791,-0.758352,-0.117287,-0.049859,0.503025
0.089570,0.044355,0.005755,0.354700,-0.479724,-0.998937,-0.133774,-0.033681,0.071357
0.089609,0.031315,0.006617,0.370590,-0.467184,-0.229313,-0.145099,-0.027295,-0.220191
0.089648,0.028508,0.020821,0.370290,-0.485644,0.714947,-0.146507,-0.018055,0.175990
0.089688,0.028230,-0.007050,0.359984,-0.479658,0.952661,-0.095746,-0.020731,0.599275
0.089727,0.033780,0.009256,0.361405,-0.497421,0.315500,-0.160329,-0.059320,-0.056335
0.089766,0.037890,0.019078,0.371966,-0.471769,-0.575250,-0.188350,-0.067579,-0.037340
0.089805,0.038854,0.016669,0.359667,-0.463902,-0.758950,-0.173918,-0.049211,-0.005116
0.089844,0.038724,0.006086,0.353026,-0.479223,-0.274198,-0.204016,-0.059628,0.615507
0.089883,0.045602,0.002753,0.355174,-0.492920,0.528430,-0.151077,-0.027840,0.191264
0.089922,0.028952,0.009198,0.345179,-0.483421,0.754213,-0.143386,0.015566,-0.605921
0.089961,0.028130,0.018058,0.346735,-0.509905,0.313659,-0.171778,-0.031558,-0.118714
0.090000,0.055267,0.014435,0.377622,-0.515437,-0.384445,-0.212374,-0.023078,-0.676480
0.090039,0.053700,0.014983,0.386925,-0.502127,-0.670749,-0.232376,-0.068269,0.155981
0.090078,0.067957,0.010227,0.346790,-0.489062,-0.257033,-0.207363,-0.067243,0.468124
0.090117,0.048844,0.012588,0.366372,-0.491371,0.367574,-0.214055,-0.091717,0.506235
0.090156,0.042970,0.003801,0.348602,-0.485830,0.619489,-0.225975,-0.026013,-0.102286
0.090195,0.038954,0.001883,0.341905,-0.492734,0.318631,-0.214579,-0.053070,-0.090718
0.090234,0.030890,0.018068,0.361207,-0.482476,-0.295877,-0.156751,-0.037667,0.122377
0.090273,0.021166,0.004005,0.336984,-0.500372,-0.571620,-0.252799,-0.012261,-0.095133
0.090313,0.049297,0.007884,0.365290,-0.503329,-0.281113,-0.211074,-0.064307,-0.013126
0.090352,0.051988,-0.003124,0.341312,-0.506274,0.267056,-0.247623,-0.063477,0.066672
0.090391,0.040763,0.008699,0.338225,-0.498743,0.524439,-0.279696,-0.081422,0.526525
0.090430,0.052876,0.009576,0.345890,-0.518877,0.281541,-0.270276,-0.054697,-0.186320
0.090469,0.044371,0.011790,0.347018,-0.519118,-0.166767,-0.204200,-0.074288,-0.267759
0.090508,0.020953,0.016206,0.333936,-0.516275,-0.466933,-0.302423,-0.033656,0.259391
0.090547,0.037475,0.033556,0.342151,-0.506744,-0.238969,-0.235896,-0.046615,0.381943
0.090586,0.052744,0.008522,0.325647,-0.535967,0.195258,-0.279409,-0.072131,-0.055547
0.090625,0.050800,0.017782,0.345619,-0.515111,0.411481,-0.240168,-0.054331,0.174494
0.090664,0.041207,0.000487,0.350699,-0.520422,0.300655,-0.282708,-0.051588,-0.080162
0.090703,0.045574,0.005750,0.331312,-0.501935,-0.155674,-0.202907,-0.030998,0.186269
0.090742,0.062935,0.008373,0.340344,-0.487672,-0.367868,-0.292193,-0.073501,-0.470194
0.090781,0.031662,0.019201,0.347594,-0.504051,-0.249639,-0.296511,-0.037066,-0.095916
0.090820,0.046622,0.005610,0.342934,-0.518651,0.163586,-0.237022,-0.032279,0.204773
0.090859,0.049605,0.026727,0.353101,-0.495080,0.342574,-0.249476,-0.039517,0.473453
0.090898,0.068498,-0.002690,0.324284,-0.532639,0.268530,-0.286896,-0.015494,-0.299926
0.090938,0.042041,0.016678,0.316142,-0.496691,-0.056903,-0.315565,-0.049950,0.460091
0.090977,0.032243,0.007510,0.317673,-0.502823,-0.309875,-0.303560,-0.041312,0.991236
0.091016,0.038132,0.000155,0.331813,-0.510215,-0.193196,-0.308564,-0.086338,0.192807
0.091055,0.054576,-0.010890,0.328003,-0.516018,0.057255,-0.249842,-0.050079,0.112412
0.091094,0.060242,-0.007238,0.324249,-0.515969,0.240663,-0.259046,-0.075854,-0.438711
0.091133,0.037781,0.018232,0.316478,-0.518290,0.242344,-0.312879,-0.087086,0.283729
0.091172,0.022839,0.007281,0.341083,-0.529536,-0.033344,-0.365895,-0.041818,0.588253
0.091211,0.046497,0.013339,0.313181,-0.508817,-0.265776,-0.373885,-0.034263,-0.226709
0.091250,0.069998,0.027571,0.325979,-0.513906,-0.205582,-0.322128,-0.020896,0.413139
0.091289,0.057183,0.004315,0.336121,-0.494820,0.062769,-0.378202,-0.050929,0.749611
0.091328,0.055115,0.006630,0.313691,-0.506090,0.210944,-0.328712,-0.048739,0.137283
0.091367,0.039231,0.011205,0.298883,-0.517507,0.196450,-0.303176,-0.078269,0.327969
0.091406,0.028372,0.012779,0.301385,-0.498492,0.006671,-0.300267,-0.091284,0.306770
0.091445,0.055215,0.011580,0.309835,-0.506901,-0.148162,-0.387869,-0.059253,-0.313259
0.091484,0.055223,0.003327,0.284577,-0.521838,-0.146535,-0.271710,-0.070082,-0.044391
0.091523,0.057412,-0.007352,0.297996,-0.523816,0.030564,-0.311488,-0.024962,0.456323
0.091563,0.038069,-0.001007,0.318664,-0.544149,0.164802,-0.389569,-0.034989,0.200907
0.091602,0.037047,0.010150,0.301997,-0.525944,0.142883,-0.336946,-0.077091,-0.030218
0.091641,0.042500,0.014250,0.296332,-0.513386,0.007496,-0.389211,-0.074233,-0.221706
0.091680,0.036727,0.004022,0.307328,-0.512470,-0.152950,-0.364589,-0.061096,0.122904
0.091719,0.028317,0.003721,0.311465,-0.552034,-0.149204,-0.309625,-0.077032,0.358374
0.091758,0.038331,0.002483,0.284796,-0.513514,-0.018779,-0.414323,-0.053679,0.026028
0.091797,0.048298,0.008032,0.310543,-0.511134,0.166973,-0.361110,-0.070379,0.156105
0.091836,0.047700,0.010419,0.297780,-0.505368,0.149162,-0.337748,-0.036187,0.317873
0.091875,0.042789,0.004177,0.289540,-0.525792,0.060657,-0.347219,-0.082607,0.090464
0.091914,0.058929,0.025227,0.286440,-0.496290,-0.113398,-0.362781,-0.070338,-0.151246
0.091953,0.050472,-0.002377,0.299990,-0.510096,-0.152483,-0.345350,-0.062664,-0.093191
0.091992,0.050425,-0.002992,0.287954,-0.512388,-0.009062,-0.370249,-0.069670,0.163408
0.092031,0.039479,-0.008970,0.274825,-0.518063,0.128387,-0.340516,-0.086741,-0.823064
0.092070,0.042068,0.005362,0.303224,-0.513233,0.120900,-0.419223,-0.064177,0.303021
0.092109,0.065323,0.002677,0.306450,-0.502568,0.061857,-0.357434,-0.063997,0.027453
0.092148,0.050349,0.008657,0.310348,-0.517755,-0.081705,-0.397235,-0.030772,-0.043604
0.092188,0.044765,-0.010182,0.278562,-0.505270,-0.108673,-0.405205,-0.081227,-0.224194
0.092227,0.033421,-0.000727,0.300858,-0.499379,-0.014250,-0.396390,-0.027024,0.123902
0.092266,0.048472,0.003052,0.300108,-0.480348,0.077776,-0.337981,-0.070793,-0.045668
0.092305,0.035451,0.001736,0.299530,-0.541185,0.106640,-0.397524,-0.077487,-0.010255
0.092344,0.060398,0.001768,0.284407,-0.472788,0.060952,-0.349242,-0.053251,-0.065979
0.092383,0.058800,0.002228,0.252708,-0.522185,-0.070062,-0.365051,-0.053628,-0.643104
0.092422,0.047361,0.003978,0.270274,-0.534085,-0.068872,-0.349137,-0.079075,-0.596810
0.092461,0.041010,0.017801,0.283235,-0.494656,-0.047399,-0.372462,-0.075573,-0.487114
0.092500,0.047831,0.002294,0.281193,-0.517295,0.034293,-0.336620,-0.046014,-0.085753
0.092539,0.033670,-0.012523,0.272188,-0.509696,0.110257,-0.387839,-0.043416,0.010579
0.092578,0.046111,-0.001256,0.269448,-0.516632,0.040138,-0.340295,-0.075869,0.287704
0.092617,0.067096,0.002476,0.275205,-0.516386,-0.043453,-0.306406,-0.055537,0.200345
0.092656,0.031218,-0.004038,0.252757,-0.477571,-0.038884,-0.328060,-0.080210,-0.131375
0.092695,0.036076,0.015250,0.272024,-0.498127,-0.009405,-0.355667,-0.070306,-0.172511
0.092734,0.052591,0.017033,0.265179,-0.506321,0.036247,-0.329721,-0.051560,-0.286752
0.092773,0.035115,0.001741,0.260851,-0.507991,0.081173,-0.302362,-0.080196,-0.638971
0.092813,0.038095,0.013240,0.246777,-0.490229,0.066231,-0.340582,-0.034449,-0.020720
0.092852,0.021449,0.016863,0.238012,-0.507968,-0.045669,-0.379781,-0.047632,-1.064109
0.092891,0.022046,0.016358,0.251239,-0.505937,-0.054322,-0.339875,-0.087904,0.384004
0.092930,0.026378,0.005121,0.240004,-0.495714,-0.042418,-0.340951,-0.080884,-0.207156
0.092969,0.054103,-0.030997,0.251044,-0.506277,0.019860,-0.302395,-0.054568,0.286592
0.093008,0.051145,-0.000410,0.251180,-0.470574,0.060606,-0.375528,-0.071116,-0.971340
0.093047,0.033895,0.004339,0.256230,-0.490650,0.052616,-0.330775,-0.095291,-0.743849
0.093086,0.027235,-0.005759,0.244793,-0.490735,0.008987,-0.318972,-0.092217,-0.763650
0.093125,0.038467,-0.009468,0.244437,-0.515363,-0.045454,-0.333522,-0.056575,-0.591659
0.093164,0.044899,0.003163,0.244026,-0.499119,-0.031831,-0.253138,-0.055704,0.023087
0.093203,0.042967,-0.000616,0.219392,-0.495108,0.031063,-0.316237,-0.062066,-0.192699
0.093242,0.044950,-0.011632,0.239794,-0.490083,0.022395,-0.300798,-0.052853,-0.493218
0.093281,0.049077,-0.000752,0.241793,-0.484393,0.006895,-0.337141,-0.070435,-0.261025
0.093320,0.048720,-0.001659,0.208284,-0.490883,0.005718,-0.325613,-0.086309,-1.102753
0.093359,0.036934,0.013954,0.226658,-0.488022,-0.038050,-0.324716,-0.058491,-0.463630
0.093398,0.051949,-0.004846,0.217822,-0.488131,-0.010041,-0.296492,-0.080958,-0.324065
0.093438,0.032672,0.000375,0.241587,-0.467233,0.026116,-0.352833,-0.086163,-0.326870
0.093477,0.050812,0.001018,0.249243,-0.485326,0.053738,-0.294711,-0.075705,0.396139
0.093516,0.037131,-0.018680,0.239924,-0.469960,0.067564,-0.226272,-0.064520,0.692841
0.093555,0.053663,0.008441,0.225669,-0.493238,0.000302,-0.287069,-0.044363,-0.243774
0.093594,0.018879,-0.001795,0.224851,-0.473275,-0.021446,-0.223507,-0.024059,-0.879095
0.093633,0.036682,-0.015376,0.212216,-0.469755,-0.038678,-0.260860,-0.050459,-0.849199
0.093672,0.033517,0.011139,0.195691,-0.475956,0.011232,-0.314716,-0.064806,-0.574090
0.093711,0.050614,-0.006641,0.207075,-0.477124,0.062734,-0.266408,-0.107915,-0.031886
0.093750,0.016381,-0.009674,0.205698,-0.485322,0.032967,-0.240550,-0.073153,0.187949
0.093789,0.041548,-0.001797,0.228576,-0.511756,0.013349,-0.238817,-0.081765,-0.614041
0.093828,0.027320,-0.000463,0.211013,-0.490917,0.011296,-0.251808,-0.092174,-0.612741
0.093867,0.029094,-0.002237,0.187651,-0.481612,-0.025820,-0.224093,-0.082147,-0.405269
0.093906,0.044139,-0.002844,0.219715,-0.487967,0.015749,-0.238847,-0.035658,-0.066889
0.093945,0.044638,0.017008,0.197024,-0.459914,0.027498,-0.195135,-0.080480,-0.396931
0.093984,0.030176,-0.000478,0.214941,-0.468618,0.060541,-0.261344,-0.088820,0.009936
0.094023,0.045790,-0.000236,0.205696,-0.481871,-0.007282,-0.179893,-0.071731,-0.830998
0.094062,0.027421,0.001739,0.196939,-0.460051,0.002877,-0.268192,-0.077320,-0.508043
0.094102,0.021415,0.002945,0.200874,-0.450420,-0.045929,-0.202413,-0.069108,0.418021
0.094141,0.036046,-0.002217,0.188520,-0.463818,-0.022953,-0.175693,-0.077808,-0.256478
0.094180,0.061365,-0.009068,0.193886,-0.428150,0.015975,-0.206383,-0.058984,-0.269453
0.094219,0.025584,0.004831,0.179196,-0.483441,0.013651,-0.182106,-0.040355,-0.576544
0.094258,0.055371,-0.009551,0.197487,-0.453730,0.039654,-0.162874,-0.068593,-0.136764
0.094297,0.019531,-0.002411,0.185027,-0.467137,-0.006535,-0.183296,-0.044009,0.221451
0.094336,0.034586,-0.024903,0.179805,-0.470924,-0.013341,-0.180547,-0.063103,-0.079854
0.094375,0.027589,0.007579,0.187243,-0.474080,0.024945,-0.170995,-0.052756,0.541999
0.094414,0.022852,-0.017962,0.172466,-0.450904,0.011354,-0.171524,-0.070238,-0.329211
0.094453,0.039561,-0.015373,0.173046,-0.442084,-0.004679,-0.092721,-0.069084,-0.481905
0.094492,0.028474,-0.007577,0.156912,-0.415604,-0.018394,-0.151090,-0.028917,0.239739
0.094531,0.037138,-0.010660,0.156072,-0.462516,-0.004122,-0.114732,-0.056318,0.288311
0.094570,0.042658,-0.005988,0.185673,-0.443402,-0.014747,-0.107323,-0.076635,0.213314
0.094609,0.044466,-0.013206,0.176011,-0.438562,0.007379,-0.127552,-0.089463,0.493498
0.094648,0.012034,0.000278,0.188402,-0.432099,-0.010613,-0.142940,-0.061914,-0.088720
0.094687,0.023313,-0.003072,0.157859,-0.476913,0.027237,-0.093598,-0.083772,-0.238380
0.094727,0.037985,-0.013938,0.151281,-0.435413,0.003978,-0.077937,-0.067801,-0.483064
0.094766,0.030918,-0.011776,0.174938,-0.439421,0.004916,-0.052387,-0.063202,-0.230991
0.094805,0.041124,-0.003095,0.145929,-0.424882,-0.026141,-0.091809,-0.061610,-0.093223
0.094844,0.029186,-0.001780,0.153668,-0.439682,-0.020672,-0.063298,-0.014137,-0.347691
0.094883,0.029758,-0.019549,0.168546,-0.432884,0.029358,-0.075507,-0.079126,-0.219832
0.094922,0.026971,-0.018806,0.158950,-0.450308,0.010121,-0.057421,-0.069793,-0.857855
0.094961,0.019254,-0.015366,0.135715,-0.424558,-0.003434,-0.055400,-0.088232,-0.462245
0.095000,0.020512,-0.008426,0.147678,-0.423644,0.009488,-0.072410,-0.077764,0.063161
0.095039,0.005969,-0.024295,0.159546,-0.456066,-0.019972,-0.012989,-0.095069,0.403744
0.095078,0.031539,-0.008870,0.133836,-0.422511,0.013085,0.005140,-0.073726,-0.286626
0.095117,0.032288,-0.021095,0.139760,-0.413092,-0.009325,-0.022310,-0.049225,-0.282993
0.095156,0.004507,-0.010988,0.149497,-0.415955,0.007143,-0.025487,-0.079794,0.167034
0.095195,0.012972,-0.024441,0.109279,-0.395160,-0.016969,-0.050489,-0.076018,-0.213585
0.095234,0.019545,-0.000168,0.130090,-0.404955,0.014607,-0.044952,-0.044287,0.097928
0.095273,0.042763,-0.029500,0.145740,-0.408961,-0.021128,-0.013078,-0.053818,-0.189867
0.095312,0.032068,-0.002143,0.126327,-0.415133,0.003553,0.019236,-0.054775,-0.026688
0.095352,0.011203,-0.012159,0.136658,-0.412091,-0.001859,0.006278,-0.068364,-0.437331
0.095391,0.014691,0.007486,0.128613,-0.404922,0.004268,0.068732,-0.091589,0.202868
0.095430,0.014170,-0.001908,0.119470,-0.414117,0.023719,0.003541,-0.073052,0.284095
0.095469,0.015730,-0.008702,0.104168,-0.397602,-0.010278,-0.023702,-0.071075,0.085744
0.095508,0.022284,-0.015411,0.111808,-0.434410,-0.003342,0.020757,-0.088007,0.109299
0.095547,0.024475,-0.020544,0.131373,-0.386760,0.017869,0.066293,-0.068306,-0.071236
0.095586,0.012816,-0.013234,0.100669,-0.413310,-0.012179,0.011108,-0.090097,0.631704
0.095625,0.025753,0.005703,0.091759,-0.393897,0.020402,-0.024767,-0.059140,-0.358533
0.095664,0.032104,-0.011059,0.106090,-0.376883,0.002069,-0.017656,-0.047214,0.496370
0.095703,0.029989,-0.016622,0.112005,-0.387579,0.002873,0.045163,-0.027025,0.233600
0.095742,0.022931,-0.010228,0.127466,-0.395106,-0.007330,0.100937,-0.030677,0.266651
0.095781,0.007277,0.001594,0.115387,-0.380955,0.005280,0.038913,-0.067713,0.554051
0.095820,0.027218,-0.017634,0.105264,-0.394025,-0.002526,0.062397,-0.079116,0.057454
0.095859,0.001452,-0.020643,0.092163,-0.378803,-0.017604,0.045920,-0.035884,0.358019
0.095898,0.032811,-0.014069,0.096980,-0.374388,-0.020683,0.007353,-0.063759,-0.021350
0.095937,0.017725,-0.007852,0.109010,-0.355284,-0.026679,0.075110,-0.056748,0.075686
0.095977,0.017555,0.000210,0.101895,-0.374644,0.007135,0.108187,-0.050941,-0.406378
0.096016,0.015881,-0.022432,0.076375,-0.378399,0.006380,0.128214,-0.073487,0.103296
0.096055,0.027151,0.002289,0.082341,-0.374484,-0.017848,0.129180,-0.065173,0.500004
0.096094,0.006005,-0.004373,0.096134,-0.357638,0.006875,0.108361,-0.061589,0.087820
0.096133,0.005060,-0.029796,0.089204,-0.365376,-0.002428,0.115612,-0.067256,-0.087050
0.096172,0.014782,-0.015411,0.076832,-0.362363,-0.012061,0.119560,-0.062797,-0.673173
0.096211,0.014345,-0.011236,0.077306,-0.370452,-0.016182,0.066537,-0.040298,0.239398
0.096250,0.003183,-0.009909,0.099948,-0.348448,-0.014618,0.128027,-0.100467,-0.402246
0.096289,0.007057,-0.011983,0.092436,-0.342397,-0.004631,0.064138,0.000991,-0.031729
0.096328,0.008259,-0.006829,0.083360,-0.367977,0.013334,0.152436,0.098387,-0.035043
0.096367,0.003288,-0.006279,0.071916,-0.351719,0.024963,0.116294,0.130459,-0.139475
0.096406,0.009405,-0.016971,0.075298,-0.339734,-0.025809,0.092987,0.041774,0.074198
0.096445,0.002025,-0.026637,0.072628,-0.335239,0.013594,0.103342,-0.098654,0.063524
0.096484,0.004855,-0.018247,0.070108,-0.306385,0.005984,0.136557,-0.184106,0.000580
0.096523,0.019409,-0.036067,0.086914,-0.326957,0.006841,0.130219,-0.194957,-0.367283
0.096562,0.000158,-0.020113,0.077767,-0.358556,0.002878,0.178510,-0.168936,0.256515
0.096602,0.006154,-0.024820,0.057502,-0.303499,-0.018101,0.147172,-0.055312,-0.324396
0.096641,0.000776,-0.001795,0.072236,-0.300007,0.000437,0.183864,0.045138,-0.267335
0.096680,0.001451,-0.013590,0.047240,-0.329689,-0.033082,0.112344,0.084780,0.161511
0.096719,0.027404,-0.020217,0.046573,-0.322185,0.018630,0.118456,0.005719,0.219983
0.096758,0.003373,-0.022825,0.039819,-0.296705,-0.019917,0.204992,-0.041921,0.402122
0.096797,0.006698,-0.006180,0.044829,-0.294155,0.004561,0.151464,-0.134519,0.188603
0.096836,0.017972,-0.022111,0.040702,-0.323665,-0.004659,0.146902,-0.156882,0.442091
0.096875,0.018055,-0.004222,0.067800,-0.316211,0.012706,0.178315,-0.108412,0.498477
0.096914,0.018187,-0.002141,0.055777,-0.289057,-0.014334,0.205916,-0.072439,-0.224158
0.096953,0.005786,-0.017946,0.059820,-0.300431,-0.000869,0.162662,0.016552,-0.529925
0.096992,0.016702,-0.006486,0.019599,-0.290299,-0.010524,0.140318,0.035461,0.888343
0.097031,0.006736,-0.008444,0.018275,-0.293698,0.017202,0.216994,0.023371,-0.204338
0.097070,0.000510,-0.020978,0.024157,-0.243190,-0.006988,0.169189,-0.018519,-0.120556
0.097109,0.013931,-0.026079,0.007424,-0.289174,-0.013935,0.129906,-0.123983,-0.243166
0.097148,0.007327,-0.005282,0.028232,-0.248872,-0.001929,0.168205,-0.111826,0.032246
0.097187,0.004015,-0.007653,0.028470,-0.240721,0.016728,0.172471,-0.118525,-0.365850
0.097227,0.005477,-0.030021,0.044443,-0.267869,-0.043101,0.175825,-0.077484,-0.239603
0.097266,0.003241,-0.014164,0.023881,-0.222387,0.010399,0.212669,-0.013738,-0.047344
0.097305,0.000879,-0.006033,0.012960,-0.258094,-0.009058,0.170164,-0.000982,0.409868
0.097344,0.005371,-0.014598,0.023425,-0.232563,0.013993,0.219729,0.008240,-0.406751
0.097383,0.006962,-0.021692,0.012479,-0.245764,0.003910,0.225888,-0.043450,-0.727355
0.097422,-0.006155,-0.023660,-0.003429,-0.227901,-0.013676,0.215369,-0.059604,0.756607
0.097461,0.005267,-0.017865,0.006523,-0.232301,0.014608,0.235502,-0.085699,0.013734
0.097500,0.001859,-0.017211,-0.007335,-0.219345,-0.017387,0.180641,-0.093182,0.413560
0.097539,0.002465,-0.015094,0.000329,-0.214876,-0.001658,0.198198,-0.095574,0.447301
0.097578,0.009805,-0.017084,0.001007,-0.219127,-0.006132,0.223458,-0.056563,0.467085
0.097617,0.011163,-0.029607,0.013104,-0.205125,0.003594,0.153237,-0.010031,0.107442
0.097656,-0.004244,-0.015814,0.003542,-0.201020,0.019214,0.239364,-0.027766,0.480521
0.097695,0.017867,-0.016552,0.008347,-0.206642,-0.014724,0.159770,-0.047548,0.488151
0.097734,-0.003012,-0.004190,0.011847,-0.184424,-0.009562,0.298219,-0.042043,-0.220245
0.097773,0.010881,-0.019156,0.021578,-0.191669,0.003852,0.207232,-0.083080,-0.668468
0.097812,0.007434,-0.019594,-0.002324,-0.222021,-0.032489,0.190955,-0.076465,0.286829
0.097852,-0.001207,-0.022844,-0.011463,-0.165826,-0.049065,0.178273,-0.048853,-0.170159
0.097891,0.007114,-0.022579,-0.049118,-0.181670,-0.001139,0.166259,-0.063765,0.587129
0.097930,0.005085,-0.016649,-0.007978,-0.178795,-0.014683,0.129678,-0.010044,-0.115914
0.097969,0.000555,-0.020742,-0.000658,-0.178950,-0.046377,0.145069,-0.005854,0.089642
0.098008,0.021734,-0.039473,-0.019043,-0.171260,-0.028405,0.149254,-0.016176,-0.034686
0.098047,-0.000253,0.013036,-0.031264,-0.180716,-0.050705,0.168961,-0.032993,0.222061
0.098086,0.004590,-0.023133,-0.020732,-0.141413,-0.011724,0.196862,-0.065625,-0.030622
0.098125,0.011194,-0.016997,-0.024456,-0.103228,-0.038790,0.152032,-0.074779,0.799149
0.098164,0.013670,-0.014505,-0.034048,-0.126582,-0.007614,0.149832,-0.066723,0.399372
0.098203,0.020742,-0.007301,-0.026931,-0.128773,-0.037383,0.241514,-0.047304,-0.203642
0.098242,-0.006498,-0.001277,-0.011938,-0.140037,0.006887,0.191271,0.019869,0.166798
0.098281,0.012338,-0.018865,-0.012059,-0.117188,-0.004160,0.202013,-0.012446,0.533188
0.098320,0.002443,-0.019479,-0.044819,-0.108930,-0.043494,0.186449,-0.021994,-0.461614
0.098359,0.006533,-0.027458,-0.035362,-0.101483,-0.017196,0.221287,-0.054124,0.132881
0.098398,-0.001993,-0.028247,-0.050627,-0.105582,-0.029783,0.209751,-0.028987,0.169231
0.098437,-0.002194,-0.016108,-0.051166,-0.085009,-0.038151,0.189336,-0.062519,0.302895
0.098477,-0.001303,-0.022907,-0.052391,-0.095404,-0.032989,0.163186,-0.047526,-1.051357
0.098516,-0.017532,-0.027927,-0.040604,-0.097995,-0.006329,0.200727,-0.009903,-0.529812
0.098555,0.021633,-0.013767,-0.044079,-0.065087,-0.022378,0.115818,-0.033263,-0.391239
0.098594,0.000273,-0.011890,-0.036193,-0.047487,-0.035362,0.173831,-0.021424,-0.111221
0.098633,0.015834,-0.045987,-0.030217,-0.055054,0.026472,0.144726,0.001499,0.529649
0.098672,0.008701,-0.012313,-0.057588,-0.066410,0.001164,0.149317,-0.032834,0.299832
0.098711,-0.001687,-0.024561,-0.049427,-0.065012,0.000034,0.140881,-0.058879,0.829443
0.098750,-0.002209,-0.010408,-0.041780,-0.033498,0.029056,0.201180,-0.040090,0.025430
0.098789,0.008537,-0.005470,-0.062412,-0.029330,0.029392,0.148046,-0.064227,0.194170
0.098828,0.029732,-0.011510,-0.052911,-0.039665,-0.042069,0.125275,-0.030385,0.588619
0.098867,0.004828,-0.016159,-0.064878,-0.057187,-0.052849,0.204726,-0.031046,0.625420
0.098906,0.012490,-0.025320,-0.049127,-0.043196,-0.046239,0.145739,-0.021282,-0.362168
0.098945,0.009762,-0.016363,-0.059765,-0.026411,-0.012762,0.115168,-0.012994,-0.025469
0.098984,0.022175,-0.010728,-0.066087,-0.013471,-0.031533,0.176345,0.014309,1.094270
0.099023,0.020175,-0.020363,-0.087007,-0.039929,0.009566,0.087147,-0.025068,0.257336
0.099062,-0.006653,-0.009568,-0.081628,-0.023775,-0.004212,0.114405,-0.040312,-0.413724
0.099102,-0.013639,-0.028615,-0.062790,-0.027727,-0.045882,0.171811,-0.033799,-0.061584
0.099141,-0.000785,-0.049064,-0.069685,-0.033244,-0.047497,0.154485,-0.044327,-0.163378
0.099180,-0.003989,-0.018127,-0.072974,-0.002972,-0.038947,0.101027,-0.009248,0.212101
0.099219,0.004619,-0.011075,-0.086961,0.002322,-0.031003,0.121036,-0.002518,-0.227651
0.099258,0.004173,-0.012599,-0.062515,0.047823,0.011532,0.075152,-0.052977,0.063653
0.099297,-0.014181,-0.020209,-0.082594,0.018786,-0.017960,0.101228,-0.021857,0.167331
0.099336,0.012100,-0.027488,-0.076812,0.043052,-0.043136,0.084695,-0.014305,0.111240
0.099375,-0.002363,-0.023476,-0.090759,0.056022,-0.017829,0.113894,-0.022743,-0.077046
0.099414,-0.003200,-0.007420,-0.070052,0.057922,-0.032173,0.069464,-0.020511,0.027456
0.099453,0.003774,-0.020680,-0.072054,0.060874,-0.004785,0.120345,-0.042543,0.349075
0.099492,0.011503,-0.026208,-0.083598,0.067680,-0.040748,0.114292,-0.065119,-0.193910
0.099531,-0.000345,-0.010091,-0.097992,0.043681,-0.031478,0.073868,-0.019660,0.462743
0.099570,0.009851,-0.009066,-0.099530,0.079913,-0.011473,0.064316,-0.050747,0.106549
0.099609,0.014956,-0.022591,-0.107307,0.047057,-0.025250,0.085333,0.006107,0.504902
0.099648,0.008288,-0.028427,-0.103628,0.080918,-0.025200,0.063596,-0.016435,-0.226901
0.099687,-0.006296,-0.041678,-0.105595,0.120191,-0.035851,0.097635,-0.046771,-0.490135
0.099727,0.009946,-0.018902,-0.125541,0.090184,-0.010839,0.029403,-0.016628,0.089924
0.099766,-0.011405,-0.027189,-0.093103,0.068522,-0.036964,0.043112,-0.046399,0.244828
0.099805,0.024203,-0.016668,-0.108535,0.130346,-0.066452,0.024101,0.016466,0.240079
0.099844,0.019413,-0.006931,-0.108738,0.109980,-0.043640,0.047376,0.000578,-0.145849
0.099883,0.011580,-0.000295,-0.107172,0.106881,-0.020411,0.031985,0.016592,0.243375
0.099922,0.002453,-0.000450,-0.114680,0.128149,-0.010098,0.041466,0.020439,-0.376891
0.099961,0.003179,-0.012149,-0.120319,0.148499,0.593511,0.057835,-0.041580,-0.057954
0.100000,0.022377,-0.018040,-0.113721,0.104079,1.073137,0.075228,-0.005388,-0.050609
0.100039,0.024271,-0.023718,-0.099746,0.141801,0.505151,0.064101,-0.009504,0.142204
0.100078,0.003884,-0.018646,-0.119729,0.142273,-0.546156,0.003098,-0.050540,0.237120
0.100117,0.014074,-0.004691,-0.109966,0.145209,-1.008272,0.050870,-0.033276,-0.518258
0.100156,0.004850,-0.001882,-0.118642,0.168122,-0.516443,0.046827,0.003017,-0.961628
0.100195,0.005946,-0.000131,-0.123902,0.171196,0.363113,0.018654,-0.013684,-0.128230
0.100234,0.002950,-0.021441,-0.141108,0.162759,0.881267,0.016963,-0.026241,-0.157403
0.100273,0.011247,0.005643,-0.138248,0.190310,0.491129,0.026913,-0.011340,-0.662791
0.100312,-0.003410,-0.014917,-0.120638,0.184080,-0.402598,-0.003608,-0.021763,-0.291440
0.100352,0.006266,-0.023150,-0.135436,0.194694,-0.887696,-0.053741,-0.047999,-0.348074
0.100391,0.000094,-0.019907,-0.146267,0.209001,-0.535316,-0.037947,-0.036063,-0.402777
0.100430,-0.010675,-0.015248,-0.137426,0.189783,0.302166,-0.041634,-0.016560,-0.259932
0.100469,0.009088,-0.019973,-0.130178,0.214811,0.725421,-0.014671,-0.015161,0.178127
0.100508,-0.009373,-0.010510,-0.128748,0.218154,0.425085,-0.000619,0.008442,-1.141185
0.100547,-0.003165,-0.009877,-0.159842,0.228532,-0.241665,-0.022648,-0.014457,-0.320467
0.100586,0.018527,-0.010138,-0.147505,0.209700,-0.704533,0.051853,-0.014463,-0.146924
0.100625,-0.001712,-0.008864,-0.158980,0.224296,-0.501358,-0.036988,-0.005790,-0.330718
0.100664,0.007745,-0.015022,-0.143278,0.235004,0.148959,-0.047574,0.005885,-0.444674
0.100703,0.022878,-0.021809,-0.155015,0.294477,0.547559,-0.054091,0.009373,-0.591487
0.100742,0.015945,-0.020962,-0.166183,0.236463,0.396250,-0.043074,-0.045336,-0.637431
0.100781,0.002948,-0.020115,-0.157174,0.281417,-0.139242,-0.041669,-0.027305,-0.302462
0.100820,-0.005489,-0.015811,-0.155089,0.272188,-0.562545,-0.100386,-0.012779,-0.322869
0.100859,-0.001509,-0.038155,-0.170647,0.280751,-0.452328,-0.070677,-0.015417,-0.197356
0.100898,0.002523,-0.022618,-0.177474,0.276387,0.041755,-0.072493,-0.023190,0.084500
0.100937,0.000980,-0.039490,-0.153139,0.256172,0.407862,-0.068396,-0.001994,-0.470363
0.100977,0.007547,-0.009610,-0.153792,0.263721,0.368256,-0.067069,-0.036372,-0.078218
0.101016,0.012908,-0.016001,-0.160715,0.293734,-0.087355,-0.086841,0.017666,-0.556342
0.101055,0.016526,-0.001605,-0.179884,0.310767,-0.471605,-0.012228,0.014784,-0.840858
0.101094,0.007214,-0.009448,-0.177126,0.303834,-0.392959,-0.093717,-0.022205,-0.513114
0.101133,0.006352,-0.000272,-0.167601,0.330523,-0.045010,-0.040526,-0.006564,-0.019290
0.101172,-0.001423,-0.024866,-0.180350,0.303396,0.330266,-0.082847,-0.017949,-0.556703
0.101211,0.000361,-0.013065,-0.155884,0.308360,0.306640,-0.119629,-0.022943,-0.098153
0.101250,0.007296,-0.007220,-0.185629,0.305407,-0.064818,-0.028505,0.014658,-0.089088
0.101289,-0.010868,-0.021799,-0.188136,0.308568,-0.345708,-0.120887,0.006380,-0.093771
0.101328,0.013289,-0.021507,-0.187882,0.351100,-0.384447,-0.159865,0.023250,-0.276698
0.101367,0.013270,-0.027699,-0.183250,0.350265,-0.060790,-0.135283,-0.007791,-0.404533
0.101406,0.015896,-0.011270,-0.181238,0.302456,0.257322,-0.099203,-0.023646,-0.430455
0.101445,0.010179,-0.031697,-0.201696,0.349027,0.229950,-0.093791,-0.021465,-0.665313
0.101484,-0.007047,-0.024764,-0.198719,0.377032,-0.040527,-0.138108,0.007717,-1.072234
0.101523,0.007072,-0.016837,-0.201435,0.355209,-0.319099,-0.073311,0.010405,-0.174291
0.101563,0.021423,-0.020705,-0.194325,0.328941,-0.336569,-0.126275,-0.010786,-0.802177
0.101602,0.015254,-0.025318,-0.179956,0.359962,-0.073469,-0.098220,-0.030327,0.157945
0.101641,-0.016712,-0.023125,-0.206044,0.351746,0.224920,-0.100421,0.002977,-0.125740
0.101680,0.007124,-0.029853,-0.222550,0.362691,0.219363,-0.148227,-0.010078,-0.387947
0.101719,0.009310,-0.013275,-0.214259,0.381842,0.027199,-0.173907,0.022187,-0.449626
0.101758,0.007794,-0.021478,-0.215138,0.402659,-0.241999,-0.125828,-0.027166,-0.263885
0.101797,-0.006229,-0.025605,-0.194854,0.370251,-0.306603,-0.161371,-0.000523,0.127697
0.101836,0.003092,-0.018729,-0.200795,0.385174,-0.086984,-0.139904,0.002337,-0.137428
0.101875,0.003761,-0.038745,-0.211699,0.378426,0.136523,-0.201475,-0.018005,-0.710734
0.101914,0.023789,-0.034977,-0.217266,0.391560,0.151035,-0.223070,0.021317,0.347781
0.101953,0.003777,-0.008105,-0.221584,0.390681,0.047409,-0.199315,-0.028294,-0.967743
0.101992,0.025068,-0.023616,-0.218494,0.427576,-0.212800,-0.133893,0.022622,-0.395127
0.102031,-0.008965,-0.019803,-0.239071,0.397727,-0.276248,-0.116900,0.023014,-0.508577
0.102070,0.005286,-0.047804,-0.213869,0.421293,-0.093630,-0.169138,-0.006772,-0.873593
0.102109,0.003432,-0.020779,-0.226214,0.415283,0.082454,-0.169189,0.029682,-0.465490
0.102148,-0.000427,-0.022106,-0.242535,0.415533,0.134385,-0.162432,0.018804,0.072852
0.102188,-0.023258,-0.011881,-0.214225,0.443662,0.006722,-0.171688,0.007388,-0.036426
0.102227,0.017548,-0.020664,-0.248420,0.426245,-0.132650,-0.142149,-0.015916,-0.031731
0.102266,0.000057,-0.028993,-0.219018,0.400932,-0.173276,-0.148663,0.046668,-0.662616
0.102305,0.025075,-0.027932,-0.253308,0.426130,-0.096450,-0.158289,-0.014744,-0.202243
0.102344,-0.003186,-0.014782,-0.215694,0.447571,0.048987,-0.150368,0.028660,0.150736
0.102383,0.009699,-0.021988,-0.236488,0.438523,0.092626,-0.150012,0.012845,0.474117
0.102422,-0.007616,-0.007538,-0.263369,0.442655,0.014969,-0.165370,-0.008591,0.079865
0.102461,0.002016,-0.019926,-0.239248,0.437963,-0.102866,-0.175141,-0.038224,-1.005913
0.102500,0.009161,-0.041065,-0.257338,0.421705,-0.161305,-0.210200,0.013516,0.269178
0.102539,0.015464,-0.034391,-0.235348,0.448321,-0.125837,-0.135803,0.012708,0.714882
0.102578,0.010869,-0.023921,-0.258815,0.445776,0.028115,-0.169186,0.015397,0.058481
0.102617,-0.008804,-0.032535,-0.253101,0.458921,0.069762,-0.169329,0.019913,-0.617527
0.102656,-0.005876,-0.018499,-0.241341,0.455556,-0.007516,-0.170998,-0.002711,0.045700
0.102695,0.011232,-0.031450,-0.262875,0.442414,-0.096750,-0.183214,-0.005318,-0.002314
0.102734,0.015688,-0.022892,-0.267517,0.465507,-0.163450,-0.155387,0.006847,0.268022
0.102773,-0.005234,-0.037760,-0.251484,0.442477,-0.104256,-0.185803,-0.004256,-0.719090
0.102813,-0.000649,-0.036840,-0.248791,0.442869,-0.015125,-0.226839,-0.000099,0.235801
0.102852,-0.002358,-0.035897,-0.259174,0.481645,0.083125,-0.137021,0.045009,0.455269
0.102891,0.005750,-0.026546,-0.254587,0.434928,0.006944,-0.169166,0.009319,-0.612833
0.102930,-0.011329,-0.033889,-0.270265,0.473924,-0.117439,-0.181484,0.037300,-0.719552
0.102969,-0.005110,-0.024568,-0.256396,0.465746,-0.171685,-0.133257,0.013635,-0.007359
0.103008,0.000841,-0.040734,-0.273953,0.441064,-0.086957,-0.193226,0.026832,-0.426206
0.103047,0.020546,-0.023990,-0.275034,0.459113,-0.039527,-0.174538,-0.015835,-0.299217
0.103086,0.013729,-0.029363,-0.268814,0.480551,-0.000284,-0.192936,-0.007500,0.193574
0.103125,-0.013643,-0.037018,-0.279783,0.481287,0.001249,-0.193797,0.007703,-0.626270
0.103164,0.001445,-0.049102,-0.303993,0.477878,-0.086397,-0.183415,-0.007140,-0.350300
0.103203,-0.016337,-0.026488,-0.278957,0.473704,-0.101407,-0.166027,0.000561,-0.298386
0.103242,-0.013573,-0.023087,-0.284630,0.480176,-0.105677,-0.180294,0.019221,0.365665
0.103281,-0.004826,-0.020289,-0.281071,0.476321,-0.091670,-0.175844,0.014840,0.118876
0.103320,0.004952,-0.026636,-0.302431,0.462665,-0.014996,-0.204535,-0.010123,-0.435245
0.103359,0.001141,-0.034520,-0.279646,0.495701,-0.022355,-0.166754,-0.000827,0.005929
0.103398,-0.021592,-0.042604,-0.295133,0.477116,-0.045671,-0.167885,0.004195,0.159716
0.103438,-0.015188,-0.023989,-0.321037,0.468139,-0.138041,-0.188860,-0.008501,-0.507839
0.103477,-0.008437,-0.043067,-0.300748,0.466990,-0.104193,-0.155868,0.032209,0.818364
0.103516,-0.002248,-0.050371,-0.317772,0.489111,-0.064499,-0.199042,0.012685,-0.364026
0.103555,0.010681,-0.039170,-0.292136,0.487406,-0.025069,-0.179010,0.003487,0.246652
0.103594,0.008409,-0.048445,-0.317763,0.461594,0.020108,-0.219592,-0.012296,-0.562949
0.103633,-0.025306,-0.039577,-0.317339,0.497907,-0.073832,-0.212588,0.005596,0.978782
0.103672,-0.009900,-0.040509,-0.301715,0.473894,-0.093071,-0.191095,0.010125,-0.226629
0.103711,-0.007613,-0.022805,-0.311011,0.459311,-0.099804,-0.199391,0.041999,0.306592
0.103750,-0.022790,-0.039554,-0.287480,0.465892,-0.088039,-0.176886,-0.011415,-0.385538
0.103789,-0.018994,-0.031857,-0.330574,0.471789,-0.031559,-0.156355,0.035620,-0.034831
0.103828,-0.017512,-0.030581,-0.301181,0.458628,-0.010593,-0.192938,0.027040,0.320185
0.103867,0.007379,-0.052467,-0.315352,0.472174,-0.068243,-0.178134,0.061236,0.117306
0.103906,-0.012532,-0.029789,-0.305537,0.480614,-0.089037,-0.142832,0.108021,0.242680
0.103945,-0.023279,-0.029255,-0.297668,0.468209,-0.102585,-0.165835,0.085642,-0.112678
0.103984,-0.006271,-0.024601,-0.310687,0.492431,-0.083637,-0.138587,0.042170,0.589007
0.104023,-0.027164,-0.036073,-0.316022,0.474558,0.024181,-0.118308,-0.023387,-0.592534
0.104063,-0.018168,-0.022039,-0.325407,0.460837,-0.019835,-0.159496,-0.041750,-0.237811
0.104102,-0.010248,-0.034518,-0.311015,0.487872,-0.098753,-0.191039,-0.016928,-0.238018
0.104141,-0.001485,-0.037966,-0.320394,0.466682,-0.064458,-0.170265,0.037631,0.095624
0.104180,-0.018254,-0.031393,-0.343020,0.446239,-0.131254,-0.190703,0.089300,-0.404548
0.104219,-0.004622,-0.042801,-0.328377,0.475149,-0.086344,-0.197518,0.045870,0.016311
0.104258,-0.027105,-0.029066,-0.324785,0.472558,-0.036346,-0.135761,0.038457,0.059183
0.104297,-0.029163,-0.026611,-0.325215,0.477831,-0.028445,-0.173740,0.015010,0.168284
0.104336,-0.025672,-0.026461,-0.358234,0.443754,-0.068520,-0.149512,-0.029666,0.061289
0.104375,-0.021878,-0.042622,-0.334582,0.451957,-0.108485,-0.152130,-0.005602,0.227985
0.104414,-0.000422,-0.045559,-0.318197,0.465199,-0.073981,-0.131335,-0.053023,0.126684
0.104453,-0.011844,-0.019848,-0.330439,0.447844,-0.071234,-0.158908,-0.008704,-0.169438
0.104492,-0.021254,-0.044917,-0.343580,0.448614,-0.042892,-0.173064,0.022647,0.016049
0.104531,-0.019843,-0.044218,-0.333072,0.455882,-0.012867,-0.110439,0.055157,0.175804
0.104570,-0.000853,-0.044029,-0.331633,0.480742,-0.060206,-0.167283,0.060129,0.337939
0.104609,-0.027199,-0.028254,-0.321496,0.446809,-0.098070,-0.160405,0.047899,0.097324
0.104648,-0.028717,-0.040726,-0.373156,0.457915,-0.152253,-0.174071,0.030451,0.279895
0.104688,-0.022480,-0.014634,-0.358241,0.429338,-0.114935,-0.138741,-0.014700,-0.512670
0.104727,-0.002483,-0.045559,-0.364499,0.415571,-0.047804,-0.187183,0.015538,-0.015405
0.104766,-0.007841,-0.038153,-0.350953,0.434162,-0.045286,-0.156028,0.026452,0.189844
0.104805,-0.021607,-0.028301,-0.353107,0.430971,-0.035145,-0.172402,0.044236,0.921490
0.104844,-0.001038,-0.026489,-0.360198,0.429536,-0.100829,-0.110128,0.067237,0.089249
0.104883,-0.000706,-0.051868,-0.355839,0.437356,-0.097212,-0.162503,0.063009,-0.581430
0.104922,-0.030956,-0.049184,-0.362820,0.424862,-0.052256,-0.131130,0.038456,0.294313
0.104961,-0.029134,-0.038577,-0.360198,0.410956,-0.068548,-0.106383,0.028570,-0.936762
0.105000,-0.011580,-0.028899,-0.357039,0.403175,-0.061132,-0.140242,0.002076,-0.108299
0.105039,-0.021395,-0.037146,-0.350715,0.421215,-0.074431,-0.203175,0.006201,0.464423
0.105078,-0.023396,-0.037597,-0.358546,0.406953,-0.112640,-0.181270,0.021696,-0.083013
0.105117,-0.016158,-0.025590,-0.357728,0.378348,-0.077560,-0.084000,0.021999,0.426487
0.105156,-0.021334,-0.043708,-0.386239,0.394668,-0.080902,-0.177458,0.047269,0.499858
0.105195,-0.012241,-0.043596,-0.366770,0.396089,-0.092772,-0.126648,0.062692,-0.113089
0.105234,-0.035735,-0.022880,-0.378717,0.383546,-0.044694,-0.126712,0.035759,0.003264
0.105273,-0.030026,-0.034857,-0.376327,0.358421,-0.059834,-0.126162,0.019759,-0.390415
0.105313,-0.013090,-0.034827,-0.382690,0.389499,-0.100564,-0.143423,0.010972,-0.007274
0.105352,-0.045314,-0.043672,-0.364581,0.354441,-0.089972,-0.116920,0.012690,0.468114
0.105391,-0.017280,-0.033329,-0.389352,0.377657,-0.076907,-0.132863,-0.016105,0.418571
0.105430,-0.029466,-0.045191,-0.369583,0.351148,-0.062761,-0.136161,-0.000055,0.297913
0.105469,-0.023041,-0.046329,-0.387375,0.361067,-0.098219,-0.095031,0.044353,0.042821
0.105508,-0.013746,-0.041960,-0.407610,0.360794,-0.065910,-0.098373,0.050918,0.095971
0.105547,-0.015706,-0.024938,-0.404951,0.362942,-0.045039,-0.185920,0.031631,0.764759
0.105586,-0.019871,-0.046085,-0.383746,0.327990,-0.091933,-0.169679,0.013014,-0.127585
0.105625,-0.040257,-0.023512,-0.390539,0.358736,-0.051898,-0.109571,0.008453,-0.074167
0.105664,-0.020951,-0.024201,-0.400501,0.350560,-0.061062,-0.044444,0.024453,0.233496
0.105703,-0.019702,-0.035855,-0.401986,0.295403,-0.069801,-0.134575,0.034231,0.161940
0.105742,-0.022837,-0.033899,-0.404656,0.355931,-0.068690,-0.122800,0.029116,0.093173
0.105781,-0.028287,-0.032143,-0.393509,0.319607,-0.096541,-0.138173,0.054908,0.181888
0.105820,-0.014041,-0.029294,-0.386873,0.316128,-0.082253,-0.135083,0.050377,-0.121807
0.105859,-0.020869,-0.021129,-0.392664,0.315806,-0.097121,-0.176425,0.059012,0.189209
0.105898,-0.020594,-0.035598,-0.412760,0.318116,-0.075985,-0.131227,0.031605,0.620930
0.105938,-0.009911,-0.050037,-0.412730,0.281620,-0.066776,-0.105939,0.040645,0.047014
0.105977,-0.021893,-0.048887,-0.415123,0.312767,-0.097824,-0.059720,0.027295,-0.053646
0.106016,-0.024269,-0.043073,-0.407263,0.272536,-0.083622,-0.144823,0.031126,0.322184
0.106055,-0.039463,-0.038699,-0.422456,0.284797,-0.104600,-0.079835,0.037311,0.432343
0.106094,-0.021519,-0.037310,-0.418900,0.286133,-0.076488,-0.061082,0.028396,0.566403
0.106133,-0.027625,-0.041475,-0.407765,0.248387,-0.090468,-0.040854,0.071018,0.116251
0.106172,-0.031253,-0.050978,-0.399370,0.240971,-0.089143,-0.098401,0.021716,0.214283
0.106211,-0.037576,-0.048743,-0.407957,0.259112,-0.081449,-0.074976,0.023977,-0.397468
0.106250,-0.045268,-0.042308,-0.408456,0.248994,-0.058732,-0.009764,-0.004299,0.084182
0.106289,-0.035963,-0.036843,-0.427025,0.259717,-0.090033,-0.033682,0.029688,-0.257442
0.106328,-0.043142,-0.049079,-0.425701,0.236816,-0.064530,-0.116871,-0.019729,-0.189031
0.106367,-0.028128,-0.045543,-0.415016,0.246373,-0.107655,-0.104058,0.028367,0.558010
0.106406,-0.038902,-0.043357,-0.397063,0.231073,-0.083061,-0.115568,0.014440,0.634622
0.106445,-0.027939,-0.047787,-0.433752,0.216851,-0.046099,-0.068862,0.056307,0.524016
0.106484,-0.043328,-0.033711,-0.440565,0.203635,-0.077666,-0.123142,0.062596,0.581051
0.106523,-0.044846,-0.022619,-0.421167,0.225280,-0.065340,-0.125235,0.017567,0.677322
0.106563,-0.050593,-0.044960,-0.438217,0.235905,-0.086495,-0.101564,0.031713,-0.428182
0.106602,-0.036746,-0.055113,-0.441368,0.216112,-0.099479,-0.069082,0.018644,-0.265225
0.106641,-0.041301,-0.037372,-0.437359,0.207284,-0.032765,-0.055084,0.062232,0.288649
0.106680,-0.032583,-0.020885,-0.431834,0.193207,-0.086262,-0.041751,0.047809,0.307640
0.106719,-0.045397,-0.039187,-0.436233,0.178734,-0.064206,-0.055971,0.019618,-0.048734
0.106758,-0.016729,-0.023394,-0.446773,0.213262,-0.070150,-0.031539,0.028275,-0.042658
0.106797,-0.053882,-0.041904,-0.440633,0.183738,-0.059870,-0.046584,0.018406,-0.046231
0.106836,-0.048267,-0.036273,-0.439569,0.184830,-0.069178,0.014908,0.017710,0.498369
0.106875,-0.043587,-0.029259,-0.440848,0.186596,-0.059353,-0.031366,0.053344,-0.281810
0.106914,-0.035624,-0.037133,-0.434596,0.144239,-0.102254,-0.046131,0.028151,0.259970
0.106953,-0.033833,-0.021577,-0.444277,0.158865,-0.081202,-0.111299,0.004041,-0.141427
0.106992,-0.051999,-0.016707,-0.453673,0.141311,-0.078182,-0.056171,0.033684,-0.048468
0.107031,-0.029082,-0.034449,-0.445168,0.127937,-0.066370,0.020136,0.017844,0.181859
0.107070,-0.040948,-0.032576,-0.435552,0.128540,-0.089129,0.004454,0.004308,0.119345
0.107109,-0.032716,-0.033152,-0.444606,0.132707,-0.081819,-0.051069,0.018069,-0.375541
0.107148,-0.044254,-0.019628,-0.442626,0.111802,-0.051616,-0.022841,0.066982,-0.156425
0.107188,-0.038196,-0.033100,-0.455468,0.135051,-0.066154,-0.030488,0.039321,-0.041922
0.107227,-0.038836,-0.024174,-0.448216,0.139526,-0.069859,-0.012903,0.023631,0.353376
0.107266,-0.023290,-0.032470,-0.449079,0.126034,-0.088837,0.007666,0.022036,0.034277
0.107305,-0.037200,-0.038139,-0.447291,0.099767,-0.084819,-0.037064,0.022674,0.173019
0.107344,-0.047611,-0.024966,-0.433595,0.096494,-0.084506,-0.024558,-0.025618,-0.239832
0.107383,-0.033768,-0.051207,-0.428551,0.069115,-0.086425,0.014460,0.049276,-0.150181
0.107422,-0.043527,-0.018035,-0.448228,0.078870,-0.077348,-0.012425,0.038717,-0.292071
0.107461,-0.048141,-0.052392,-0.457819,0.074043,-0.081500,0.017788,0.050543,-0.075480
0.107500,-0.053346,-0.019094,-0.481798,0.052757,-0.106629,0.017715,0.040044,-0.136886
0.107539,-0.043439,-0.034298,-0.461709,0.033557,-0.052803,0.055697,0.021436,0.596030
0.107578,-0.045656,-0.026504,-0.448793,0.045806,-0.077552,-0.033644,0.016122,-0.169268
0.107617,-0.027367,-0.038539,-0.442316,0.052794,-0.067286,-0.028667,0.004727,0.044351
0.107656,-0.060782,-0.038220,-0.466273,0.050017,-0.117141,-0.008794,0.037790,0.020386
0.107695,-0.051413,-0.029590,-0.484881,0.026813,-0.116456,0.006873,0.022648,0.325931
0.107734,-0.031083,-0.027920,-0.453381,0.039542,-0.101020,0.038284,0.044422,-0.429393
0.107773,-0.048089,-0.030015,-0.452588,0.009002,-0.074003,-0.040165,0.014164,0.518118
0.107813,-0.047296,-0.030374,-0.490973,0.016778,-0.061443,-0.008887,0.050812,0.143327
0.107852,-0.027844,-0.032723,-0.460539,0.026301,-0.080356,-0.008695,0.064901,-0.359681
0.107891,-0.052080,-0.033975,-0.451570,-0.008163,-0.071830,0.004246,0.035354,0.235073
0.107930,-0.033192,-0.017395,-0.460477,-0.012189,-0.055294,0.090918,0.026871,-0.320698
0.107969,-0.056628,-0.032422,-0.440604,-0.025063,-0.070237,0.039400,0.035574,-0.694602
0.108008,-0.044422,-0.037835,-0.464315,-0.036772,-0.064688,0.011213,0.030127,0.065842
0.108047,-0.053951,-0.044833,-0.452390,-0.057595,-0.078242,0.026630,0.010518,-0.054207
0.108086,-0.060071,-0.029993,-0.459632,-0.071773,-0.067623,0.040776,0.012062,0.067698
0.108125,-0.044042,-0.030757,-0.461278,-0.077112,-0.074441,0.086141,0.071601,-0.804502
0.108164,-0.039542,-0.032828,-0.464104,-0.062948,-0.107376,0.040425,0.057523,-0.516959
0.108203,-0.053985,-0.033757,-0.453486,-0.075114,-0.050547,0.009197,0.045707,-0.650187
0.108242,-0.040260,-0.020813,-0.453344,-0.076408,-0.053380,-0.024029,0.051368,0.525469
0.108281,-0.055408,-0.019708,-0.488182,-0.093283,-0.066947,0.041874,0.081685,-0.091302
0.108320,-0.043254,-0.036613,-0.474615,-0.114014,-0.067611,0.058283,0.028538,0.089160
0.108359,-0.046021,-0.018110,-0.466883,-0.092004,-0.061774,0.049277,0.064300,0.180662
0.108398,-0.046955,-0.020711,-0.469031,-0.081607,-0.057942,0.027732,0.016114,-0.068798
0.108438,-0.038574,-0.021513,-0.454605,-0.096061,-0.087406,0.065994,0.045278,-0.135978
0.108477,-0.052757,0.001096,-0.440482,-0.115150,-0.071545,0.075420,0.043054,-0.732039
0.108516,-0.032132,-0.033734,-0.465445,-0.124231,-0.089080,0.106126,0.040257,-0.357512
0.108555,-0.038338,-0.026011,-0.463478,-0.149537,-0.105701,0.047131,0.027929,0.378599
0.108594,-0.047466,-0.014930,-0.460267,-0.101269,-0.084534,0.038683,0.019826,-0.578504
0.108633,-0.039720,-0.028236,-0.455456,-0.139042,-0.084022,0.059951,0.051331,-0.271865
0.108672,-0.049650,-0.004831,-0.469975,-0.162025,-0.075645,0.099607,0.002027,-0.242270
0.108711,-0.049327,-0.028263,-0.480007,-0.149012,-0.072737,0.080885,0.042407,0.044969
0.108750,-0.043577,-0.022591,-0.466915,-0.150210,-0.067452,0.106793,0.037200,0.279810
0.108789,-0.033784,-0.025170,-0.472959,-0.178645,-0.055411,0.101531,0.014266,0.166563
0.108828,-0.047393,0.000374,-0.453169,-0.171765,-0.074685,0.079509,0.055014,-0.607932
0.108867,-0.046567,-0.027560,-0.472934,-0.188132,-0.112818,0.017010,0.010175,-0.379477
0.108906,-0.061399,-0.030358,-0.468054,-0.176725,-0.077453,0.076942,0.030150,-0.457670
0.108945,-0.040115,-0.023238,-0.488132,-0.202010,-0.061589,0.090256,0.067847,-0.646380
0.108984,-0.055482,-0.015224,-0.467584,-0.193748,-0.032020,0.129474,0.027192,-0.257873
0.109023,-0.054059,-0.022670,-0.469750,-0.185019,-0.064856,0.076006,0.023637,-0.279024
0.109063,-0.042739,-0.014787,-0.458322,-0.217691,-0.061496,0.148611,0.018071,-0.112494
0.109102,-0.059374,-0.024230,-0.476151,-0.215161,-0.047812,0.075181,0.053994,-0.339592
0.109141,-0.056396,-0.017968,-0.461930,-0.230710,-0.068647,0.096996,0.019264,-0.017375
0.109180,-0.040261,-0.017353,-0.478176,-0.238223,-0.036876,0.106937,0.031820,-0.187075
0.109219,-0.045480,-0.008591,-0.438119,-0.274873,-0.063386,0.055344,0.018178,-0.331042
0.109258,-0.061939,0.001153,-0.462999,-0.217965,-0.081738,0.090418,0.031920,-0.285974
0.109297,-0.055758,0.000952,-0.464283,-0.253343,-0.035795,0.120113,0.027972,-0.760037
0.109336,-0.052388,-0.012432,-0.484908,-0.253861,-0.061796,0.155484,0.034990,0.145189
0.109375,-0.055875,-0.017748,-0.463993,-0.255972,-0.053059,0.134319,0.063234,-0.158044
0.109414,-0.034931,-0.011200,-0.471969,-0.260833,-0.065250,0.086781,0.026263,-0.268754
0.109453,-0.052982,-0.019270,-0.453824,-0.241604,-0.028306,0.103127,0.055548,-0.759417
0.109492,-0.043750,-0.031630,-0.473891,-0.300796,-0.057767,0.114351,0.034837,-0.089192
0.109531,-0.055885,-0.020367,-0.452646,-0.296105,-0.061270,0.098152,0.026460,-0.391849
0.109570,-0.071586,-0.018906,-0.475836,-0.298556,-0.055439,0.114263,0.040483,-0.866879
0.109609,-0.048259,-0.031710,-0.465202,-0.294184,-0.074414,0.087692,0.042048,-0.350174
0.109648,-0.070191,-0.022196,-0.462757,-0.294068,-0.047744,0.130036,0.028077,-0.232799
0.109687,-0.062636,-0.010806,-0.455110,-0.325015,-0.036547,0.112582,0.030987,-1.220878
0.109727,-0.039617,-0.015258,-0.464770,-0.322878,-0.025078,0.139021,0.031736,0.049850
0.109766,-0.032552,-0.040935,-0.465354,-0.328752,-0.062923,0.108193,0.020514,-0.522351
0.109805,-0.041414,-0.011887,-0.451285,-0.339222,-0.067719,0.131197,0.009543,-0.134818
0.109844,-0.045616,0.010767,-0.461064,-0.309638,-0.066766,0.083857,0.030617,-0.963320
0.109883,-0.046359,-0.009465,-0.477020,-0.315581,-0.045276,0.130929,0.043883,-0.674715
0.109922,-0.048278,-0.004455,-0.459243,-0.353279,-0.099927,0.092319,0.029888,-0.746241
0.109961,-0.044437,0.007505,-0.458738,-0.331850,-0.062437,0.127868,0.035708,-0.171952
0.110000,-0.048956,-0.014270,-0.471307,-0.366855,-0.025608,0.152750,0.039716,-0.733376
0.110039,-0.044374,-0.010847,-0.452766,-0.342818,-0.059794,0.113553,0.065311,-0.251407
0.110078,-0.051007,-0.011187,-0.433898,-0.360667,-0.086971,0.137146,0.047629,-0.340812
0.110117,-0.050737,-0.003215,-0.453129,-0.376444,-0.055397,0.107657,0.026051,-0.331019
0.110156,-0.057912,-0.016068,-0.432883,-0.385031,-0.076880,0.049136,0.044349,-0.056512
0.110195,-0.070488,0.003482,-0.452513,-0.383542,-0.060487,0.093388,0.025019,-0.063387
0.110234,-0.039374,-0.004823,-0.447209,-0.371653,-0.062486,0.138298,0.018117,-0.105875
0.110273,-0.041298,-0.020067,-0.444898,-0.379865,-0.056883,0.089962,0.054916,-0.278440
0.110312,-0.054088,-0.010185,-0.436570,-0.393046,-0.018838,0.166237,0.013015,0.426823
0.110352,-0.054877,0.003082,-0.438443,-0.383999,-0.031561,0.095712,0.017227,0.113616
0.110391,-0.064753,-0.001988,-0.460060,-0.399024,-0.062703,0.078103,0.048346,-0.162979
0.110430,-0.037782,-0.012499,-0.435647,-0.386407,-0.033314,0.016807,0.015585,-0.219686
0.110469,-0.056516,-0.012235,-0.433522,-0.406770,-0.011650,0.104212,0.032721,-0.290459
0.110508,-0.056111,-0.011177,-0.456245,-0.409552,-0.048484,0.074485,0.094096,-0.259523
0.110547,-0.047776,-0.001923,-0.432925,-0.432685,-0.052998,0.093649,0.099736,-0.553556
0.110586,-0.060932,-0.010652,-0.415891,-0.422207,-0.057157,0.184022,0.018312,0.122364
0.110625,-0.071616,-0.006484,-0.438129,-0.468962,-0.019109,0.050113,0.058720,0.344772
0.110664,-0.030928,-0.001762,-0.426705,-0.422902,-0.033703,0.130468,0.031482,0.315204
0.110703,-0.041744,-0.007119,-0.441715,-0.412090,-0.059964,0.102873,-0.027055,0.044377
0.110742,-0.042175,-0.007882,-0.450524,-0.473310,-0.029091,0.144226,-0.010427,-0.116425
0.110781,-0.052786,-0.002180,-0.439451,-0.441548,-0.048633,0.060050,0.010365,0.398238
0.110820,-0.053585,-0.006292,-0.426792,-0.429615,-0.008849,0.076389,0.046126,-0.148491
0.110859,-0.060877,-0.009386,-0.422176,-0.444215,-0.061556,0.048176,0.064544,0.232009
0.110898,-0.033285,0.007655,-0.438730,-0.434949,0.009892,0.097397,0.051111,-0.086731
0.110937,-0.048150,-0.002185,-0.418343,-0.470280,-0.030464,0.120568,0.044291,-0.917691
0.110977,-0.051028,0.013789,-0.394953,-0.435396,-0.055346,0.111135,0.042798,-0.489581
0.111016,-0.041561,0.000678,-0.412050,-0.471421,-0.021810,0.075673,-0.019162,-0.121856
0.111055,-0.037377,-0.007080,-0.422215,-0.480024,-0.034220,0.070973,0.033854,0.101406
0.111094,-0.042263,-0.004054,-0.447762,-0.468148,-0.033315,0.116161,0.015059,0.804749
0.111133,-0.053599,0.004801,-0.408870,-0.484394,-0.017565,0.112254,0.044730,0.420778
0.111172,-0.039111,-0.008283,-0.418510,-0.480372,-0.038770,0.058944,0.048104,0.562749
0.111211,-0.022994,-0.009921,-0.417529,-0.475350,-0.037411,0.097956,0.054678,0.383668
0.111250,-0.043763,-0.016591,-0.441912,-0.492000,-0.010778,0.058824,0.030366,-0.618096
0.111289,-0.042930,-0.007005,-0.403968,-0.497302,-0.053894,0.069149,0.038057,0.255600
0.111328,-0.049590,0.012604,-0.395834,-0.474661,-0.045384,0.037074,0.040617,0.202458
0.111367,-0.042058,-0.003811,-0.397965,-0.470238,-0.033106,0.019899,0.011513,-0.105352
0.111406,-0.064524,0.006610,-0.424837,-0.518130,-0.006484,0.075903,0.026864,0.298546
0.111445,-0.045555,-0.015894,-0.406347,-0.496665,-0.054185,0.101065,0.031092,-0.015048
0.111484,-0.059247,-0.006082,-0.395206,-0.507510,-0.028983,0.046474,0.009149,0.038573
0.111523,-0.029662,0.002021,-0.401978,-0.503064,-0.035068,0.011491,0.058268,-0.185911
0.111562,-0.040355,-0.000638,-0.395202,-0.474206,-0.039340,0.044879,0.051307,0.140637
0.111602,-0.040693,-0.000374,-0.393051,-0.535514,-0.032923,0.073688,0.022464,0.121317
0.111641,-0.047560,0.028436,-0.402268,-0.498043,-0.029373,0.043824,0.011422,0.585353
0.111680,-0.062065,0.007908,-0.405202,-0.475412,-0.006111,-0.010155,0.020333,0.171409
0.111719,-0.051957,-0.007554,-0.377499,-0.493434,-0.017306,-0.032293,0.035413,-0.291595
0.111758,-0.049011,-0.004784,-0.377141,-0.504087,-0.033984,0.071485,0.036334,-0.165148
0.111797,-0.040967,0.005685,-0.377062,-0.511349,-0.021530,0.057560,0.038507,-0.334513
0.111836,-0.060792,-0.013228,-0.379266,-0.475352,-0.012223,-0.008465,0.034194,0.054250
0.111875,-0.066821,0.007587,-0.394878,-0.519326,-0.034238,0.025310,0.051188,0.655003
0.111914,-0.051468,-0.005898,-0.382029,-0.464262,-0.029864,0.002292,0.029556,0.165375
0.111953,-0.060312,0.020527,-0.376051,-0.503154,0.007410,-0.009766,0.035443,-0.202013
0.111992,-0.040985,0.007829,-0.361100,-0.508485,-0.013100,-0.023427,0.041436,0.036626
0.112031,-0.043276,0.010231,-0.365600,-0.536809,-0.022711,-0.008704,0.021917,-0.506083
0.112070,-0.053810,-0.002902,-0.361526,-0.520112,0.024044,-0.011750,0.054111,0.490478
0.112109,-0.047939,0.006492,-0.364228,-0.536015,1.047621,-0.079329,0.063289,-0.363535
0.112148,-0.058931,0.013893,-0.364961,-0.495264,1.027318,-0.063312,0.056782,0.410463
0.112187,-0.068239,0.037932,-0.365423,-0.512481,0.059404,-0.005453,0.060323,0.543787
0.112227,-0.048550,0.012185,-0.362795,-0.499315,-0.937670,-0.059712,0.022338,0.616393
0.112266,-0.069083,0.011256,-0.371560,-0.533765,-0.995513,-0.031223,0.006897,0.059650
0.112305,-0.044182,0.015914,-0.377251,-0.496834,-0.089341,-0.030735,0.019264,0.176682
0.112344,-0.060904,0.025063,-0.335425,-0.483260,0.788326,-0.033925,0.045162,-0.363259
0.112383,-0.058618,-0.014643,-0.358155,-0.502580,0.834903,-0.079964,0.037965,0.317481
0.112422,-0.055175,-0.000828,-0.361646,-0.503074,0.115047,-0.055172,0.023677,0.527780
0.112461,-0.053201,0.013458,-0.382887,-0.502026,-0.713454,-0.075970,-0.004939,0.259299
0.112500,-0.046880,0.014358,-0.350913,-0.498623,-0.833646,-0.059441,0.038582,0.348263
0.112539,-0.041819,0.026873,-0.326223,-0.526563,-0.160598,-0.105551,0.028870,0.250974
0.112578,-0.036825,0.013236,-0.356327,-0.497232,0.607302,-0.045571,0.016766,0.064587
0.112617,-0.050609,0.005268,-0.362197,-0.509058,0.702658,-0.112292,0.020989,-0.077672
0.112656,-0.034789,-0.001640,-0.333186,-0.512490,0.157158,-0.099795,0.016202,0.215604
0.112695,-0.049382,-0.009207,-0.339173,-0.493428,-0.558421,-0.131389,0.021010,-0.335635
0.112734,-0.062591,0.021482,-0.334987,-0.524628,-0.726547,-0.108583,0.024185,-0.001377
0.112773,-0.058359,0.000133,-0.319949,-0.469139,-0.188006,-0.120364,0.048177,-0.436584
0.112812,-0.049328,-0.004197,-0.357366,-0.491187,0.423941,-0.188098,0.049067,0.157467
0.112852,-0.045876,0.020561,-0.332311,-0.491494,0.647184,-0.181654,0.027193,-0.344628
0.112891,-0.059258,0.012627,-0.337280,-0.509669,0.177059,-0.124372,0.047499,0.468363
0.112930,-0.066745,0.011738,-0.316778,-0.502794,-0.406765,-0.133051,0.017950,0.859848
0.112969,-0.043993,0.016351,-0.298386,-0.486561,-0.604156,-0.144457,0.002231,0.196105
0.113008,-0.047463,0.007447,-0.300804,-0.505455,-0.199193,-0.203209,0.017917,-0.007458
0.113047,-0.041033,0.023211,-0.302037,-0.498684,0.330382,-0.205048,0.022678,-0.108947
0.113086,-0.022790,-0.006837,-0.307768,-0.498904,0.529872,-0.183890,0.016335,-0.082236
0.113125,-0.037844,0.001339,-0.289611,-0.473956,0.220916,-0.159216,0.083878,0.224824
0.113164,-0.054324,-0.005092,-0.288492,-0.485237,-0.301344,-0.152798,0.014385,-0.180314
0.113203,-0.040761,-0.000166,-0.303310,-0.500935,-0.493362,-0.175813,0.013176,0.082604
0.113242,-0.072321,0.005552,-0.288324,-0.459709,-0.182768,-0.190579,0.005283,0.344258
0.113281,-0.063677,0.011382,-0.296152,-0.465470,0.260930,-0.164819,0.035706,0.357600
0.113320,-0.048200,-0.000220,-0.276284,-0.473883,0.467956,-0.170502,0.046219,-0.264408
0.113359,-0.048987,0.017680,-0.269558,-0.464840,0.194785,-0.141130,0.006693,-0.176633
0.113398,-0.057347,0.007225,-0.275591,-0.447926,-0.176654,-0.205314,0.049141,0.695973
0.113437,-0.059884,0.007469,-0.273996,-0.440056,-0.391461,-0.227052,0.028127,0.035983
0.113477,-0.033745,0.006450,-0.284871,-0.445708,-0.214963,-0.169402,0.059746,0.024637
0.113516,-0.043811,0.015109,-0.282435,-0.472857,0.159306,-0.233096,0.103092,0.371544
0.113555,-0.061588,0.004514,-0.263413,-0.459170,0.393240,-0.202501,0.018910,0.182530
0.113594,-0.055388,0.023854,-0.247405,-0.454489,0.216200,-0.226338,0.073326,-0.049059
0.113633,-0.035667,0.013107,-0.264448,-0.426975,-0.127674,-0.291031,0.043781,0.228868
0.113672,-0.060120,0.012788,-0.253769,-0.465356,-0.313795,-0.297905,0.055236,-0.133975
0.113711,-0.047877,0.000524,-0.251090,-0.452074,-0.223506,-0.260853,0.062728,-0.179723
0.113750,-0.068624,0.015712,-0.253885,-0.435465,0.151836,-0.279213,0.004176,-0.317195
0.113789,-0.043776,0.001254,-0.266113,-0.403126,0.267094,-0.259601,0.021561,0.031860
0.113828,-0.046123,0.020628,-0.235016,-0.419869,0.172817,-0.266911,0.015866,-0.070838
0.113867,-0.057952,0.012835,-0.231648,-0.406849,-0.073550,-0.292790,0.072624,-0.554115
0.113906,-0.057720,-0.004143,-0.235935,-0.423126,-0.285370,-0.279216,0.020877,0.479424
0.113945,-0.046791,-0.008739,-0.230707,-0.384301,-0.168730,-0.262922,0.075706,0.049576
0.113984,-0.059625,0.002586,-0.253538,-0.406486,0.072616,-0.284689,0.069908,0.246881
0.114023,-0.022270,-0.003670,-0.232232,-0.410229,0.231605,-0.317507,0.055296,0.355056
0.114062,-0.030418,0.014467,-0.234198,-0.417244,0.181402,-0.308383,0.031937,0.201865
0.114102,-0.033171,0.002156,-0.224522,-0.387054,-0.038951,-0.284437,0.043012,0.056631
0.114141,-0.061917,0.005275,-0.236509,-0.377328,-0.213249,-0.291194,0.001734,0.298303
0.114180,-0.062873,0.004615,-0.233599,-0.372213,-0.165922,-0.322078,0.041769,-0.230409
0.114219,-0.059323,0.022912,-0.220015,-0.388516,0.063347,-0.292181,0.011998,0.199110
0.114258,-0.034024,0.002415,-0.226987,-0.370409,0.193375,-0.280400,0.057378,-0.069113
0.114297,-0.034953,0.001451,-0.205749,-0.377025,0.158428,-0.306108,0.015599,0.230020
0.114336,-0.035674,0.023596,-0.213313,-0.356327,0.017767,-0.315610,0.019054,0.352796
0.114375,-0.048071,0.013054,-0.192530,-0.358574,-0.145101,-0.321125,0.051637,-0.273630
0.114414,-0.047560,0.005762,-0.226207,-0.367710,-0.102805,-0.305070,0.035259,0.605079
0.114453,-0.045964,0.001951,-0.211596,-0.351585,0.032030,-0.325183,0.079460,-0.256765
0.114492,-0.043759,0.008813,-0.224808,-0.326708,0.190165,-0.324222,0.059832,-0.059420
0.114531,-0.033455,0.019078,-0.163669,-0.346050,0.171901,-0.361458,0.045433,0.455626
0.114570,-0.040867,0.008528,-0.192151,-0.350927,0.026095,-0.385250,0.073924,0.102825
0.114609,-0.029127,0.025841,-0.164589,-0.339757,-0.076942,-0.329569,0.010178,0.414536
0.114648,-0.051492,-0.003353,-0.167827,-0.338165,-0.138233,-0.333650,0.032019,0.276564
0.114687,-0.042121,0.022616,-0.199533,-0.308500,0.027674,-0.355921,0.037748,-0.071144
0.114727,-0.033400,-0.007158,-0.174894,-0.330678,0.128121,-0.318975,0.003426,-0.261000
0.114766,-0.047741,-0.000320,-0.167356,-0.288883,0.158444,-0.366170,0.053081,0.696543
0.114805,-0.043254,0.013488,-0.152877,-0.301628,0.000616,-0.291970,0.030659,0.442583
0.114844,-0.061517,0.007668,-0.158083,-0.298606,-0.096234,-0.360498,0.007736,0.110827
0.114883,-0.031205,0.006202,-0.177742,-0.310042,-0.054003,-0.423587,0.032434,0.445436
0.114922,-0.035621,0.004372,-0.184484,-0.284754,0.025280,-0.359143,0.016793,0.147816
0.114961,-0.035550,0.006260,-0.153576,-0.257910,0.107095,-0.367508,-0.008073,0.758934
0.115000,-0.046820,0.022755,-0.162687,-0.260843,0.133324,-0.388493,0.033092,0.313943
0.115039,-0.036636,0.019291,-0.156182,-0.256258,0.034950,-0.320150,0.060203,-0.423079
0.115078,-0.043205,0.006384,-0.135802,-0.254982,-0.061814,-0.363240,0.054301,-0.093741
0.115117,-0.045819,0.008459,-0.136717,-0.229737,-0.042188,-0.419981,0.033468,0.553478
0.115156,-0.037425,0.008656,-0.135766,-0.223375,0.046443,-0.339982,0.015874,1.016366
0.115195,-0.041031,0.021146,-0.153007,-0.226855,0.104314,-0.397083,0.010415,0.221395
0.115234,-0.033211,0.016013,-0.132421,-0.194495,0.111470,-0.315897,0.040537,0.428301
0.115273,-0.042058,0.013616,-0.164288,-0.206574,0.106269,-0.378547,0.021734,0.345016
0.115312,-0.041596,0.008013,-0.122155,-0.197171,-0.009521,-0.329949,0.006110,0.012093
0.115352,-0.039495,0.020633,-0.105563,-0.217435,-0.043569,-0.385716,-0.006111,0.732450
0.115391,-0.043267,0.013232,-0.103337,-0.179598,-0.026895,-0.326822,0.049915,-0.007039
0.115430,-0.052845,0.028030,-0.107100,-0.179689,0.088121,-0.362196,0.036566,-0.370259
0.115469,-0.061103,0.020526,-0.090785,-0.151658,0.103145,-0.388803,0.032430,0.232564
0.115508,-0.032391,0.024797,-0.101459,-0.172489,0.100280,-0.370098,0.031512,0.458980
0.115547,-0.033028,0.027226,-0.096839,-0.193032,0.002764,-0.360359,0.019959,0.580261
0.115586,-0.037240,0.023569,-0.105535,-0.144878,-0.029367,-0.352752,0.042029,-0.600024
0.115625,-0.044516,0.012193,-0.093066,-0.140732,0.032799,-0.348278,0.018163,0.386557
0.115664,-0.037159,0.016666,-0.112139,-0.149472,0.085792,-0.398082,0.004456,-0.077812
0.115703,-0.042353,0.028569,-0.109885,-0.119094,0.109602,-0.347822,0.007431,-0.105348
0.115742,-0.050781,0.012123,-0.087997,-0.125973,0.100878,-0.354488,0.041609,0.381611
0.115781,-0.025414,0.006492,-0.104458,-0.115682,0.012492,-0.358612,0.049687,-0.028153
0.115820,-0.031580,0.008716,-0.081268,-0.116805,-0.021810,-0.319826,0.044449,-0.596880
0.115859,-0.031319,0.009642,-0.056512,-0.092667,0.028026,-0.325235,0.012017,0.503964
0.115898,-0.041598,0.012287,-0.065767,-0.075190,0.075169,-0.305201,0.068549,0.505826
0.115937,-0.060072,0.020060,-0.090115,-0.098081,0.074085,-0.329701,0.020748,-0.068972
0.115977,-0.029697,0.009694,-0.103291,-0.082196,0.089734,-0.329460,0.063830,-0.685729
0.116016,-0.037773,0.005874,-0.063516,-0.075157,0.022213,-0.277657,0.041096,0.354307
0.116055,-0.045691,0.016895,-0.071063,-0.052435,-0.018935,-0.343555,0.013365,0.068613
0.116094,-0.036711,0.036897,-0.036562,-0.050068,0.028887,-0.331259,0.042177,-0.183254
0.116133,-0.023998,0.008521,-0.050019,-0.022034,0.071869,-0.290198,0.011999,0.487508
0.116172,-0.014308,0.022968,-0.042663,-0.058016,0.107996,-0.304679,0.051204,0.596866
0.116211,-0.040502,0.018140,-0.047045,-0.011244,0.083041,-0.356942,0.005821,-0.021844
0.116250,-0.036405,0.018727,-0.048780,-0.008499,0.028532,-0.329536,0.078084,-0.055276
0.116289,-0.038610,0.035405,-0.049663,-0.022375,-0.008243,-0.301180,0.018966,-0.362183
0.116328,-0.039084,0.024602,-0.027553,-0.004475,0.026254,-0.302022,0.018036,-0.704680
0.116367,-0.025742,-0.003607,-0.032850,0.012761,0.043759,-0.293514,0.047562,-0.101081
0.116406,-0.015577,0.021005,-0.027442,0.029578,0.063584,-0.325062,0.043774,0.117182
0.116445,-0.013799,0.016531,-0.016879,0.024695,0.069171,-0.324890,0.038204,-0.182133
0.116484,-0.044491,0.017317,-0.024822,0.025258,0.063072,-0.325774,0.087910,-0.017059
0.116523,-0.031160,0.025776,-0.019088,0.022290,0.029702,-0.295538,0.049669,-0.507372
0.116562,-0.026848,0.022650,-0.017190,0.062817,0.005155,-0.289098,0.037811,-0.741989
0.116602,-0.038520,0.030611,0.009353,0.071770,0.048946,-0.246290,0.030826,0.596192
0.116641,-0.032590,0.024788,-0.002283,0.090007,0.078702,-0.239263,0.029237,-0.419636
0.116680,-0.031968,0.023313,0.017912,0.116424,0.067700,-0.330956,0.012847,0.037328
0.116719,-0.040666,0.011688,-0.009612,0.099762,0.036843,-0.211950,0.052472,-0.564571
0.116758,-0.020811,0.018992,0.009351,0.089407,0.012667,-0.260046,0.031401,0.282983
0.116797,-0.032416,0.029535,0.014218,0.104778,0.037405,-0.250732,0.038604,-0.116654
0.116836,-0.019324,0.025018,-0.008857,0.124363,0.081956,-0.272419,0.044424,0.257538
0.116875,-0.024991,0.015778,0.009025,0.124822,0.059243,-0.275946,-0.009810,-0.768436
0.116914,-0.021579,0.019924,0.000070,0.135317,0.072594,-0.177154,0.046728,-0.534074
0.116953,-0.044080,-0.000509,0.005160,0.158444,0.066482,-0.185454,0.054485,-0.217329
0.116992,-0.028282,0.034223,0.008412,0.152424,0.010256,-0.134404,0.040980,-0.133631
0.117031,-0.021670,0.015703,0.005025,0.185207,0.025263,-0.193848,0.044966,-0.297865
0.117070,-0.014496,0.025305,0.024743,0.173052,0.031807,-0.224569,0.019563,0.135891
0.117109,-0.031693,0.015541,0.033103,0.184700,0.082692,-0.161402,0.050315,0.105942
0.117148,-0.022311,0.018148,0.014277,0.206019,0.067981,-0.234747,0.060159,0.117631
0.117188,-0.034291,0.026196,0.030893,0.207665,0.043558,-0.206622,0.041990,0.023864
0.117227,-0.017303,0.033187,0.030347,0.238321,0.039847,-0.176023,0.005669,0.057950
0.117266,-0.046430,0.025625,0.046447,0.234017,0.045253,-0.214465,0.068717,-0.660641
0.117305,-0.031480,0.022920,0.037388,0.253396,0.090394,-0.168306,0.023954,-0.162431
0.117344,-0.013468,0.024704,0.041919,0.213877,0.090192,-0.131800,0.031858,-0.252505
0.117383,-0.023309,0.033919,0.052723,0.251912,0.095474,-0.125357,0.064607,-0.528351
0.117422,-0.027734,0.038257,0.026285,0.239027,0.032945,-0.119768,0.033149,-0.317442
0.117461,-0.018873,0.026879,0.053437,0.271169,0.080541,-0.141199,0.022298,0.000794
0.117500,-0.034608,0.030377,0.065252,0.283321,0.016398,-0.161245,0.028628,0.147583
0.117539,-0.032344,0.026357,0.072010,0.278140,0.014673,-0.141912,0.059646,-0.813266
0.117578,-0.035083,0.016706,0.078479,0.289278,0.056275,-0.037615,0.057404,-0.130417
0.117617,-0.018948,0.033257,0.073996,0.306797,0.100532,-0.081223,0.045311,0.024647
0.117656,-0.028319,0.031752,0.062186,0.308225,0.089423,-0.070138,0.065550,0.332362
0.117695,-0.016191,0.021691,0.068276,0.314916,0.053715,-0.085834,0.023216,0.480603
0.117734,-0.024085,0.022054,0.089146,0.328416,0.064550,-0.051502,0.055456,-0.011746
0.117773,-0.012905,0.041552,0.080455,0.335996,0.056650,-0.073944,0.039385,-0.601849
0.117813,-0.013694,0.024510,0.082874,0.359986,0.062699,-0.104638,0.059400,-0.156598
0.117852,-0.005909,0.039044,0.087201,0.384598,0.039794,-0.016796,0.051290,-0.832685
0.117891,-0.029710,0.037550,0.103281,0.364171,0.061069,-0.002158,0.022103,-0.885584
0.117930,-0.015596,0.036451,0.102638,0.392993,0.039174,0.009402,0.000012,0.066607
0.117969,-0.024032,0.033177,0.080037,0.397274,0.051870,-0.005957,0.058336,-0.241068
0.118008,-0.017673,0.024530,0.077055,0.413750,0.042956,-0.001495,0.034795,-0.116663
0.118047,-0.019818,0.037525,0.106135,0.383681,0.088671,-0.014438,0.043354,0.247963
0.118086,-0.014030,0.031342,0.091362,0.401549,0.069296,-0.007984,0.038852,0.003765
0.118125,-0.004574,0.027963,0.105729,0.421986,0.058985,0.046453,0.049071,-0.473162
0.118164,-0.003609,0.048698,0.135314,0.397444,0.079974,0.031487,0.064630,-0.300601
0.118203,-0.004574,0.035338,0.122295,0.406067,0.053449,0.066104,0.036301,-0.737439
0.118242,-0.016471,0.022943,0.102921,0.444238,0.053974,0.060628,0.037874,0.313746
0.118281,-0.017932,0.028814,0.120209,0.431108,0.047228,0.085690,0.015486,0.060981
0.118320,-0.006520,0.041997,0.096505,0.464024,0.060180,0.077700,0.045891,-0.502157
0.118359,-0.004626,0.025219,0.119595,0.500463,0.064030,0.087263,0.024645,0.186940
0.118398,0.000494,0.022926,0.137034,0.491151,0.090685,0.124643,0.051103,-0.324327
0.118438,-0.004697,0.028745,0.120792,0.467041,0.073380,0.146943,0.026172,0.228970
0.118477,-0.002215,0.033022,0.126803,0.500540,0.086904,0.070599,0.101214,-0.369381
0.118516,-0.016249,0.026583,0.119624,0.535466,0.073219,0.134651,0.147097,-0.337177
0.118555,0.019886,0.027648,0.131335,0.532097,0.046677,0.191479,0.138625,0.252371
0.118594,-0.001208,0.037840,0.141956,0.537171,0.065381,0.157410,0.040846,0.368191
0.118633,-0.019027,0.033513,0.143077,0.512645,0.076275,0.152260,0.013135,-0.090453
0.118672,-0.016212,0.033064,0.157059,0.522810,0.049481,0.182654,-0.036686,-0.162014
0.118711,-0.016931,0.036957,0.148750,0.574766,0.050354,0.185691,-0.063618,-0.103678
0.118750,-0.004942,0.018828,0.165643,0.536626,0.067398,0.204713,-0.023193,-0.010211
0.118789,-0.000918,0.036295,0.129944,0.567306,0.070998,0.217137,0.051918,-0.248036
0.118828,-0.007585,0.036593,0.162457,0.570557,0.067887,0.207427,0.124483,-0.041201
0.118867,0.005030,0.022648,0.147589,0.559418,0.066735,0.246486,0.099639,0.023136
0.118906,0.002975,0.036695,0.161551,0.601191,0.077891,0.263628,0.067079,-0.282394
0.118945,0.012796,0.044936,0.151209,0.584380,0.076286,0.287852,0.017878,-0.152006
0.118984,0.005867,0.033207,0.132426,0.581486,0.063837,0.292319,-0.015632,0.207646
0.119023,-0.016781,0.035222,0.168292,0.610398,0.075206,0.247268,-0.027139,0.267129
0.119063,-0.009435,0.036957,0.170608,0.635032,0.079431,0.224254,0.008568,-0.584790
0.119102,-0.001406,0.020049,0.164408,0.633656,0.070360,0.274178,0.042312,-0.083591
0.119141,0.002034,0.030565,0.172675,0.604488,0.069431,0.301703,0.104041,0.139086
0.119180,0.008749,0.034739,0.165718,0.619431,0.071261,0.252744,0.062105,0.036237
0.119219,-0.010543,0.032585,0.189602,0.619829,0.063774,0.254908,0.085692,0.146355
0.119258,0.003014,0.044316,0.183513,0.624654,0.112927,0.321627,0.055527,0.292737
0.119297,0.000173,0.027068,0.200561,0.635335,0.057173,0.258574,-0.023665,0.778612
0.119336,-0.001125,0.009344,0.185669,0.648738,0.077111,0.323205,-0.041571,0.372336
0.119375,-0.011612,0.044998,0.205387,0.665952,0.055962,0.284162,-0.018818,0.004514
0.119414,0.020497,0.027292,0.187291,0.670982,0.054560,0.360714,0.054619,0.302689
0.119453,0.013509,0.038005,0.191229,0.645870,0.056533,0.312461,0.068382,0.279901
0.119492,0.016701,0.034867,0.185619,0.659354,0.074617,0.334659,0.088001,0.325326
0.119531,-0.004774,0.053267,0.211105,0.691166,0.051514,0.300793,0.084206,0.193086
0.119570,0.028580,0.027682,0.207383,0.695927,0.063478,0.360814,0.040286,0.897424
0.119609,0.019870,0.044448,0.213270,0.692631,0.062607,0.346914,0.002147,-0.271647
0.119648,0.013567,0.057946,0.194287,0.683132,0.044400,0.364500,0.019949,0.065336
0.119688,0.006661,0.059266,0.217821,0.735898,0.039865,0.369996,0.031006,-0.399989
0.119727,0.009880,0.039972,0.223919,0.750030,0.071479,0.396731,0.057141,0.463433
0.119766,0.021261,0.050021,0.204637,0.723343,0.058070,0.403818,0.071121,0.207734
0.119805,0.018317,0.054958,0.214261,0.719517,0.106330,0.410600,0.087794,0.210202
0.119844,0.015383,0.047573,0.196236,0.737433,0.086243,0.379645,0.037953,0.276334
0.119883,-0.002323,0.041943,0.217311,0.733314,0.083579,0.445630,0.014783,0.047668
0.119922,0.008749,0.030588,0.222621,0.732986,0.086525,0.381657,0.043377,-0.276483
0.119961,0.026045,0.050849,0.238485,0.733748,0.111728,0.431097,0.021766,0.383496
0.120000,0.016039,0.039486,0.237400,0.715495,0.097031,0.432707,0.000721,0.112201
0.120039,0.008789,0.034280,0.229763,0.747085,0.046054,0.426251,0.054993,-0.078920
0.120078,0.004237,0.044619,0.251622,0.760427,0.064852,0.443539,0.039189,0.330690
0.120117,0.021395,0.047345,0.242491,0.733858,0.111210,0.398335,0.072670,-0.051319
0.120156,0.023568,0.025519,0.217482,0.750644,0.101127,0.474396,0.064227,0.802833
0.120195,0.019600,0.043080,0.239791,0.749796,0.046843,0.472504,0.064178,0.376046
0.120234,0.029017,0.036866,0.246115,0.764601,0.072552,0.478938,0.022826,0.028048
0.120273,0.027234,0.038798,0.233076,0.797077,0.061306,0.483238,0.014755,-0.738024
0.120313,0.025450,0.033000,0.237870,0.783346,0.034854,0.506570,0.026273,0.095764
0.120352,0.028240,0.034152,0.260315,0.795327,0.084252,0.527931,0.009844,0.007203
0.120391,0.019021,0.034260,0.236032,0.772808,0.075846,0.436989,0.035147,-0.033639
0.120430,0.021413,0.033874,0.242502,0.803085,0.040622,0.478388,0.025322,0.331038
0.120469,0.022260,0.033826,0.241053,0.784765,0.078781,0.512148,0.022996,0.052205
0.120508,0.025899,0.049956,0.234031,0.793480,0.051930,0.534774,0.055005,0.059106
0.120547,0.018119,0.034765,0.248262,0.778772,0.097008,0.510993,0.045517,0.420993
0.120586,0.021153,0.033166,0.237263,0.809541,0.068046,0.508795,0.022454,-0.026703
0.120625,0.017074,0.041880,0.263746,0.795790,0.055821,0.523095,0.030110,0.105753
0.120664,0.033480,0.044680,0.239046,0.796215,0.067932,0.497339,0.023262,-0.776579
0.120703,0.032801,0.048300,0.266058,0.813515,0.034354,0.499752,0.037866,-0.050166
0.120742,0.028638,0.044358,0.248687,0.800751,0.091025,0.515776,0.044044,0.072846
0.120781,0.017959,0.055348,0.255534,0.792413,0.097828,0.546680,0.034332,-0.012646
0.120820,0.014710,0.036726,0.257047,0.815284,0.072190,0.498336,0.027619,0.032257
0.120859,0.026762,0.048733,0.269125,0.798163,0.078590,0.519247,0.011563,0.765725
0.120898,0.021666,0.044098,0.248360,0.795648,0.075166,0.560406,0.014436,0.057941
0.120938,0.034085,0.048445,0.279966,0.804167,0.096139,0.567486,0.054796,0.117270
0.120977,0.039115,0.025570,0.246309,0.790543,0.084999,0.603430,0.028267,-0.507569
0.121016,0.020240,0.047017,0.257071,0.805047,0.042477,0.497637,0.021029,0.330151
0.121055,0.028618,0.033608,0.285728,0.795181,0.049322,0.501995,0.073348,0.524129
0.121094,0.036999,0.043183,0.274144,0.795564,0.077901,0.503009,0.048584,0.527277
0.121133,0.032580,0.043268,0.282780,0.782518,0.066160,0.450369,0.026973,0.096043
0.121172,0.024777,0.053433,0.268935,0.825503,0.085694,0.525998,0.025602,0.491107
0.121211,0.028284,0.041383,0.260045,0.807364,0.054453,0.554595,0.031208,0.335421
0.121250,0.041965,0.052175,0.283279,0.812176,0.039780,0.512846,0.024126,-0.414487
0.121289,0.029675,0.038875,0.297217,0.814739,0.051082,0.598997,0.047310,-0.080651
0.121328,0.035149,0.056866,0.289523,0.830968,0.046265,0.565298,0.063398,-0.189249
0.121367,0.019989,0.045066,0.299038,0.811525,0.078424,0.555610,0.045758,0.133963
0.121406,0.035999,0.043985,0.285066,0.831005,0.095006,0.548202,0.055427,0.482765
0.121445,0.035132,0.038730,0.286974,0.819021,0.069442,0.574234,0.019935,0.427724
0.121484,0.035419,0.041939,0.281162,0.791847,0.040641,0.569081,0.050905,-0.157143
0.121523,0.003521,0.044800,0.293342,0.808538,0.092905,0.535968,0.023037,-0.191030
0.121563,0.028859,0.033761,0.290049,0.797244,0.078880,0.537635,0.041045,0.627490
0.121602,0.039653,0.059879,0.282088,0.822588,0.096193,0.532994,0.035915,-0.096710
0.121641,0.041270,0.032696,0.292442,0.816176,0.056128,0.530051,0.030042,1.132493
0.121680,0.027225,0.035035,0.289896,0.802255,0.060677,0.507927,0.020168,0.526438
0.121719,0.023620,0.045779,0.279998,0.795140,0.017508,0.549334,0.065854,0.148937
0.121758,0.047044,0.024530,0.306183,0.798793,0.088554,0.550254,0.068826,0.007660
0.121797,0.056625,0.034297,0.288935,0.787262,0.104098,0.565637,0.025297,-0.396035
0.121836,0.037056,0.038127,0.319830,0.786118,0.054048,0.579355,0.035483,0.241841
0.121875,0.023186,0.037528,0.304270,0.769289,0.081058,0.565809,0.024153,0.363300
0.121914,0.042925,0.024724,0.330978,0.808300,0.089404,0.592339,0.066813,0.019177
0.121953,0.036338,0.036612,0.330544,0.801559,0.082279,0.562330,0.059318,0.958801
0.121992,0.036941,0.031456,0.299199,0.791994,0.054918,0.529237,0.023624,0.449041
0.122031,0.026079,0.039510,0.330629,0.817515,0.048014,0.569303,0.020411,0.322891
0.122070,0.026864,0.040897,0.317061,0.789209,0.026457,0.539053,0.028150,-0.713095
0.122109,0.037308,0.030852,0.304973,0.783266,0.080578,0.561015,0.032497,0.119501
0.122148,0.032654,0.028537,0.288911,0.788207,0.040969,0.503959,0.028779,0.203705
0.122188,0.032029,0.030786,0.313020,0.786914,0.075510,0.542235,0.018278,0.387113
0.122227,0.045484,0.036749,0.308340,0.773968,0.054364,0.569841,0.061146,0.271064
0.122266,0.028848,0.032097,0.306712,0.780393,0.061506,0.534197,0.040989,0.404701
0.122305,0.019161,0.035201,0.334367,0.739015,0.072250,0.575010,0.053350,0.636116
0.122344,0.039752,0.019482,0.300663,0.738707,0.073832,0.521483,0.040136,0.514200
0.122383,0.047431,0.044390,0.325680,0.746350,0.043257,0.530679,0.029610,0.190751
0.122422,0.041334,0.020866,0.311262,0.736271,0.087346,0.462819,0.027281,-0.094057
0.122461,0.043910,0.040993,0.305063,0.760821,0.064567,0.566150,0.055341,0.105306
0.122500,0.045447,0.018572,0.343584,0.747463,0.067238,0.527450,0.048275,0.148990
0.122539,0.027308,0.030482,0.328932,0.757513,0.093288,0.525276,0.006336,0.270620
0.122578,0.038527,0.026852,0.321139,0.725571,0.066462,0.560741,0.005783,-0.214487
0.122617,0.022285,0.037581,0.320126,0.711978,0.060846,0.553834,0.052093,0.379323
0.122656,0.041464,0.030343,0.328554,0.740989,0.053450,0.560824,0.012772,0.557097
0.122695,0.039460,0.033033,0.346296,0.717332,0.078493,0.496143,0.030876,-0.127848
0.122734,0.040592,0.025712,0.326955,0.679334,0.066099,0.554001,0.032502,0.108425
0.122773,0.036435,0.036813,0.327451,0.691179,0.076576,0.498671,0.024459,-0.397275
0.122813,0.055243,0.045516,0.344728,0.701696,0.059680,0.491827,0.018724,0.410247
0.122852,0.030826,0.024606,0.355344,0.682553,0.046470,0.504246,0.018769,0.266031
0.122891,0.037294,0.023458,0.332598,0.689031,0.070714,0.451532,0.011333,0.498517
0.122930,0.041873,0.032676,0.365793,0.645805,0.071441,0.510688,0.035613,0.913849
0.122969,0.032423,0.038093,0.328020,0.661308,0.058765,0.520177,0.017857,0.776783
0.123008,0.040330,0.029881,0.353154,0.654313,0.076420,0.547580,0.024557,0.360690
0.123047,0.043128,0.036294,0.345453,0.678493,0.049288,0.519060,0.002646,0.175292
0.123086,0.043865,0.028551,0.349272,0.655209,0.080304,0.475478,0.008675,-0.006119
0.123125,0.022541,0.034847,0.357779,0.637277,0.061281,0.466697,0.035212,0.518547
0.123164,0.030944,0.042224,0.346399,0.649887,0.065163,0.506793,0.008056,0.722151
0.123203,0.036927,0.030388,0.354773,0.651805,0.076985,0.513260,0.045657,0.036545
0.123242,0.051226,0.028566,0.347783,0.627466,0.063445,0.509461,0.027764,0.196304
0.123281,0.033253,0.011072,0.338361,0.634759,0.049734,0.520831,0.003147,0.834419
0.123320,0.038053,0.037048,0.339537,0.619657,0.060519,0.502647,0.034615,-0.035190
0.123359,0.031320,0.023218,0.348968,0.613130,0.086493,0.505758,-0.001198,-0.552381
0.123398,0.044570,0.025636,0.330069,0.569063,0.063122,0.471813,0.055446,-0.556971
0.123438,0.055036,0.030027,0.341323,0.634620,0.064956,0.508400,0.049850,0.124778
0.123477,0.041452,0.022753,0.350849,0.578024,0.051474,0.455346,0.016367,0.121725
0.123516,0.052472,0.030978,0.357717,0.597219,0.042608,0.472599,0.017819,0.268830
0.123555,0.035406,0.034316,0.338558,0.566426,0.090097,0.510595,0.026056,0.234475
0.123594,0.043338,0.036878,0.362176,0.560283,0.079543,0.456286,0.025137,-0.480152
0.123633,0.029862,0.025124,0.352443,0.568874,0.072629,0.483821,0.047594,-0.094035
0.123672,0.044616,0.023123,0.367348,0.558287,0.056020,0.519496,0.036208,-0.205380
0.123711,0.033638,0.011863,0.356841,0.539256,0.100240,0.519712,0.005422,0.339993
0.123750,0.054033,0.037077,0.372258,0.528902,0.844643,0.471960,0.040777,-0.161017
0.123789,0.023054,0.029204,0.357070,0.539796,1.142153,0.481112,0.011618,-0.250204
0.123828,0.034182,0.028783,0.375482,0.521889,0.392301,0.460988,0.005316,-0.144820
0.123867,0.029545,0.025765,0.366241,0.527437,-0.625286,0.457430,0.051845,0.093703
0.123906,0.035603,0.026554,0.373590,0.496204,-0.903882,0.405880,0.001886,-0.266099
0.123945,0.031903,0.020552,0.377157,0.486319,-0.313845,0.436052,0.040335,-0.065231
0.123984,0.044654,0.020008,0.353068,0.486543,0.623739,0.435436,-0.007092,-0.297415
0.124023,0.045842,0.019984,0.361065,0.485933,0.937199,0.417828,0.001868,0.138959
0.124063,0.033557,0.026675,0.367246,0.476866,0.406487,0.412381,0.022446,0.620571
0.124102,0.035193,0.038587,0.356436,0.447881,-0.432852,0.421822,0.043567,-0.004355
0.124141,0.031240,0.032996,0.347526,0.449082,-0.807576,0.468615,0.014562,-0.080897
0.124180,0.038881,0.012855,0.352747,0.449190,-0.324885,0.436880,0.024756,-0.036811
0.124219,0.044727,0.018916,0.333300,0.430767,0.480625,0.428516,0.035565,0.116325
0.124258,0.039120,0.011944,0.369953,0.445986,0.789295,0.395999,0.000467,0.625302
0.124297,0.030467,0.011756,0.381041,0.406393,0.415479,0.375443,0.019131,0.253891
0.124336,0.029987,0.008790,0.363795,0.420061,-0.273382,0.461402,0.020239,0.277684
0.124375,0.033757,0.022591,0.360274,0.398415,-0.618487,0.400826,-0.010053,-1.062977
0.124414,0.047049,0.027300,0.359507,0.410753,-0.297999,0.390598,0.001612,-0.496119
0.124453,0.042453,0.020432,0.365193,0.398495,0.303143,0.383448,-0.003347,-0.261528
0.124492,0.046590,0.022032,0.353947,0.395917,0.682588,0.436297,-0.005246,-0.533008
0.124531,0.018993,0.023934,0.367009,0.346779,0.402263,0.381294,0.012849,0.052935
0.124570,0.023893,0.020866,0.364055,0.339697,-0.162701,0.356787,0.036479,-0.334673
0.124609,0.033247,-0.001660,0.371879,0.345495,-0.490271,0.437288,0.010866,-0.647264
0.124648,0.043255,0.008049,0.372176,0.349394,-0.310005,0.384614,0.023034,-0.505784
0.124688,0.032416,0.013882,0.367758,0.346306,0.256072,0.378899,0.019319,-0.582386
0.124727,0.034389,0.024592,0.380179,0.330305,0.568323,0.394830,0.028069,-0.195070
0.124766,0.033524,0.002923,0.362492,0.318557,0.357750,0.374855,0.026940,-0.467810
0.124805,0.016783,0.032654,0.384954,0.335941,-0.134171,0.418624,-0.009355,-0.969021
0.124844,0.029318,0.011819,0.394968,0.300154,-0.393242,0.381732,0.033597,-0.089255
0.124883,0.028503,0.023567,0.378357,0.270451,-0.249476,0.444055,-0.001260,0.127669
0.124922,0.019949,0.025547,0.357859,0.247986,0.129742,0.398164,0.014432,-0.473639
0.124961,0.034211,0.009994,0.392342,0.289090,0.452460,0.364925,-0.010363,-0.406690
0.125000,0.027470,0.021815,0.391603,0.282818,0.305077,0.380302,0.049394,-0.251317
0.125039,0.034563,0.011042,0.374131,0.259633,-0.044340,0.328773,-0.002277,0.353522
0.125078,0.044730,0.008865,0.372099,0.222882,-0.300027,0.362085,0.008816,-0.335433
0.125117,0.048229,0.028468,0.382489,0.217215,-0.233756,0.349398,0.006563,-0.465393
0.125156,0.038668,0.028166,0.377024,0.219539,0.071114,0.339659,-0.009655,0.210878
0.125195,0.037841,0.014421,0.387407,0.223883,0.362411,0.392144,0.023867,-0.846266
0.125234,0.028656,0.005530,0.379844,0.218534,0.312034,0.349051,0.016800,-0.192793
0.125273,0.039856,0.022275,0.383601,0.192666,0.008921,0.342138,0.004840,-0.184126
0.125312,0.045162,-0.001007,0.360597,0.199467,-0.254681,0.384505,0.028445,0.140216
0.125352,0.041842,0.020029,0.396843,0.176281,-0.197732,0.392775,0.018981,-0.789017
0.125391,0.024880,0.012582,0.390257,0.155502,0.044396,0.325694,0.013209,0.125271
0.125430,0.025381,0.003973,0.385639,0.144450,0.277959,0.363227,0.023721,-0.142250
0.125469,0.037975,0.020038,0.381412,0.169963,0.267838,0.316083,0.000582,-0.251265
0.125508,0.030550,0.011403,0.394627,0.138839,0.036782,0.319087,0.019386,-0.246769
0.125547,0.040812,0.015781,0.377868,0.134512,-0.147936,0.312674,0.014273,0.262466
0.125586,0.033689,0.001718,0.372052,0.138692,-0.202119,0.329671,0.014680,-0.473748
0.125625,0.032318,0.000479,0.405557,0.133810,0.044491,0.355616,-0.024303,-0.562423
0.125664,0.030015,0.011875,0.354831,0.140937,0.204831,0.341776,-0.009799,-0.924795
0.125703,0.037901,0.014703,0.375686,0.087328,0.212523,0.366625,0.014739,-0.852637
0.125742,0.045511,0.019530,0.367239,0.126274,0.091035,0.336040,0.141269,0.036590
0.125781,0.035232,0.028431,0.377263,0.070903,-0.147824,0.314716,0.209271,0.078169
0.125820,0.045198,0.019639,0.379478,0.071699,-0.162907,0.327224,0.162926,-0.201444
0.125859,0.042721,0.004441,0.384455,0.060876,-0.047607,0.341770,0.015326,0.387222
0.125898,0.037875,-0.002924,0.385063,0.052584,0.176219,0.317572,-0.090843,-0.654147
0.125938,0.032482,0.000258,0.405913,0.054468,0.211755,0.343814,-0.186038,-0.328913
0.125977,0.040294,0.004436,0.386174,0.034340,0.061400,0.334047,-0.152831,0.114513
0.126016,0.045509,0.018845,0.364149,0.038616,-0.081192,0.285405,-0.061883,0.263313
0.126055,0.050282,0.016873,0.397873,0.013321,-0.094719,0.317758,0.065369,-0.429543
0.126094,0.021364,0.006155,0.373118,0.018700,-0.025807,0.342487,0.160442,0.301408
0.126133,0.042559,0.010946,0.385299,-0.001493,0.141105,0.306380,0.117134,-0.048966
0.126172,0.041463,-0.000293,0.377883,-0.010405,0.195555,0.373025,0.041658,-0.440737
0.126211,0.029690,0.029324,0.408384,-0.000069,0.032584,0.323776,-0.049385,-0.497757
0.126250,0.023067,0.032679,0.407109,-0.013837,-0.077217,0.343057,-0.123501,-0.576635
0.126289,0.035190,0.006361,0.384937,0.013620,-0.117200,0.315221,-0.095431,0.293748
0.126328,0.034527,0.016118,0.399433,-0.020563,-0.034690,0.311539,-0.082874,-0.065934
0.126367,0.044541,0.001984,0.385900,-0.058736,0.112437,0.306197,0.058452,-0.150755
0.126406,0.043284,0.002737,0.389662,-0.038645,0.160609,0.310794,0.077172,-0.155992
0.126445,0.022932,0.004752,0.399192,-0.064655,0.111499,0.326744,0.107815,0.034876
0.126484,0.043325,0.011825,0.395640,-0.086708,-0.019963,0.290750,0.026110,0.163402
0.126523,0.038274,0.004410,0.383739,-0.090194,-0.078583,0.251052,-0.003731,-0.151911
0.126562,0.027697,0.009186,0.392753,-0.083295,-0.042171,0.333945,-0.095906,0.265605
0.126602,0.047239,0.006197,0.367942,-0.134083,0.136849,0.254113,-0.086323,-0.168174
0.126641,0.031552,0.009492,0.383865,-0.086561,0.128064,0.225167,-0.022729,0.133785
0.126680,0.033541,0.019684,0.410909,-0.118634,0.062507,0.286100,0.001344,-0.019293
0.126719,0.029772,-0.004460,0.386964,-0.098686,-0.018837,0.279786,0.071093,0.054025
0.126758,0.036437,0.009495,0.389201,-0.114193,-0.075296,0.331432,0.061733,0.072986
0.126797,0.041544,-0.001193,0.400358,-0.116962,-0.030848,0.326849,0.007487,0.317689
0.126836,0.034629,0.008481,0.403918,-0.137822,0.129938,0.314176,-0.040250,-0.056153
0.126875,0.036233,0.025325,0.392463,-0.151440,0.110767,0.275565,-0.067459,-0.393847
0.126914,0.046800,0.014791,0.400271,-0.159295,0.063602,0.275865,-0.112622,0.222213
0.126953,0.034590,0.013189,0.377958,-0.156824,-0.016175,0.319120,-0.075178,0.017829
0.126992,0.024817,0.021985,0.390415,-0.167839,-0.078387,0.234493,-0.061088,-0.167079
0.127031,0.044711,0.001950,0.398006,-0.161632,0.016616,0.219021,0.035083,-0.146532
0.127070,0.040893,0.013482,0.409728,-0.207030,0.069048,0.248122,0.076164,-0.326712
0.127109,0.023515,0.014623,0.390232,-0.181475,0.112065,0.249762,0.029380,0.638431
0.127148,0.043144,0.015191,0.397844,-0.203293,0.058366,0.281055,0.024020,0.192817
0.127188,0.025083,0.013092,0.396971,-0.242492,0.036576,0.249086,-0.026492,-0.004869
0.127227,0.028747,0.007058,0.386510,-0.201550,-0.013244,0.205148,-0.060186,0.308411
0.127266,0.013242,0.008837,0.397874,-0.232647,-0.009562,0.318754,-0.020358,-0.247135
0.127305,0.041225,-0.009490,0.392549,-0.218305,0.030277,0.227859,-0.043656,-0.189857
0.127344,0.048943,0.010706,0.389986,-0.199486,0.061737,0.244731,-0.047121,-0.227297
0.127383,0.019702,0.013873,0.398279,-0.223055,0.063074,0.277381,0.003859,-0.071842
0.127422,0.036000,0.021317,0.390315,-0.231638,0.006996,0.258773,0.002891,0.145638
0.127461,0.042764,0.005196,0.394671,-0.231295,-0.035656,0.188459,-0.023803,-0.279490
0.127500,0.042258,0.011868,0.368199,-0.238633,-0.033992,0.186813,-0.047671,0.164779
0.127539,0.041086,0.005868,0.397845,-0.241604,0.030107,0.258653,-0.021736,0.039768
0.127578,0.043262,0.014802,0.374761,-0.239820,0.080401,0.161987,-0.036625,-0.408785
0.127617,0.036297,0.002636,0.415835,-0.218547,0.065424,0.218159,-0.042151,0.446749
0.127656,0.014803,0.004411,0.402119,-0.296525,-0.038992,0.208909,-0.033957,-0.059771
0.127695,0.037898,0.010461,0.397697,-0.296325,-0.034449,0.279922,0.026708,1.003012
0.127734,0.043301,0.003817,0.389785,-0.324265,-0.031978,0.227324,0.014332,-0.216301
0.127773,0.042450,0.005220,0.388524,-0.308315,0.006488,0.213787,0.006104,0.004815
0.127812,0.033403,0.021245,0.405321,-0.283319,0.038075,0.184820,-0.028276,-0.258977
0.127852,0.041087,-0.000543,0.388323,-0.318836,0.046745,0.085919,-0.046291,-0.284618
0.127891,0.014381,0.009339,0.395670,-0.311693,0.008556,0.255230,-0.049313,-0.095230
0.127930,0.029973,-0.000446,0.407054,-0.310179,-0.002879,0.207228,0.005820,-0.204257
0.127969,0.029098,0.018748,0.375708,-0.340045,-0.034395,0.237168,-0.019423,-0.196271
0.128008,0.025672,0.001826,0.393359,-0.356714,0.026384,0.231692,0.004294,-0.169611
0.128047,0.025154,0.023760,0.406199,-0.310821,0.054868,0.209950,0.015243,0.538012
0.128086,0.047730,0.010497,0.406816,-0.343034,0.041085,0.178565,-0.031018,0.245400
0.128125,0.029364,-0.005195,0.381572,-0.333235,0.017126,0.193420,-0.030673,0.191514
0.128164,0.032361,0.023663,0.375046,-0.339903,-0.000706,0.140741,-0.062855,0.291831
0.128203,0.032250,0.006033,0.368450,-0.331736,-0.006341,0.097454,-0.067353,0.129960
0.128242,0.047187,0.009913,0.395601,-0.355651,0.028182,0.164370,-0.031524,-0.092261
0.128281,0.041313,0.015476,0.386835,-0.352023,0.030361,0.140264,-0.024265,0.183831
0.128320,0.026300,0.005189,0.371443,-0.358472,0.041572,0.155295,-0.050943,0.020289
0.128359,0.021905,-0.009042,0.389535,-0.411278,0.016177,0.154463,-0.003963,0.261650
0.128398,0.038590,0.013423,0.381357,-0.370356,-0.005768,0.184547,-0.030158,0.068523
0.128438,0.038046,0.011969,0.397665,-0.366551,0.002086,0.130592,-0.025609,0.065759
0.128477,0.023213,0.024656,0.387374,-0.362178,0.021819,0.099791,-0.029313,0.000682
0.128516,0.054497,-0.007700,0.383573,-0.386652,0.011870,0.157347,-0.034958,0.213275
0.128555,0.057968,0.002370,0.406591,-0.389043,0.054665,0.139381,-0.055634,-0.064977
0.128594,0.026293,0.000543,0.370041,-0.388579,0.003199,0.113706,-0.050924,0.111737
0.128633,0.037101,0.004843,0.379979,-0.396399,-0.005089,0.073655,-0.009970,-0.356534
0.128672,0.029749,0.017664,0.384070,-0.425966,0.013674,0.074266,-0.013785,0.104671
0.128711,0.041767,-0.007204,0.396029,-0.375291,0.017768,0.134161,-0.042965,0.069211
0.128750,0.033901,0.013227,0.393461,-0.403823,0.037446,0.104982,-0.040680,0.272833
0.128789,0.046110,0.010894,0.380454,-0.398386,0.028168,0.075216,-0.013503,-0.016382
0.128828,0.052341,0.011074,0.370375,-0.409972,0.014978,0.132018,-0.027285,0.295047
0.128867,0.037666,0.009451,0.390232,-0.422877,-0.013771,0.048044,-0.026448,0.046340
0.128906,0.041635,0.023912,0.370278,-0.409403,0.006376,0.029713,-0.026437,0.142170
0.128945,0.042594,0.009031,0.378045,-0.413917,0.011573,0.062360,-0.019635,-0.126170
0.128984,0.017443,0.017739,0.386459,-0.436836,0.038964,0.059249,-0.007082,0.028299
0.129023,0.043905,0.007723,0.366555,-0.437220,0.022335,0.085355,-0.068849,0.012028
0.129062,0.044015,0.020575,0.367826,-0.430322,0.018759,-0.000490,-0.033563,0.044426
0.129102,0.034025,0.010699,0.370632,-0.447133,0.006147,0.025258,-0.063317,0.659645
0.129141,0.025295,0.013793,0.377617,-0.439111,-0.009565,-0.053430,-0.050655,0.047266
0.129180,0.039944,0.015751,0.375899,-0.413391,-0.006008,-0.029355,-0.047168,0.049957
0.129219,0.040180,0.024366,0.355115,-0.420376,0.051007,-0.030965,-0.027577,-0.111390
0.129258,0.040733,0.011490,0.386900,-0.473099,0.052867,0.047586,-0.061979,0.619129
0.129297,0.016403,0.009894,0.364954,-0.442448,0.001605,0.025979,-0.047852,0.081262
0.129336,0.030817,-0.007440,0.358153,-0.443830,-0.015151,-0.024425,-0.037020,0.576977
0.129375,0.040897,0.011335,0.355415,-0.447565,0.032307,-0.057018,-0.012481,-0.047028
0.129414,0.043874,0.015875,0.376139,-0.470260,0.019740,-0.048458,-0.019857,0.211791
0.129453,0.039365,0.016845,0.368709,-0.446575,0.043777,-0.065011,-0.059953,-0.904147
0.129492,0.036348,0.020067,0.382226,-0.455598,-0.016815,-0.018361,-0.045882,0.288513
0.129531,0.043685,0.005196,0.382422,-0.474245,0.016294,-0.077183,-0.051717,0.382357
0.129570,0.039720,0.014436,0.369868,-0.468040,0.009534,-0.051731,-0.032529,0.762343
0.129609,0.060057,0.012263,0.354783,-0.490806,0.003986,-0.098915,-0.057987,-0.304916
0.129648,0.034048,0.013733,0.382687,-0.448983,-0.033137,-0.116456,-0.040583,0.068906
0.129688,0.053939,-0.003931,0.359915,-0.478277,-0.007708,-0.131693,-0.054703,-0.155284
0.129727,0.048275,0.005703,0.362198,-0.478810,0.017647,-0.142748,-0.046458,0.164353
0.129766,0.047128,0.007370,0.338730,-0.504957,0.023447,-0.087242,-0.037678,0.296377
0.129805,0.047081,0.005491,0.376065,-0.475571,0.050184,-0.103333,-0.050433,0.003814
0.129844,0.049092,0.007261,0.378468,-0.499780,0.006297,-0.102851,-0.041972,0.277907
0.129883,0.039659,0.019605,0.356767,-0.526605,0.001181,-0.134099,-0.041205,0.179167
0.129922,0.044090,0.005340,0.355000,-0.476669,-0.028262,-0.161207,-0.077464,0.502167
0.129961,0.035692,0.018556,0.372825,-0.483828,0.011828,-0.113890,-0.031197,-0.348454
0.130000,0.043344,0.005362,0.366334,-0.470114,0.037439,-0.157363,-0.030902,-0.213683
0.130039,0.054339,0.006754,0.352414,-0.504285,0.011612,-0.075751,-0.046350,0.435769
0.130078,0.045902,0.003824,0.361402,-0.494385,0.006739,-0.159498,-0.043951,0.745422
0.130117,0.029742,-0.002928,0.349309,-0.489667,0.028060,-0.182286,-0.074350,-0.110558
0.130156,0.042864,0.004401,0.364068,-0.495057,0.023588,-0.161641,-0.047626,0.330811
0.130195,0.041479,0.018995,0.357689,-0.485298,-0.020689,-0.183300,-0.031115,0.267560
0.130234,0.039987,0.013735,0.360373,-0.476682,0.012326,-0.159382,-0.041963,0.131763
0.130273,0.054123,0.023641,0.355943,-0.504094,-0.017797,-0.225130,-0.050102,-0.588661
0.130312,0.039765,0.014977,0.358482,-0.509252,0.000285,-0.252722,-0.086194,0.160152
0.130352,0.041544,0.001768,0.354715,-0.485971,0.010310,-0.253640,-0.076580,0.500451
0.130391,0.049693,0.010860,0.358519,-0.527640,0.008885,-0.222635,-0.040114,-0.187834
0.130430,0.040885,0.032534,0.337083,-0.533073,-0.013011,-0.197285,-0.060086,0.105963
0.130469,0.034638,-0.003794,0.360073,-0.507009,0.002456,-0.238297,-0.052304,0.748661
0.130508,0.042070,0.012865,0.346759,-0.506631,-0.021516,-0.215162,-0.069613,0.297670
0.130547,0.036916,0.015488,0.337607,-0.509798,0.017406,-0.333091,-0.018791,0.216404
0.130586,0.043251,0.012207,0.360591,-0.504880,-0.002015,-0.289197,-0.064078,0.006825
0.130625,0.041079,0.011391,0.324752,-0.535869,-0.021700,-0.221846,-0.049311,0.249904
0.130664,0.053557,-0.004000,0.324133,-0.523465,0.053386,-0.245345,-0.079265,0.151582
0.130703,0.048289,0.025244,0.344912,-0.476493,0.010995,-0.269878,-0.026340,-0.017370
0.130742,0.063888,0.005889,0.327403,-0.518249,0.047380,-0.329339,-0.031509,0.205089
0.130781,0.043971,0.001551,0.354928,-0.517905,-0.007776,-0.299800,-0.016257,0.362258
0.130820,0.045943,0.014702,0.332176,-0.513179,0.018183,-0.331222,-0.035923,0.685932
0.130859,0.047460,0.003576,0.331507,-0.515008,0.010628,-0.319983,-0.072065,0.513320
0.130898,0.038653,-0.005264,0.318430,-0.516534,0.023150,-0.333844,-0.088177,-0.031758
0.130938,0.048334,-0.000831,0.311340,-0.524264,0.027958,-0.314637,-0.067439,0.487725
0.130977,0.051664,-0.001390,0.343099,-0.506406,0.002409,-0.357160,-0.056401,0.231874
0.131016,0.065504,0.016086,0.340040,-0.518314,0.041304,-0.348814,-0.064797,0.320884
0.131055,0.035976,0.000390,0.324801,-0.530833,0.033659,-0.354213,-0.056204,-0.281302
0.131094,0.052519,0.013054,0.338000,-0.515719,0.030685,-0.373183,-0.038201,0.124588
0.131133,0.037168,0.007457,0.344614,-0.514444,-0.001954,-0.415531,-0.066816,-0.000566
0.131172,0.032824,0.003270,0.328638,-0.517515,0.031179,-0.363639,-0.066657,0.244172
0.131211,0.051459,0.025950,0.321116,-0.508466,0.010986,-0.383909,-0.049696,-1.193905
0.131250,0.044809,0.011580,0.309044,-0.519859,0.001355,-0.364743,-0.061912,-0.364451
0.131289,0.028574,0.002650,0.312283,-0.506797,0.014031,-0.403254,-0.035914,0.739322
0.131328,0.040450,0.032686,0.320375,-0.490707,-0.008659,-0.367636,-0.045845,0.524459
0.131367,0.015362,0.010755,0.338986,-0.499497,-0.012635,-0.404577,-0.057933,0.246813
0.131406,0.045631,0.025739,0.322740,-0.505286,0.001213,-0.407122,-0.050512,0.355570
0.131445,0.056572,0.010738,0.324587,-0.497130,-0.005417,-0.456416,-0.066491,0.654743
0.131484,0.042822,0.018072,0.314224,-0.507666,0.018396,-0.405657,-0.055169,-0.215867
0.131523,0.041693,0.008250,0.308479,-0.524504,0.038595,-0.440655,-0.073508,-0.140283
0.131562,0.056879,-0.007516,0.325690,-0.504378,-0.018046,-0.408846,-0.057209,0.166680
0.131602,0.055361,0.009984,0.295752,-0.492704,0.023128,-0.458119,-0.050959,-0.155942
0.131641,0.031801,0.007914,0.312445,-0.505648,0.017294,-0.508337,-0.085088,0.073090
0.131680,0.039216,-0.000481,0.308358,-0.499824,0.033877,-0.482534,-0.076784,0.408137
0.131719,0.056867,-0.003457,0.324260,-0.493516,0.010343,-0.477677,-0.058609,-0.061252
0.131758,0.062044,-0.010800,0.299229,-0.514768,-0.024457,-0.499814,-0.058006,-0.102818
0.131797,0.051186,0.006535,0.305793,-0.514344,-0.000138,-0.462574,-0.009397,0.334269
0.131836,0.037490,0.007487,0.300892,-0.522792,0.010606,-0.457970,-0.044317,0.086320
0.131875,0.035995,0.005105,0.306059,-0.516719,-0.037846,-0.476174,-0.094856,-0.281309
0.131914,0.055117,0.012722,0.299083,-0.477555,-0.002647,-0.508224,-0.067189,-0.327972
0.131953,0.038739,0.026776,0.294716,-0.516553,0.026722,-0.504895,-0.036787,-0.138860
0.131992,0.039497,0.008394,0.285708,-0.511732,-0.006480,-0.495866,-0.044121,-0.409464
0.132031,0.063067,0.021714,0.269141,-0.501217,0.046767,-0.543862,-0.059818,0.046693
0.132070,0.048874,-0.002743,0.300812,-0.499284,0.018310,-0.555006,-0.047537,-0.078728
0.132109,0.053862,0.019845,0.277449,-0.515354,-0.009827,-0.501230,-0.063664,-0.298145
0.132148,0.058257,0.016351,0.274139,-0.479524,0.023771,-0.493275,-0.065200,-0.620081
0.132188,0.030737,0.000698,0.301608,-0.511047,-0.008709,-0.532409,-0.053380,-0.513781
0.132227,0.041404,-0.013863,0.284946,-0.502619,0.030320,-0.520754,-0.055479,0.149722
0.132266,0.058646,0.003230,0.290705,-0.493154,0.009549,-0.521146,-0.051288,-0.130988
0.132305,0.039567,0.000681,0.298363,-0.491870,0.036360,-0.525466,-0.046360,-0.702251
0.132344,0.042250,0.018942,0.295296,-0.524757,0.019673,-0.560972,-0.058707,-0.242983
0.132383,0.036911,0.011209,0.276924,-0.488713,0.022725,-0.570270,-0.028424,0.087778
0.132422,0.030448,0.012714,0.260141,-0.513227,0.013593,-0.538443,-0.054728,-0.636094
0.132461,0.037433,0.007332,0.274030,-0.519312,0.024974,-0.518931,-0.077605,0.253373
0.132500,0.036339,0.019134,0.285001,-0.500223,-0.008266,-0.603230,-0.061675,0.265837
0.132539,0.046492,0.014580,0.279139,-0.497150,-0.012176,-0.491387,-0.075610,-0.480169
0.132578,0.041391,0.002088,0.290586,-0.513973,-0.006576,-0.562672,-0.072641,-0.807538
0.132617,0.040202,0.003102,0.246322,-0.553515,-0.016010,-0.536751,-0.090162,0.084951
0.132656,0.044119,-0.008794,0.264141,-0.495235,-0.000237,-0.526836,-0.070743,0.183203
0.132695,0.046614,0.021572,0.262399,-0.489079,0.005516,-0.527075,-0.041740,0.163212
0.132734,0.049429,0.018635,0.269830,-0.504383,0.013432,-0.524601,-0.045648,0.337794
0.132773,0.049905,0.000944,0.265455,-0.492691,0.001312,-0.518495,-0.095709,-0.217831
0.132813,0.051832,-0.006263,0.247636,-0.524477,0.024101,-0.577999,-0.081345,-0.383157
0.132852,0.035268,0.000875,0.259857,-0.506980,-0.007762,-0.533796,-0.100445,0.371113
0.132891,0.043785,-0.007864,0.265787,-0.480771,0.010321,-0.539861,-0.063871,-0.256161
0.132930,0.043817,-0.002997,0.242087,-0.504050,-0.000325,-0.516257,-0.045368,-0.148433
0.132969,0.024752,-0.000915,0.250853,-0.483926,0.019258,-0.559141,-0.058108,-0.808281
0.133008,0.052533,0.014407,0.238863,-0.464830,0.015465,-0.561796,-0.083566,-0.321236
0.133047,0.045993,-0.011103,0.255137,-0.478654,0.007389,-0.584172,-0.072907,-0.181262
0.133086,0.032288,-0.008810,0.271676,-0.502748,-0.011064,-0.591664,-0.085313,-0.322817
0.133125,0.051762,0.008079,0.237541,-0.471544,-0.000749,-0.547784,-0.080569,0.044677
0.133164,0.048298,0.017266,0.241218,-0.489259,-0.000224,-0.538645,-0.059484,-0.166443
0.133203,0.039235,0.003700,0.245466,-0.488913,0.030787,-0.570213,-0.069811,-0.423372
0.133242,0.038836,0.011508,0.237672,-0.500600,0.006539,-0.600849,-0.061370,-0.319101
0.133281,0.043663,-0.006978,0.231330,-0.500973,-0.003189,-0.557056,-0.043288,-0.563604
0.133320,0.059368,0.001752,0.228958,-0.503441,-0.005887,-0.569895,-0.087607,-0.182568
0.133359,0.017294,-0.004630,0.255688,-0.496145,-0.022758,-0.556136,0.016073,-0.905609
0.133398,0.042552,0.008654,0.233944,-0.495921,0.025413,-0.503248,0.100187,-0.354038
0.133437,0.038419,-0.009485,0.240186,-0.472154,0.027923,-0.488678,0.120812,-0.850709
0.133477,0.031245,-0.000443,0.219891,-0.490425,1.097540,-0.533675,0.006539,-0.303761
0.133516,0.038953,0.003681,0.202006,-0.485365,1.024035,-0.569242,-0.116770,-0.012225
0.133555,0.026315,-0.007882,0.233454,-0.504156,0.058252,-0.568960,-0.205716,-0.513868
0.133594,0.044029,0.004468,0.229374,-0.515806,-0.901357,-0.510512,-0.256672,-0.259019
0.133633,0.042409,-0.003162,0.232620,-0.465988,-0.934985,-0.541241,-0.171359,-0.248371
0.133672,0.027044,-0.003089,0.226630,-0.475631,-0.094930,-0.553606,-0.074978,-0.103113
0.133711,0.037144,-0.001624,0.217061,-0.466087,0.802329,-0.497059,0.030073,-0.524602
0.133750,0.024814,0.001235,0.211859,-0.460295,0.917951,-0.503663,0.052982,-0.313978
0.133789,0.034303,0.012392,0.211473,-0.467754,0.145208,-0.535578,0.002638,0.046438
0.133828,0.030682,0.001527,0.218249,-0.460359,-0.696797,-0.528202,-0.040131,-0.101961
0.133867,0.026440,-0.003683,0.219859,-0.469426,-0.839299,-0.551414,-0.121820,-0.734094
0.133906,0.025774,0.000885,0.196815,-0.485314,-0.165783,-0.466122,-0.175211,0.021811
0.133945,0.020576,-0.000476,0.215901,-0.481607,0.612499,-0.485524,-0.148904,-0.249024
0.133984,0.019949,-0.000231,0.189211,-0.480141,0.751606,-0.490303,-0.083434,0.524749
0.134023,0.033971,0.004414,0.200687,-0.455866,0.182548,-0.545400,-0.018611,-0.139173
0.134063,0.030226,-0.022205,0.186620,-0.438197,-0.513712,-0.541696,0.012576,-0.501694
0.134102,0.029654,-0.012398,0.207823,-0.442100,-0.661788,-0.473060,-0.012193,-0.448313
0.134141,0.042881,-0.008344,0.201978,-0.456796,-0.200185,-0.577369,-0.069820,-0.837923
0.134180,0.033349,-0.002419,0.185784,-0.449934,0.442969,-0.498313,-0.070052,0.297797
0.134219,0.021153,-0.007239,0.189927,-0.482951,0.683776,-0.520929,-0.150787,-0.423555
0.134258,0.016627,-0.012437,0.196112,-0.475263,0.224472,-0.551736,-0.145101,-0.685836
0.134297,0.021343,-0.010544,0.183287,-0.471872,-0.375647,-0.518160,-0.121470,-0.527120
0.134336,0.040523,-0.004473,0.194808,-0.444557,-0.600098,-0.508741,-0.051111,-0.509518
0.134375,0.047207,0.000437,0.155425,-0.457558,-0.213971,-0.447892,-0.015814,0.135599
0.134414,0.036593,-0.011388,0.167472,-0.459625,0.330201,-0.512911,-0.005480,0.364279
0.134453,0.013452,-0.006303,0.185501,-0.468417,0.546599,-0.467624,-0.029798,-0.540738
0.134492,0.013923,-0.012902,0.186308,-0.458915,0.216197,-0.474935,-0.065443,-0.288485
0.134531,0.025239,-0.011829,0.161299,-0.434164,-0.270747,-0.403448,-0.131924,-0.356505
0.134570,0.029569,-0.015612,0.159341,-0.456783,-0.502043,-0.459867,-0.127024,-0.328658
0.134609,0.030151,-0.003655,0.162161,-0.457172,-0.230159,-0.475038,-0.080251,0.346023
0.134648,0.013302,-0.014522,0.166444,-0.473829,0.256673,-0.485416,-0.053621,0.621119
0.134687,0.026780,-0.013897,0.164729,-0.424254,0.445699,-0.455726,-0.023061,-0.406707
0.134727,0.025083,-0.004456,0.154478,-0.469813,0.203570,-0.413380,0.010304,-0.398225
0.134766,0.017807,-0.014356,0.175885,-0.427761,-0.169130,-0.452719,-0.059656,-0.423219
0.134805,0.036068,-0.008500,0.145188,-0.440156,-0.374352,-0.441007,-0.062788,0.042317
0.134844,0.032251,-0.009417,0.161732,-0.457682,-0.222676,-0.436453,-0.088598,-0.453346
0.134883,0.032989,-0.004959,0.161324,-0.457921,0.175372,-0.416166,-0.107434,0.199760
0.134922,0.034307,-0.004900,0.144580,-0.432416,0.367550,-0.456697,-0.096778,-0.231914
0.134961,0.024521,-0.011122,0.145257,-0.411610,0.240149,-0.463600,-0.058565,-0.074838
0.135000,0.041853,-0.004640,0.135241,-0.415088,-0.133489,-0.415978,-0.032964,0.039015
0.135039,0.020722,-0.023308,0.138452,-0.427852,-0.326985,-0.419506,-0.055029,-0.057287
0.135078,0.046759,-0.022314,0.144296,-0.426598,-0.207283,-0.423513,-0.063067,-0.125807
0.135117,0.013695,-0.024703,0.153511,-0.432919,0.118686,-0.415999,-0.035028,-0.320176
0.135156,0.011970,0.003375,0.134149,-0.421830,0.314334,-0.402750,-0.092340,0.206020
0.135195,0.013012,-0.001077,0.140378,-0.419701,0.211573,-0.390802,-0.072854,0.390842
0.135234,0.030463,-0.000473,0.123224,-0.411090,-0.056477,-0.357863,-0.061135,-0.236452
0.135273,0.018558,-0.018733,0.133023,-0.425442,-0.250822,-0.388194,-0.052853,-0.441330
0.135313,0.021773,-0.019718,0.137775,-0.419661,-0.196545,-0.384671,-0.066496,0.081731
0.135352,0.020009,-0.004369,0.137567,-0.416417,0.086158,-0.389526,-0.036640,-0.143547
0.135391,0.005290,0.000271,0.125543,-0.409544,0.275394,-0.393453,-0.031203,-0.086842
0.135430,0.023102,-0.029902,0.115940,-0.425938,0.200292,-0.397885,-0.071899,-0.407693
0.135469,0.011834,-0.006894,0.123422,-0.407916,-0.014510,-0.398844,-0.070180,0.431943
0.135508,0.004475,-0.012600,0.123821,-0.388641,-0.196750,-0.368549,-0.072702,0.176178
0.135547,0.010590,-0.010793,0.103817,-0.399830,-0.187113,-0.328720,-0.057082,-0.134958
0.135586,0.013996,0.001989,0.124292,-0.381564,0.016161,-0.365069,-0.053123,-0.522602
0.135625,0.006406,-0.011597,0.128403,-0.394750,0.162021,-0.343732,-0.005316,-0.178924
0.135664,0.024633,-0.004572,0.112707,-0.416093,0.156332,-0.317688,-0.064522,-0.113272
0.135703,0.010802,-0.017452,0.124201,-0.398795,-0.034862,-0.330052,-0.042153,-0.080671
0.135742,0.016303,-0.014387,0.127976,-0.393225,-0.188512,-0.322492,-0.070615,-0.322592
0.135781,0.018843,-0.016537,0.105662,-0.368043,-0.145695,-0.300064,-0.068222,0.001615
0.135820,0.017383,-0.018207,0.111790,-0.384243,0.039994,-0.322695,-0.066702,-0.327150
0.135859,0.019564,-0.023114,0.084586,-0.372826,0.141710,-0.255363,-0.086592,-0.627864
0.135898,0.002658,-0.011900,0.084623,-0.378751,0.115221,-0.362619,-0.093327,-0.118458
0.135937,0.011826,-0.012185,0.102623,-0.370880,-0.011531,-0.344930,-0.075438,0.053660
0.135977,0.016655,-0.014650,0.072047,-0.376552,-0.129551,-0.233352,-0.067846,-0.036496
0.136016,0.005779,-0.008587,0.114631,-0.357721,-0.139628,-0.306181,-0.058490,0.086271
0.136055,0.020159,-0.013916,0.094669,-0.344468,0.000805,-0.334144,-0.063835,0.167195
0.136094,0.013633,-0.012613,0.077032,-0.360011,0.096513,-0.318361,-0.060572,0.171183
0.136133,0.017674,-0.011273,0.088236,-0.323203,0.097563,-0.279512,-0.077246,0.035888
0.136172,-0.001322,-0.005122,0.071497,-0.369809,0.001221,-0.314839,-0.049163,-0.217418
0.136211,0.005622,-0.008886,0.084982,-0.343430,-0.090545,-0.285835,-0.079996,-0.037267
0.136250,0.030802,-0.002104,0.077733,-0.342451,-0.124488,-0.238290,-0.033918,0.091617
0.136289,0.000079,-0.009853,0.070083,-0.320133,0.012108,-0.269896,-0.053656,0.673075
0.136328,0.003175,-0.006559,0.091558,-0.323304,0.056535,-0.258582,-0.053483,-0.308273
0.136367,0.005799,-0.009117,0.084393,-0.338189,0.076475,-0.324459,-0.049156,-0.026305
0.136406,0.012228,-0.014851,0.056752,-0.324952,0.024146,-0.244611,-0.033158,-0.571074
0.136445,0.015855,-0.010172,0.068162,-0.331208,-0.068927,-0.310927,-0.047330,-0.219954
0.136484,0.002762,-0.032288,0.076255,-0.338993,-0.108149,-0.229607,-0.072475,0.094097
0.136523,0.002903,-0.009723,0.070577,-0.327518,0.011852,-0.271934,-0.075015,0.122893
0.136563,0.033295,-0.025224,0.066286,-0.313532,0.062641,-0.268642,-0.047429,0.213568
0.136602,0.001704,-0.008861,0.044883,-0.341483,0.115698,-0.284516,-0.050178,0.253543
0.136641,0.006011,0.003716,0.051097,-0.337012,0.035515,-0.235099,-0.067113,-0.024953
0.136680,0.003599,-0.019658,0.070780,-0.311029,-0.088245,-0.260108,-0.043591,0.158804
0.136719,0.025348,-0.005745,0.050295,-0.301293,-0.096985,-0.279824,-0.051476,0.544504
0.136758,0.016534,-0.028642,0.056112,-0.308244,-0.042863,-0.246194,-0.070667,0.451313
0.136797,0.008537,-0.007894,0.045503,-0.268060,0.059106,-0.202183,-0.039544,-0.166556
0.136836,0.015190,-0.024861,0.032571,-0.300573,0.083716,-0.265485,-0.066293,0.016003
0.136875,0.011970,-0.010703,0.042250,-0.309854,-0.029524,-0.203547,-0.059459,-0.215248
0.136914,0.000945,-0.013571,0.027624,-0.310572,-0.081358,-0.249679,-0.041524,-0.332454
0.136953,0.008822,-0.019693,0.057852,-0.300130,-0.046819,-0.283718,-0.042366,-0.338643
0.136992,-0.000657,-0.010169,0.021296,-0.288464,-0.040692,-0.223134,-0.059996,-0.138616
0.137031,0.011980,-0.006179,0.027556,-0.275991,0.011678,-0.183073,-0.022511,0.349155
0.137070,0.010208,-0.031774,0.029957,-0.295081,0.066735,-0.226137,-0.027346,0.865979
0.137109,0.006596,-0.005416,0.025929,-0.282546,0.005636,-0.217797,-0.039699,-0.623337
0.137148,0.018690,-0.021221,0.045641,-0.265146,-0.027562,-0.228530,-0.043330,0.870578
0.137187,0.013694,-0.015258,0.013798,-0.274859,-0.018546,-0.204915,-0.051364,0.707283
0.137227,0.010568,-0.016815,0.034314,-0.252882,-0.029139,-0.183809,-0.061392,0.322741
0.137266,0.006892,-0.013004,0.022968,-0.236885,0.023522,-0.157457,-0.046429,0.526273
0.137305,0.028317,-0.007781,0.019235,-0.243885,0.038658,-0.190480,-0.067825,-0.129611
0.137344,-0.009625,-0.016699,0.016026,-0.238351,0.004467,-0.214796,-0.077384,-0.208251
0.137383,0.015062,-0.025527,0.005743,-0.233436,-0.046021,-0.184476,-0.031959,-0.292259
0.137422,-0.004854,-0.017893,0.013482,-0.225091,-0.063692,-0.190357,-0.030745,0.020490
0.137461,0.009910,-0.025420,0.024907,-0.240424,-0.062394,-0.234858,-0.017305,0.135285
0.137500,0.002820,-0.016578,0.003009,-0.211637,0.005783,-0.225864,-0.045219,0.146105
0.137539,0.016056,-0.013298,0.035010,-0.232181,0.047197,-0.261539,-0.073585,0.104887
0.137578,0.016486,0.005004,0.008720,-0.222274,-0.003727,-0.256165,-0.007663,0.350953
0.137617,0.023554,-0.027735,0.010173,-0.201379,-0.050591,-0.171306,-0.027130,0.039137
0.137656,-0.005452,-0.018264,0.000551,-0.218133,-0.008482,-0.181758,0.008838,0.069509
0.137695,-0.015131,-0.018689,-0.001618,-0.179666,-0.035298,-0.229524,-0.053314,-0.234603
0.137734,0.005148,-0.014372,0.007963,-0.191983,0.033782,-0.200255,-0.033511,0.076793
0.137773,0.023599,-0.016900,0.014259,-0.178414,0.013708,-0.197649,-0.055373,0.329845
0.137813,0.025559,-0.021031,-0.012709,-0.203236,0.023617,-0.213212,-0.034730,0.546203
0.137852,-0.000426,-0.011845,-0.018714,-0.201643,0.013931,-0.173492,-0.023609,-0.017178
0.137891,0.016877,-0.025048,-0.014303,-0.179615,-0.011967,-0.203933,-0.048216,0.259464
0.137930,0.001155,-0.021603,-0.019447,-0.183339,-0.031558,-0.203691,-0.031514,0.657730
0.137969,-0.003961,-0.010515,-0.003390,-0.147183,0.024993,-0.195852,-0.034874,0.377861
0.138008,-0.001849,-0.030584,-0.004734,-0.165975,0.004736,-0.156899,-0.060521,0.103879
0.138047,0.004845,-0.001916,-0.035234,-0.160214,-0.003591,-0.209316,-0.030871,-0.314970
0.138086,0.008779,-0.001114,-0.013683,-0.156333,-0.031431,-0.127116,-0.054503,-0.073146
0.138125,-0.001554,0.007256,-0.024109,-0.117688,-0.014217,-0.255148,-0.016760,0.256087
0.138164,0.022443,-0.015678,-0.025553,-0.117933,-0.044549,-0.209503,-0.047724,-0.247209
0.138203,-0.001850,-0.022033,-0.029759,-0.115416,-0.010996,-0.202276,-0.060281,-0.113810
0.138242,0.010081,-0.019069,-0.021857,-0.128572,0.036781,-0.238035,-0.040041,0.138951
0.138281,-0.005377,-0.023410,-0.020566,-0.098033,0.024052,-0.191948,-0.056770,0.153462
0.138320,0.003971,-0.019910,-0.025053,-0.115708,-0.027068,-0.167478,-0.069039,0.099081
0.138359,0.015266,-0.011927,-0.037324,-0.118698,-0.038006,-0.240630,-0.061785,-0.170509
0.138398,0.005277,-0.016089,-0.030377,-0.134556,-0.010654,-0.223296,-0.049907,0.443908
0.138437,0.014941,-0.014437,-0.033124,-0.119227,-0.023373,-0.234666,-0.046896,0.474328
0.138477,0.014374,-0.020431,-0.025695,-0.058774,0.001615,-0.209712,-0.014407,0.462112
0.138516,0.000999,-0.022532,-0.040150,-0.087020,0.016809,-0.190975,-0.036985,0.856087
0.138555,0.019349,-0.007752,-0.033100,-0.097533,0.031885,-0.194837,-0.048003,0.124703
0.138594,0.005414,-0.013830,-0.066409,-0.064890,-0.040956,-0.195686,-0.030785,0.613144
0.138633,0.012479,-0.010169,-0.041512,-0.076283,-0.048751,-0.248027,-0.014067,-0.219131
0.138672,-0.003815,-0.003517,-0.048925,-0.065707,0.009735,-0.189472,-0.034635,0.257256
0.138711,0.013238,-0.007668,-0.071045,-0.069710,-0.003517,-0.194507,-0.084765,0.080632
0.138750,0.014359,-0.010431,-0.042335,-0.084023,0.015972,-0.282180,-0.029926,0.179026
0.138789,0.007598,-0.009858,-0.043897,-0.078849,0.020326,-0.208617,-0.013337,0.232338
0.138828,0.010257,-0.018565,-0.071583,-0.070710,0.008100,-0.159874,-0.035463,-0.261114
0.138867,-0.002011,-0.015178,-0.046088,-0.038426,-0.036001,-0.222326,-0.035705,0.311496
0.138906,0.033130,-0.018709,-0.068565,-0.040838,-0.009125,-0.237711,0.044933,0.085696
0.138945,0.007031,-0.017101,-0.078197,-0.040184,0.004951,-0.215702,0.151896,-0.297669
0.138984,-0.004521,-0.021190,-0.062169,-0.021919,0.024351,-0.210280,0.072438,0.473859
0.139023,0.017805,-0.016006,-0.070252,-0.001370,-0.039580,-0.197112,0.021528,0.245263
0.139063,-0.001949,-0.022775,-0.068571,0.000995,-0.017357,-0.195588,-0.115450,0.564293
0.139102,0.001351,-0.016098,-0.072692,-0.011008,0.020324,-0.264802,-0.177491,0.178147
0.139141,0.005157,-0.016819,-0.084149,0.008682,-0.018571,-0.261207,-0.128286,0.495729
0.139180,0.002328,-0.005504,-0.084694,0.028479,-0.007051,-0.277311,-0.058258,0.285227
0.139219,0.027127,-0.023778,-0.061023,0.008255,-0.014495,-0.216587,0.005011,0.242982
0.139258,-0.000770,-0.029832,-0.063810,-0.004236,-0.032243,-0.185976,0.099702,0.108346
0.139297,0.008323,-0.013760,-0.086549,0.026086,-0.021121,-0.291861,0.065505,0.521949
0.139336,0.020236,-0.019370,-0.102235,0.025519,-0.004450,-0.264608,0.028542,0.069573
0.139375,0.006381,-0.017944,-0.083571,0.050489,-0.025540,-0.279051,-0.023514,0.065095
0.139414,0.016480,-0.021037,-0.075209,0.032545,-0.031053,-0.293547,-0.103451,-0.287539
0.139453,0.001490,-0.011138,-0.090285,0.070043,-0.005590,-0.330855,-0.114933,0.319034
0.139492,-0.002305,-0.020120,-0.090116,0.026749,-0.010279,-0.286215,-0.094990,0.136645
0.139531,-0.011199,-0.031928,-0.111366,0.069989,-0.049879,-0.261748,-0.031610,0.359426
0.139570,0.015543,-0.004466,-0.083884,0.069881,-0.028555,-0.304468,0.039306,-0.157894
0.139609,0.000616,-0.002409,-0.116381,0.074571,-0.018039,-0.273109,0.027257,-0.746652
0.139648,0.001076,-0.009387,-0.102258,0.071640,-0.026145,-0.231122,0.040677,-0.368281
0.139687,0.011726,-0.016285,-0.096783,0.079103,-0.036353,-0.296478,-0.025250,0.359293
0.139727,0.033381,-0.022529,-0.099726,0.095892,-0.014348,-0.255533,-0.056105,0.279749
0.139766,0.030301,-0.007794,-0.114412,0.110247,-0.040549,-0.274672,-0.085515,0.942325
0.139805,0.016182,-0.006769,-0.099155,0.070215,-0.024943,-0.269068,-0.066537,0.333671
0.139844,0.002478,-0.003766,-0.122208,0.097386,-0.061313,-0.255917,-0.003050,0.291965
0.139883,0.015044,-0.017199,-0.121114,0.113400,-0.012303,-0.277809,0.027174,-0.396282
0.139922,0.007123,-0.016838,-0.122806,0.103056,-0.030651,-0.279437,0.031554,-0.236474
0.139961,-0.003089,-0.009342,-0.121600,0.105487,-0.050358,-0.238037,0.020192,0.620363
0.140000,0.009717,-0.025308,-0.131634,0.130427,0.000272,-0.268410,-0.040675,0.365446
0.140039,0.008815,-0.014519,-0.108931,0.118069,-0.042787,-0.305499,-0.064077,-0.337191
0.140078,0.025860,-0.032706,-0.124035,0.137056,-0.044295,-0.293535,-0.045822,-0.288932
0.140117,-0.004080,-0.020639,-0.112537,0.141775,-0.023442,-0.291013,-0.037748,0.326726
0.140156,0.018203,-0.009855,-0.104875,0.156785,-0.017495,-0.344395,-0.019884,-0.609592
0.140195,-0.000395,-0.011666,-0.131255,0.138239,-0.038737,-0.281995,0.016070,-0.529783
0.140234,0.013229,-0.004288,-0.111782,0.189144,-0.044711,-0.237094,0.022949,-0.219863
0.140273,-0.006871,-0.024373,-0.131592,0.202256,-0.024316,-0.255758,-0.012298,-0.095685
0.140313,0.006189,-0.015238,-0.155095,0.172865,-0.014010,-0.293379,0.012107,0.324768
0.140352,0.012762,-0.019468,-0.135303,0.181231,-0.037437,-0.296819,-0.008101,0.038260
0.140391,0.001740,-0.026684,-0.145930,0.188897,-0.015676,-0.305984,-0.056413,-0.699780
0.140430,0.004633,-0.018321,-0.145544,0.209163,-0.041022,-0.309496,-0.029368,-0.296377
0.140469,0.002201,-0.022225,-0.140431,0.227154,0.000621,-0.371590,-0.024848,0.326888
0.140508,0.001475,0.001811,-0.154689,0.226295,-0.025039,-0.308730,0.018889,0.792906
0.140547,0.020155,-0.012293,-0.164656,0.219853,-0.027105,-0.293822,0.020428,0.098623
0.140586,0.004519,-0.006792,-0.144842,0.229427,-0.012066,-0.340657,0.030676,-0.316403
0.140625,0.016347,-0.015096,-0.147601,0.236429,-0.052825,-0.343043,-0.033455,-0.696302
0.140664,-0.005502,-0.024521,-0.144167,0.217840,-0.026438,-0.310862,-0.006673,-0.039756
0.140703,0.004411,-0.010517,-0.136008,0.243089,-0.044598,-0.324019,0.001599,-0.650187
0.140742,0.017175,-0.023096,-0.171824,0.231632,-0.007062,-0.380092,-0.030563,-0.309939
0.140781,0.024372,-0.018811,-0.164870,0.262317,-0.037941,-0.305137,-0.040513,0.010664
0.140820,0.022856,-0.008623,-0.166848,0.244443,-0.059802,-0.313093,0.008390,-0.293412
0.140859,0.024178,-0.003322,-0.143144,0.257321,-0.011050,-0.363487,-0.007739,-1.078198
0.140898,0.013467,-0.013330,-0.169808,0.293572,-0.039700,-0.344381,0.004991,-0.101789
0.140937,-0.002487,-0.014460,-0.149894,0.306408,-0.037544,-0.356154,-0.007396,-0.133227
0.140977,0.001261,-0.013554,-0.179613,0.274837,-0.045431,-0.391181,-0.008965,-0.458185
0.141016,0.018022,-0.025251,-0.157598,0.294497,-0.033884,-0.364371,-0.017586,-0.276878
0.141055,-0.001259,-0.010298,-0.174334,0.306625,-0.025311,-0.321135,-0.012433,-0.231643
0.141094,-0.002113,-0.030748,-0.180023,0.300213,-0.014136,-0.340074,-0.003558,0.083600
0.141133,0.010294,-0.011127,-0.185811,0.298253,-0.074687,-0.296916,-0.002028,-0.566372
0.141172,-0.003703,-0.016238,-0.175587,0.306074,-0.023506,-0.379900,-0.027903,-0.142720
0.141211,0.014556,-0.012559,-0.174908,0.290397,-0.006629,-0.373895,-0.004870,-0.274988
0.141250,0.008971,-0.041213,-0.192321,0.313579,-0.035344,-0.375567,0.021930,-0.021590
0.141289,0.009868,-0.025089,-0.170284,0.343515,-0.007510,-0.389491,0.026275,0.073443
0.141328,0.012871,-0.019522,-0.195286,0.332314,-0.040457,-0.405391,-0.039603,-0.582457
0.141367,0.000584,-0.019402,-0.184390,0.369658,-0.058224,-0.358752,0.002217,-0.648700
0.141406,0.030921,-0.019111,-0.192942,0.319636,-0.073904,-0.347471,-0.033086,-0.412050
0.141445,0.004401,-0.003213,-0.202007,0.311384,-0.043256,-0.326691,-0.014545,-0.370732
0.141484,0.000226,-0.032443,-0.198184,0.345789,-0.046710,-0.362988,0.022420,0.139739
0.141523,0.008629,-0.022736,-0.200333,0.351286,-0.015529,-0.331213,-0.021789,-0.088385
0.141563,0.013339,-0.019876,-0.184467,0.351811,-0.037746,-0.382027,0.001019,-0.430488
0.141602,0.015117,0.002550,-0.203653,0.363874,-0.059357,-0.404894,0.007227,-0.427639
0.141641,0.014920,-0.023630,-0.214461,0.366764,-0.047104,-0.372268,0.005146,-0.682988
0.141680,0.007192,0.003391,-0.189232,0.358187,-0.028241,-0.375792,-0.001975,-0.500787
0.141719,0.028202,-0.026647,-0.211046,0.340921,-0.045241,-0.398074,-0.016659,0.113034
0.141758,0.012612,-0.033380,-0.210985,0.361931,-0.025586,-0.360738,-0.000142,-0.122886
0.141797,0.014357,-0.017548,-0.223674,0.387344,-0.041090,-0.378855,0.028140,-0.621092
0.141836,0.000478,-0.021336,-0.205184,0.396461,-0.106764,-0.335026,-0.020641,0.257892
0.141875,-0.000859,-0.017829,-0.200464,0.389253,0.009107,-0.361668,-0.006094,-0.442017
0.141914,0.021048,-0.019185,-0.224987,0.403116,-0.004443,-0.389652,0.002292,-0.730931
0.141953,-0.009288,-0.001169,-0.218817,0.369420,-0.051814,-0.359698,0.002846,-0.002890
0.141992,-0.003227,-0.031891,-0.225654,0.405239,-0.084181,-0.391230,-0.021716,0.405031
0.142031,-0.014817,-0.022850,-0.218309,0.398389,-0.002490,-0.407405,0.004450,0.386556
0.142070,0.019128,-0.018852,-0.225679,0.406662,-0.083192,-0.372434,0.008535,-0.462741
0.142109,-0.003165,-0.010780,-0.227572,0.407888,-0.032799,-0.351031,-0.004796,0.138792
0.142148,0.005013,-0.021622,-0.221931,0.423803,-0.042349,-0.417279,0.051496,-0.096914
0.142187,-0.002268,-0.031116,-0.230507,0.424951,-0.029903,-0.392027,-0.017844,-0.799173
0.142227,0.003177,-0.007435,-0.227874,0.417041,-0.022841,-0.444690,0.011520,-0.205034
0.142266,0.006420,-0.015463,-0.230380,0.413829,-0.047573,-0.355391,-0.037697,-0.602544
0.142305,0.021149,-0.015843,-0.227177,0.428535,-0.047500,-0.382864,0.001433,-0.399060
0.142344,-0.003661,-0.030564,-0.253809,0.439851,-0.101840,-0.355848,-0.022932,0.060240
0.142383,0.001118,-0.032161,-0.238652,0.461484,-0.036706,-0.365566,0.009572,0.815716
0.142422,0.021116,-0.022824,-0.257774,0.434282,-0.044492,-0.424363,-0.007946,0.001955
0.142461,0.018493,-0.032365,-0.253948,0.421439,-0.043583,-0.375865,0.025087,-0.507937
0.142500,0.007377,-0.025885,-0.248198,0.452230,-0.048401,-0.379749,0.005695,-0.226436
0.142539,0.009432,-0.022814,-0.283559,0.467332,-0.021825,-0.387659,0.016945,-0.132441
0.142578,-0.004666,-0.044948,-0.245169,0.438162,-0.044279,-0.405928,-0.016143,0.743250
0.142617,0.004833,-0.028836,-0.275176,0.432390,-0.058806,-0.342169,0.011515,0.899533
0.142656,-0.008470,-0.039418,-0.236930,0.437931,-0.036076,-0.356595,-0.005924,0.334581
0.142695,-0.001217,-0.008047,-0.228854,0.434395,-0.043079,-0.384892,0.029216,-0.230975
0.142734,0.004430,-0.024039,-0.233670,0.447923,-0.083170,-0.383677,0.003518,0.146725
0.142773,-0.003947,-0.026420,-0.246319,0.456229,-0.091843,-0.377798,-0.004805,-0.125535
0.142813,-0.015537,-0.023799,-0.261775,0.456221,-0.030197,-0.413718,0.036993,-0.069545
0.142852,0.008247,-0.026420,-0.267435,0.464509,-0.085356,-0.395344,-0.028535,-0.216945
0.142891,0.001905,-0.018746,-0.260898,0.436967,-0.054099,-0.407313,0.008237,0.521542
0.142930,0.022837,-0.001520,-0.277076,0.474411,-0.071026,-0.415409,-0.016333,0.154359
0.142969,-0.000266,-0.034027,-0.273184,0.465182,-0.034620,-0.361741,-0.008595,0.206698
0.143008,0.010388,-0.031647,-0.258521,0.462587,-0.054269,-0.402127,0.013257,0.119333
0.143047,0.005059,-0.030929,-0.279359,0.455883,-0.057283,-0.349816,0.006246,-0.021155
0.143086,0.006585,-0.029809,-0.264241,0.461348,-0.029327,-0.357255,0.055532,-0.304212
0.143125,-0.000123,-0.034538,-0.278393,0.485549,-0.070965,-0.358578,-0.001463,-0.066604
0.143164,0.016231,-0.037478,-0.260826,0.477046,-0.041486,-0.402756,0.011897,-0.612542
0.143203,-0.014403,-0.019432,-0.282654,0.457691,-0.053183,-0.344518,0.035374,-0.223643
0.143242,-0.012093,-0.031034,-0.297394,0.467627,-0.082051,-0.373965,0.030324,0.196764
0.143281,-0.003650,-0.027098,-0.277973,0.469013,-0.069149,-0.308993,0.012183,-0.634882
0.143320,-0.002026,-0.027474,-0.294113,0.472986,-0.086524,-0.421000,-0.017318,0.426374
0.143359,0.005447,-0.040933,-0.263431,0.498905,-0.042703,-0.423179,0.041689,-0.250043
0.143398,0.010334,-0.026400,-0.294164,0.486692,-0.038199,-0.409470,-0.014670,0.218765
0.143437,0.018607,-0.031776,-0.291232,0.492034,-0.085333,-0.295762,0.005775,0.234401
0.143477,0.005526,-0.038035,-0.300006,0.474861,-0.072250,-0.377638,0.037055,0.216632
0.143516,0.003759,-0.034963,-0.309824,0.469936,-0.043857,-0.381043,0.037683,0.168987
0.143555,0.004942,-0.035625,-0.314703,0.448881,-0.008514,-0.373151,0.010741,-0.288950
0.143594,0.001206,-0.031360,-0.322055,0.491663,-0.036761,-0.356357,-0.042304,-0.198053
0.143633,-0.012654,-0.020148,-0.292618,0.487812,-0.071614,-0.373115,0.015197,0.515534
0.143672,-0.005000,-0.039327,-0.301591,0.478226,-0.059597,-0.342715,0.039278,-0.067368
0.143711,0.000974,-0.033896,-0.317918,0.461256,-0.036969,-0.372946,0.041653,-0.099923
0.143750,-0.005771,-0.041248,-0.301225,0.478377,-0.075305,-0.344583,-0.000289,0.221616
0.143789,-0.009185,-0.036434,-0.320987,0.478242,-0.045802,-0.335079,0.057494,-0.174685
0.143828,-0.015074,-0.030486,-0.303678,0.476666,-0.071000,-0.418186,0.011467,0.223857
0.143867,0.001148,-0.039957,-0.335641,0.466571,-0.046953,-0.395363,0.030727,-0.402683
0.143906,0.002880,-0.029093,-0.301870,0.441802,-0.062633,-0.352176,0.011197,0.494296
0.143945,0.006517,-0.042034,-0.305570,0.485451,-0.060301,-0.325655,0.017347,0.009035
0.143984,-0.010219,-0.028947,-0.319118,0.470719,-0.047180,-0.389970,0.032717,-0.306658
0.144023,0.001635,-0.046239,-0.316931,0.485817,-0.064849,-0.364576,0.034895,-0.307913
0.144063,-0.016676,-0.052472,-0.338290,0.480145,-0.099607,-0.359867,0.031080,0.535068
0.144102,-0.026943,-0.042219,-0.306226,0.473478,-0.066812,-0.400185,0.055129,-0.106258
0.144141,-0.019930,-0.028293,-0.328404,0.463665,-0.078573,-0.405875,0.022126,-0.470712
0.144180,-0.001590,-0.041960,-0.316485,0.469412,-0.090296,-0.361338,-0.000842,0.274815
0.144219,-0.022233,-0.030249,-0.331417,0.460587,-0.061477,-0.374423,0.012313,-0.081019
0.144258,-0.023789,-0.033619,-0.332549,0.486714,-0.053043,-0.331043,0.018421,0.394926
0.144297,-0.011959,-0.032488,-0.320874,0.460618,-0.055369,-0.321586,0.011547,-0.514046
0.144336,0.001103,-0.042194,-0.331018,0.456654,-0.078004,-0.394475,-0.018984,0.138890
0.144375,0.001337,-0.039286,-0.339748,0.449106,-0.085899,-0.375230,0.059470,0.886295
0.144414,-0.018440,-0.039230,-0.331213,0.448374,-0.044010,-0.401954,0.021793,0.791262
0.144453,-0.014672,-0.045491,-0.346790,0.440126,-0.044076,-0.343988,0.031334,0.099524
0.144492,-0.000988,-0.037518,-0.343381,0.421986,-0.079137,-0.348522,0.034662,0.256125
0.144531,0.002096,-0.042613,-0.351486,0.408377,-0.047176,-0.373262,-0.000966,0.704851
0.144570,-0.009313,-0.018578,-0.352443,0.458377,-0.058802,-0.375618,0.051679,-0.608810
0.144609,0.016498,-0.042979,-0.351956,0.413936,-0.074972,-0.299458,0.014283,0.139444
0.144648,-0.011709,-0.030679,-0.362850,0.451709,-0.073043,-0.324370,0.027320,0.016263
0.144687,-0.016823,-0.040516,-0.355627,0.416496,-0.057125,-0.343400,0.058936,-0.162167
0.144727,0.002788,-0.038512,-0.344446,0.417088,-0.098507,-0.389592,0.022434,0.055513
0.144766,0.004138,-0.031911,-0.350694,0.436444,-0.089674,-0.353049,0.027215,-0.169539
0.144805,-0.011289,-0.032972,-0.356999,0.428726,-0.091667,-0.349606,0.035323,-0.537386
0.144844,-0.021384,-0.030557,-0.357815,0.422312,-0.056752,-0.297718,0.027098,0.416893
0.144883,-0.010215,-0.037252,-0.370660,0.440051,-0.052665,-0.366333,0.035065,0.220740
0.144922,-0.008794,-0.024188,-0.336391,0.397537,-0.051460,-0.313722,0.049688,0.210892
0.144961,-0.010884,-0.024714,-0.354957,0.414584,-0.067226,-0.246329,0.022772,0.320005
0.145000,-0.018242,-0.043955,-0.362866,0.438434,-0.063877,-0.261943,0.032102,-0.214480
0.145039,-0.025199,-0.030433,-0.372807,0.449760,-0.054051,-0.311508,0.008981,-0.397301
0.145078,-0.009367,-0.053904,-0.354868,0.411915,-0.086001,-0.318658,0.031905,0.387274
0.145117,-0.019921,-0.026096,-0.368240,0.398942,-0.112378,-0.314416,0.048330,0.478218
0.145156,-0.026709,-0.047642,-0.360768,0.369573,-0.093945,-0.245372,0.057142,-0.393092
0.145195,-0.021550,-0.052516,-0.356223,0.372973,-0.086596,-0.277980,0.057095,-0.020383
0.145234,-0.020101,-0.041372,-0.371843,0.401427,-0.066517,-0.258135,0.030231,0.149143
0.145273,-0.023211,-0.040960,-0.387573,0.388100,-0.091429,-0.343642,0.023101,0.175021
0.145313,-0.010253,-0.043223,-0.367111,0.402686,-0.073606,-0.285831,-0.009224,0.728999
0.145352,-0.025092,-0.032699,-0.374470,0.376912,-0.079343,-0.334402,0.040354,-0.450006
0.145391,-0.035201,-0.049192,-0.380223,0.365240,-0.062864,-0.319244,0.013009,-0.406051
0.145430,-0.034171,-0.039666,-0.374313,0.364611,-0.078935,-0.319100,0.035227,-0.010220
0.145469,-0.013400,-0.040834,-0.382949,0.375228,-0.077893,-0.341999,0.032808,0.103184
0.145508,-0.020054,-0.054559,-0.382215,0.366522,-0.071921,-0.275511,0.045143,0.035392
0.145547,-0.028412,-0.042674,-0.381354,0.340342,-0.084923,-0.280446,-0.013767,-0.103677
0.145586,-0.022219,-0.034285,-0.381589,0.346707,-0.044909,-0.349219,0.042636,-0.076517
0.145625,-0.024576,-0.036998,-0.407637,0.346941,-0.083490,-0.310459,0.006041,0.147184
0.145664,-0.021623,-0.028442,-0.378181,0.345974,-0.077736,-0.240813,0.035633,0.156164
0.145703,-0.024501,-0.041306,-0.392556,0.301753,-0.093126,-0.258204,0.017736,-0.229878
0.145742,-0.042559,-0.039661,-0.391293,0.327860,-0.085886,-0.293003,-0.001653,-0.110425
0.145781,-0.033780,-0.035420,-0.417492,0.289691,-0.079401,-0.284989,0.032289,0.321017
0.145820,-0.023458,-0.049638,-0.405144,0.302866,0.569669,-0.282044,0.056219,-0.278592
0.145859,-0.024820,-0.033902,-0.417335,0.316836,1.033248,-0.257963,0.022050,0.362325
0.145898,-0.029954,-0.051247,-0.399761,0.299799,0.420779,-0.238484,0.030447,-0.010799
0.145937,-0.030972,-0.044873,-0.417424,0.329214,-0.631941,-0.285026,0.055922,0.501888
0.145977,-0.054854,-0.024983,-0.407149,0.289959,-1.089963,-0.259878,0.043561,0.241817
0.146016,-0.029686,-0.035448,-0.390094,0.286241,-0.600391,-0.294054,0.010158,0.445051
0.146055,-0.040423,-0.046122,-0.417738,0.309432,0.386999,-0.291578,0.028166,0.529846
0.146094,-0.018791,-0.029645,-0.431567,0.296215,0.871131,-0.276700,0.030100,0.115104
0.146133,-0.012418,-0.020019,-0.403171,0.246777,0.446680,-0.249972,0.043599,0.621735
0.146172,-0.048460,-0.052447,-0.412344,0.256966,-0.426728,-0.267859,0.031024,0.819121
0.146211,-0.036446,-0.045948,-0.404437,0.281748,-0.897198,-0.249719,0.024938,0.094312
0.146250,-0.033930,-0.024897,-0.414861,0.256113,-0.526896,-0.319374,0.016488,0.254919
0.146289,-0.040348,-0.029057,-0.411637,0.272401,0.182519,-0.272213,0.016994,0.134425
0.146328,-0.040043,-0.028163,-0.406573,0.253369,0.646948,-0.277886,0.015931,0.507594
0.146367,-0.027532,-0.032298,-0.420694,0.256507,0.379256,-0.275913,0.001547,0.892568
0.146406,-0.014334,-0.050701,-0.429482,0.214352,-0.300924,-0.271761,0.042723,0.655490
0.146445,-0.023963,-0.053675,-0.406924,0.229909,-0.745974,-0.187653,0.060453,0.133717
0.146484,-0.025932,-0.040610,-0.392524,0.234896,-0.489598,-0.268813,0.091148,0.235650
0.146523,-0.043669,-0.032867,-0.417423,0.216775,0.115153,-0.188298,0.076545,0.006249
0.146563,-0.040191,-0.039087,-0.419154,0.224749,0.552597,-0.217871,0.105693,0.419123
0.146602,-0.038704,-0.033153,-0.421306,0.208563,0.361003,-0.204102,0.020784,1.009988
0.146641,-0.033076,-0.034829,-0.410756,0.193066,-0.206468,-0.272606,-0.042271,-0.001972
0.146680,-0.026465,-0.030607,-0.456776,0.200293,-0.595937,-0.240118,-0.000086,-0.466088
0.146719,-0.051459,-0.040541,-0.405212,0.179960,-0.487021,-0.183546,-0.004308,0.505163
0.146758,-0.047434,-0.030645,-0.421410,0.162077,0.053190,-0.249239,0.060263,0.980613
0.146797,-0.031282,-0.028784,-0.408090,0.156841,0.428449,-0.232182,0.066843,0.163799
0.146836,-0.036474,-0.048516,-0.427122,0.184593,0.279034,-0.175385,0.092270,0.219233
0.146875,-0.037644,-0.038883,-0.436435,0.141493,-0.119189,-0.193941,0.030677,0.167637
0.146914,-0.021642,-0.029522,-0.434245,0.141614,-0.497435,-0.206644,0.045217,0.263090
0.146953,-0.053023,-0.035971,-0.440507,0.157786,-0.415544,-0.244569,-0.019304,0.542872
0.146992,-0.039575,-0.036181,-0.444481,0.131937,-0.038923,-0.156847,-0.009141,0.429202
0.147031,-0.043126,-0.034178,-0.433895,0.149533,0.281445,-0.193145,-0.016915,-0.099431
0.147070,-0.061092,-0.041287,-0.438769,0.133583,0.276732,-0.197865,0.055401,0.360796
0.147109,-0.052186,-0.030317,-0.429638,0.124097,-0.116237,-0.194979,0.072908,0.039988
0.147148,-0.029324,-0.034890,-0.461028,0.096587,-0.384023,-0.193036,0.081760,-0.607911
0.147187,-0.027059,-0.038795,-0.427782,0.115650,-0.377714,-0.226109,0.069729,0.180784
0.147227,-0.041985,-0.017847,-0.436400,0.073117,-0.065100,-0.208798,0.033739,0.141520
0.147266,-0.055391,-0.020921,-0.443552,0.108653,0.212957,-0.187392,0.007497,-0.010917
0.147305,-0.030144,-0.043834,-0.461767,0.074506,0.229459,-0.193566,-0.009971,0.097449
0.147344,-0.036478,-0.026673,-0.433085,0.068677,-0.043849,-0.189102,0.035938,0.776380
0.147383,-0.047120,-0.045729,-0.465318,0.104496,-0.341311,-0.179132,0.038169,0.494790
0.147422,-0.052823,-0.019979,-0.446937,0.088074,-0.334329,-0.134952,0.023644,0.124720
0.147461,-0.019419,-0.018819,-0.445248,0.051457,-0.122028,-0.218877,0.074935,-0.174360
0.147500,-0.058482,-0.033119,-0.450824,0.024145,0.183914,-0.127513,0.044564,-0.635919
0.147539,-0.039955,-0.042198,-0.448730,0.059002,0.196410,-0.163446,0.034582,0.090444
0.147578,-0.057697,-0.041920,-0.457853,0.049810,0.010380,-0.173791,-0.006926,0.290810
0.147617,-0.056925,-0.026535,-0.455912,0.025027,-0.263891,-0.112795,0.005886,0.075513
0.147656,-0.022102,-0.036715,-0.445368,0.017719,-0.307303,-0.184607,0.022685,0.049766
0.147695,-0.052728,-0.028511,-0.453039,0.027112,-0.138022,-0.157436,0.025216,0.424774
0.147734,-0.033935,-0.028773,-0.463733,0.017529,0.104966,-0.089134,0.050456,0.307876
0.147773,-0.044285,-0.005931,-0.421812,0.003048,0.148491,-0.155951,0.033916,-0.440517
0.147813,-0.030690,-0.035539,-0.445941,0.024189,-0.013290,-0.132448,0.019797,-0.037464
0.147852,-0.052721,-0.029588,-0.460330,-0.011364,-0.231559,-0.141111,0.037601,-0.071302
0.147891,-0.070305,-0.036747,-0.437432,-0.041522,-0.297758,-0.157479,0.007554,-0.394141
0.147930,-0.060407,-0.014208,-0.473506,-0.034318,-0.136717,-0.188713,0.011666,-0.414010
0.147969,-0.060185,-0.020958,-0.435265,-0.021430,0.050885,-0.121222,0.053924,-0.122081
0.148008,-0.057717,-0.025490,-0.469849,-0.041362,0.053695,-0.109119,0.019749,0.142578
0.148047,-0.052466,-0.032605,-0.472522,-0.035675,-0.003229,-0.189465,0.019196,-0.215491
0.148086,-0.049486,-0.036065,-0.469986,-0.044757,-0.201960,-0.181729,0.074818,-0.001313
0.148125,-0.049598,-0.023302,-0.432608,-0.037085,-0.260763,-0.169715,0.057112,0.407640
0.148164,-0.041798,-0.010311,-0.471735,-0.044996,-0.110151,-0.154593,0.054407,0.006197
0.148203,-0.046132,-0.034233,-0.456182,-0.069734,0.047101,-0.138565,0.030104,0.334011
0.148242,-0.049343,-0.039194,-0.457414,-0.077383,0.104378,-0.115039,0.048921,-0.236323
0.148281,-0.040139,-0.023985,-0.448387,-0.082133,0.002006,-0.064426,0.037238,-0.051904
0.148320,-0.041745,-0.002308,-0.490196,-0.094218,-0.151765,-0.078682,0.013614,0.128276
0.148359,-0.049277,-0.019835,-0.483393,-0.102410,-0.157652,-0.110259,0.065152,-0.019114
0.148398,-0.064730,-0.025292,-0.461054,-0.092912,-0.096520,-0.118181,-0.000435,-0.389966
0.148438,-0.041975,-0.017852,-0.486655,-0.102710,0.016746,-0.128004,0.041835,-0.095752
0.148477,-0.045863,-0.020108,-0.455503,-0.117692,0.069811,-0.074601,0.040803,0.024881
0.148516,-0.056605,-0.009341,-0.473654,-0.135695,-0.004687,-0.110294,0.056458,-0.423869
0.148555,-0.056426,-0.012566,-0.477214,-0.136005,-0.145240,-0.117223,0.034608,0.072878
0.148594,-0.055319,-0.023543,-0.453120,-0.139295,-0.204710,-0.145816,0.028349,-0.713099
0.148633,-0.060170,-0.022192,-0.458878,-0.133569,-0.125211,-0.068915,0.034351,-0.438059
0.148672,-0.054640,-0.027532,-0.459953,-0.127794,-0.010445,-0.136287,0.037583,-0.158191
0.148711,-0.040257,-0.015025,-0.454637,-0.183679,0.037342,-0.095758,0.090438,-0.058788
0.148750,-0.055137,-0.027057,-0.453033,-0.137850,0.014112,-0.096120,0.016007,-0.146405
0.148789,-0.046939,-0.017218,-0.468551,-0.186010,-0.109389,-0.059239,0.035663,-0.256166
0.148828,-0.042964,-0.018012,-0.468206,-0.170750,-0.153159,-0.059194,0.021970,-0.595764
0.148867,-0.044476,-0.016672,-0.464993,-0.164271,-0.130740,-0.086247,0.047688,-0.200912
0.148906,-0.046357,-0.025444,-0.462342,-0.199906,-0.048002,-0.070603,0.039196,-0.122492
0.148945,-0.055672,-0.006960,-0.467733,-0.183286,0.068258,-0.126303,0.028085,-0.141906
0.148984,-0.059753,-0.029708,-0.453299,-0.208884,-0.016470,-0.118036,0.032181,0.498267
0.149023,-0.067330,-0.030818,-0.457171,-0.230028,-0.076313,-0.132521,0.019600,0.100848
0.149062,-0.043348,-0.014081,-0.451242,-0.198713,-0.153138,-0.025367,0.033706,-0.033868
0.149102,-0.053484,-0.016290,-0.457753,-0.206705,-0.122506,-0.087007,0.022579,0.294701
0.149141,-0.055302,-0.014779,-0.460950,-0.208020,-0.061233,-0.086373,0.046603,-0.335100
0.149180,-0.050096,0.008586,-0.449857,-0.241173,0.028557,-0.031240,0.010822,-0.419184
0.149219,-0.034807,-0.022606,-0.452732,-0.221389,0.000612,-0.088157,0.036011,-0.591350
0.149258,-0.060802,-0.004258,-0.478325,-0.241920,-0.074648,-0.099524,0.047599,-0.192809
0.149297,-0.046196,-0.022885,-0.430462,-0.234401,-0.088883,-0.044357,0.047031,-0.021518
0.149336,-0.040030,-0.024022,-0.446726,-0.240651,-0.087894,-0.052944,0.055475,0.221358
0.149375,-0.037480,-0.021848,-0.464058,-0.253809,-0.058467,-0.025034,0.046689,-0.309116
0.149414,-0.040969,-0.016383,-0.467056,-0.258104,-0.001842,-0.073899,0.027344,-0.096555
0.149453,-0.054329,-0.013139,-0.454582,-0.262203,-0.007460,-0.064077,0.066967,-0.376633
0.149492,-0.049454,-0.012838,-0.450083,-0.270542,-0.081783,-0.098793,0.044229,-0.182029
0.149531,-0.036385,-0.018083,-0.453899,-0.271651,-0.107758,0.044664,0.028975,-0.228003
0.149570,-0.051206,-0.008574,-0.447461,-0.281438,-0.060483,-0.064420,0.030348,-0.410094
0.149609,-0.029889,-0.022232,-0.471928,-0.295815,-0.024855,-0.078707,0.017228,-0.739751
0.149648,-0.053313,-0.036662,-0.444762,-0.339396,-0.024069,-0.040950,0.033126,-0.215848
0.149688,-0.062321,-0.016827,-0.446449,-0.316952,-0.031352,-0.024302,0.020046,-0.538391
0.149727,-0.051522,0.001153,-0.462627,-0.310537,-0.054608,-0.028831,0.028490,-0.536457
0.149766,-0.045713,-0.023083,-0.460762,-0.321470,-0.131318,-0.040692,0.036529,-0.022976
0.149805,-0.054208,-0.005997,-0.454146,-0.316591,-0.060938,-0.031495,0.066629,0.019526
0.149844,-0.054010,-0.000567,-0.468150,-0.350278,-0.050117,-0.047733,0.079167,0.268077
0.149883,-0.059231,-0.003382,-0.448350,-0.335628,-0.033786,-0.053510,0.016158,-0.543695
0.149922,-0.062079,-0.023110,-0.446298,-0.337923,-0.022722,-0.010335,0.046913,0.199309
0.149961,-0.060660,-0.007076,-0.454678,-0.326237,-0.022692,-0.034396,0.027127,-0.118532
0.150000,-0.031685,0.006527,-0.467658,-0.338677,-0.087134,0.009336,0.039664,-0.571335
0.150039,-0.056690,0.002041,-0.459881,-0.367475,-0.082146,-0.034418,0.031666,-0.460728
0.150078,-0.059150,0.009768,-0.453553,-0.360749,-0.044694,-0.039957,0.024726,-0.063257
0.150117,-0.047805,-0.006583,-0.439007,-0.379002,-0.063430,-0.047716,0.039888,-0.596397
0.150156,-0.048707,-0.009354,-0.437938,-0.360276,-0.000712,-0.041895,0.007318,-0.545240
0.150195,-0.059163,-0.022943,-0.445778,-0.381042,-0.024161,-0.014061,0.002081,-0.072689
0.150234,-0.034720,0.000667,-0.432378,-0.383165,-0.074182,-0.035990,0.032206,0.121824
0.150273,-0.038560,-0.027022,-0.461507,-0.403525,-0.075183,-0.020434,0.012409,-0.097391
0.150312,-0.060957,0.011033,-0.467780,-0.409415,-0.066342,-0.038553,0.047388,-0.599851
0.150352,-0.046937,-0.009535,-0.446927,-0.409729,-0.030003,-0.019279,0.054599,0.008209
0.150391,-0.040200,0.004767,-0.457217,-0.399645,-0.029578,-0.035959,0.027946,-0.323226
0.150430,-0.063165,-0.003542,-0.452923,-0.411967,-0.049309,0.020714,0.028137,-0.171274
0.150469,-0.049096,0.001450,-0.437822,-0.417112,-0.056322,-0.061636,0.028559,0.354780
0.150508,-0.055691,0.003267,-0.455666,-0.428221,-0.072037,0.015808,0.008629,-0.189863
0.150547,-0.066795,-0.010912,-0.458603,-0.386632,-0.074457,0.044034,0.028980,0.000848
0.150586,-0.058357,0.002804,-0.446398,-0.412513,-0.030502,0.009546,0.055686,0.023523
0.150625,-0.046966,-0.007674,-0.440503,-0.425148,-0.022570,-0.071798,0.022740,-0.436405
0.150664,-0.047062,-0.009494,-0.437048,-0.433107,-0.078333,-0.026731,-0.000804,0.360968
0.150703,-0.066285,0.001722,-0.419885,-0.428588,-0.066287,-0.042852,0.055223,-0.212604
0.150742,-0.055634,-0.002713,-0.417192,-0.438319,-0.055540,-0.024581,0.026761,-0.272357
0.150781,-0.054705,-0.006955,-0.420978,-0.424155,-0.026798,-0.033596,0.037473,-0.068225
0.150820,-0.037145,0.009254,-0.421871,-0.471810,-0.027762,-0.064600,0.035781,-0.376640
0.150859,-0.043669,0.002989,-0.456346,-0.415019,-0.000568,-0.018688,0.055130,-0.069696
0.150898,-0.044806,-0.007177,-0.400074,-0.427501,-0.028814,0.027630,0.008920,-0.174850
0.150938,-0.049921,0.006755,-0.417722,-0.450884,-0.036903,-0.017842,0.017617,-0.269215
0.150977,-0.046857,-0.009225,-0.420264,-0.429680,-0.049682,0.002660,0.044953,0.218467
0.151016,-0.046998,0.016567,-0.414069,-0.460540,-0.039669,-0.025053,0.020734,-0.327641
0.151055,-0.056954,-0.001275,-0.421347,-0.479161,-0.014857,-0.033285,0.014438,-0.369671
0.151094,-0.050073,-0.005052,-0.419898,-0.471861,-0.019394,-0.038261,0.011963,-0.153789
0.151133,-0.045424,-0.003974,-0.423381,-0.487681,-0.042889,-0.040483,0.058049,-0.463000
0.151172,-0.046683,-0.006283,-0.403055,-0.456534,-0.019481,-0.020960,0.037637,-0.427727
0.151211,-0.047421,-0.020925,-0.421958,-0.481644,-0.033647,-0.005161,0.016541,0.246977
0.151250,-0.067626,-0.004756,-0.400202,-0.483241,-0.079654,-0.036297,0.041846,-0.230646
0.151289,-0.066323,-0.005801,-0.416958,-0.449808,-0.048712,0.004970,0.040263,0.567012
0.151328,-0.041145,-0.000697,-0.416419,-0.476208,-0.013582,0.002091,0.021204,-0.198332
0.151367,-0.052093,0.009217,-0.402133,-0.476958,-0.032680,-0.038428,0.023536,0.182702
0.151406,-0.048938,0.004644,-0.411328,-0.487299,-0.053146,-0.027676,-0.001954,-0.200587
0.151445,-0.064055,-0.004708,-0.388127,-0.488085,-0.063409,0.015669,0.051040,0.258703
0.151484,-0.035117,0.026594,-0.417499,-0.474668,-0.069453,0.036911,0.034055,0.584464
0.151523,-0.055657,-0.001570,-0.415006,-0.481964,-0.038903,0.017024,0.045765,-0.646254
0.151562,-0.050315,-0.028012,-0.387844,-0.496184,-0.026833,-0.075295,0.046587,-0.105997
0.151602,-0.065649,-0.003669,-0.409369,-0.476935,-0.035957,-0.044197,0.047370,1.117952
0.151641,-0.041590,0.012476,-0.403065,-0.473332,0.038072,-0.028510,0.030705,0.202375
0.151680,-0.059378,0.008508,-0.404882,-0.501742,-0.039269,-0.036828,0.049289,0.128062
0.151719,-0.053304,0.008448,-0.379821,-0.493890,-0.056458,-0.011073,0.026905,0.145219
0.151758,-0.036652,-0.002785,-0.387501,-0.478874,-0.035383,-0.010804,-0.001372,0.481151
0.151797,-0.046415,0.019308,-0.370373,-0.502844,-0.015808,-0.026116,0.060435,-0.074197
0.151836,-0.029542,-0.008135,-0.362007,-0.461379,0.012292,-0.074119,0.042247,-0.047059
0.151875,-0.039802,0.013699,-0.376474,-0.501631,-0.009921,-0.071916,-0.004729,0.045294
0.151914,-0.047496,0.002365,-0.386114,-0.520045,-0.015828,-0.042686,0.046322,0.423652
0.151953,-0.032190,-0.009513,-0.366882,-0.478237,0.000507,-0.007477,0.038762,0.479331
0.151992,-0.069304,-0.007207,-0.381730,-0.487889,-0.022809,-0.036717,0.029943,0.180763
0.152031,-0.055284,0.014966,-0.382489,-0.512598,-0.036416,-0.020128,0.034425,0.257727
0.152070,-0.031613,-0.005586,-0.386246,-0.528497,0.004517,-0.091344,0.038485,0.113134
0.152109,-0.051008,-0.011403,-0.376392,-0.519072,-0.001367,-0.002451,0.024286,0.224074
0.152148,-0.060964,0.000247,-0.367298,-0.517040,0.002393,-0.071972,0.014150,-0.238600
0.152188,-0.060619,-0.004502,-0.375837,-0.504852,-0.043198,-0.009610,0.043598,-0.162337
0.152227,-0.051791,0.012133,-0.347362,-0.511201,-0.008778,-0.066707,-0.001090,0.253902
0.152266,-0.039816,-0.012370,-0.333855,-0.487095,0.004399,-0.070528,0.021301,0.275220
0.152305,-0.042785,-0.012058,-0.347415,-0.499533,0.000568,-0.045825,0.017091,0.696467
0.152344,-0.054681,-0.002371,-0.336722,-0.523001,0.010973,-0.030941,0.026185,0.328492
0.152383,-0.070790,0.008422,-0.354296,-0.523192,-0.009400,-0.048172,0.038855,-0.566108
0.152422,-0.044780,0.002268,-0.340288,-0.507159,-0.004178,-0.081572,0.028790,0.484472
0.152461,-0.057568,0.005140,-0.357380,-0.523640,-0.030590,-0.108604,0.055574,0.021191
0.152500,-0.051810,0.002434,-0.355931,-0.500791,-0.023126,-0.059813,0.056725,0.045981
0.152539,-0.051287,0.024329,-0.331443,-0.501801,0.000406,-0.085795,0.006179,0.601364
0.152578,-0.052564,-0.000527,-0.346549,-0.501536,0.005213,-0.065027,0.013905,0.374350
0.152617,-0.052901,0.004842,-0.330293,-0.475542,-0.035867,-0.050260,0.036250,0.119387
0.152656,-0.055312,0.008372,-0.325072,-0.497581,-0.030826,-0.025788,0.024542,0.170358
0.152695,-0.048596,0.006605,-0.314870,-0.487660,0.005827,-0.071811,0.057167,0.612486
0.152734,-0.063578,0.000604,-0.328456,-0.472806,0.012067,-0.092287,0.033090,0.170054
0.152773,-0.024588,-0.001423,-0.318183,-0.491671,0.007183,-0.086826,0.004975,0.333214
0.152812,-0.046780,-0.000454,-0.312769,-0.476600,0.015648,-0.102042,0.033847,0.060661
0.152852,-0.044995,0.012504,-0.317999,-0.517789,-0.009599,-0.091210,0.023904,-0.352152
0.152891,-0.066464,0.015893,-0.340723,-0.527140,-0.048028,-0.124171,0.020437,0.399789
0.152930,-0.048973,0.003904,-0.306859,-0.495200,-0.018951,-0.079811,0.034477,0.270288
0.152969,-0.044740,0.007224,-0.318510,-0.494380,-0.002941,-0.109619,0.051474,0.040782
0.153008,-0.044418,0.006198,-0.302008,-0.488840,0.006460,-0.099767,0.031427,0.459320
0.153047,-0.042400,0.009730,-0.303326,-0.492428,0.028200,-0.126651,0.034910,-0.102506
0.153086,-0.048577,-0.000360,-0.333029,-0.490617,0.005973,-0.092764,0.000402,-0.090339
0.153125,-0.055618,0.003160,-0.306515,-0.510305,0.019489,-0.081669,-0.001888,0.684478
0.153164,-0.068721,0.003381,-0.309799,-0.483238,-0.005187,-0.103087,0.037925,0.340567
0.153203,-0.032711,0.005989,-0.279595,-0.469168,0.018423,-0.126672,0.031969,0.257646
0.153242,-0.045638,-0.001833,-0.315618,-0.491369,-0.017861,-0.082206,0.040357,0.915134
0.153281,-0.048648,-0.006503,-0.299674,-0.483726,0.022114,-0.085605,0.024042,0.360421
0.153320,-0.050428,0.007268,-0.275171,-0.461575,-0.045340,-0.100595,0.040394,0.187572
0.153359,-0.031676,-0.002140,-0.289846,-0.481408,0.022964,-0.090934,0.013489,-0.344418
0.153398,-0.047167,-0.000703,-0.282157,-0.454727,-0.009698,-0.131070,0.055289,0.068178
0.153438,-0.054917,0.019171,-0.275559,-0.440238,0.003179,-0.140561,-0.003153,-0.032441
0.153477,-0.041341,0.009746,-0.264897,-0.469721,0.005728,-0.116790,0.039644,-0.443365
0.153516,-0.055735,0.005400,-0.254407,-0.458603,-0.003720,-0.148943,0.059581,-0.103031
0.153555,-0.040391,0.014590,-0.275905,-0.454673,0.010538,-0.129131,0.023248,-0.059387
0.153594,-0.057106,-0.005492,-0.252951,-0.461306,-0.020374,-0.056689,0.000653,0.652184
0.153633,-0.049227,-0.011262,-0.278561,-0.453636,0.006629,-0.127253,0.035857,-0.128752
0.153672,-0.040741,0.001092,-0.263208,-0.446505,0.042790,-0.146470,0.047252,0.197668
0.153711,-0.061061,0.012418,-0.284015,-0.443793,-0.003997,-0.164761,0.033880,-0.179268
0.153750,-0.043172,0.014606,-0.239325,-0.449143,0.045089,-0.086720,-0.007779,-0.133139
0.153789,-0.050536,0.007730,-0.276080,-0.451904,-0.008965,-0.156992,0.044025,0.582281
0.153828,-0.056650,0.010014,-0.235166,-0.424143,-0.015857,-0.124030,0.025056,0.342122
0.153867,-0.058453,0.017218,-0.221523,-0.421736,0.004308,-0.132718,0.033740,0.666811
0.153906,-0.062526,0.015154,-0.238032,-0.411989,0.011717,-0.212400,0.020165,0.396580
0.153945,-0.041558,0.023430,-0.242454,-0.407996,0.006990,-0.186844,0.034408,0.519663
0.153984,-0.046344,-0.006188,-0.251491,-0.394953,0.009251,-0.152411,0.025658,-0.388680
0.154023,-0.056623,0.012986,-0.208822,-0.413117,0.013184,-0.143810,0.030286,-0.039686
0.154062,-0.031116,0.005682,-0.238846,-0.403422,0.029939,-0.216187,0.019124,0.063297
0.154102,-0.055888,-0.000918,-0.222368,-0.400550,-0.020511,-0.193578,0.015380,0.953306
0.154141,-0.053776,0.027535,-0.209846,-0.400888,0.034455,-0.130561,0.021914,0.283916
0.154180,-0.037475,0.015126,-0.221519,-0.379010,-0.017280,-0.121941,-0.003949,-0.347175
0.154219,-0.029627,0.026224,-0.208217,-0.433955,0.014694,-0.167604,0.036143,0.651030
0.154258,-0.051191,0.014591,-0.228318,-0.386826,0.002323,-0.148035,0.076899,0.144628
0.154297,-0.047606,-0.011962,-0.194642,-0.375738,0.005368,-0.152459,0.021960,0.186272
0.154336,-0.074192,0.021035,-0.222193,-0.366634,0.009092,-0.098954,0.029067,-0.131906
0.154375,-0.042888,0.014040,-0.197019,-0.382859,0.030862,-0.133461,0.031655,0.021469
0.154414,-0.056673,0.014193,-0.217169,-0.374916,-0.019670,-0.188339,-0.011589,0.613446
0.154453,-0.038465,0.013919,-0.205492,-0.344911,0.019240,-0.154943,0.062079,-0.102807
0.154492,-0.047096,-0.002728,-0.189516,-0.350029,0.018924,-0.154258,0.028986,0.194243
0.154531,-0.047403,0.023697,-0.195761,-0.339770,0.021244,-0.137656,0.014500,-0.100826
0.154570,-0.032295,0.015475,-0.186044,-0.325211,0.011684,-0.172654,0.035170,0.337515
0.154609,-0.055118,0.017430,-0.175433,-0.352702,0.048999,-0.095225,0.023846,-0.850540
0.154648,-0.048446,0.004700,-0.173547,-0.301281,0.038955,-0.136443,0.040192,0.640629
0.154688,-0.052608,0.020865,-0.180905,-0.313791,0.025409,-0.159267,0.055544,0.246977
0.154727,-0.049479,0.012606,-0.164678,-0.292454,0.058165,-0.118226,0.026340,-0.194439
0.154766,-0.032344,-0.002499,-0.159556,-0.318908,-0.009733,-0.122311,0.027760,0.262386
0.154805,-0.032215,0.005800,-0.167062,-0.326481,0.005331,-0.140712,0.027962,0.347259
0.154844,-0.045613,0.013744,-0.177778,-0.313258,0.054085,-0.167345,0.063082,0.222328
0.154883,-0.032171,0.011893,-0.160340,-0.311319,0.009388,-0.157444,0.039544,0.702185
0.154922,-0.022466,0.007259,-0.161669,-0.309879,0.027793,-0.179325,0.041757,0.885401
0.154961,-0.052432,0.015436,-0.150177,-0.256469,0.029452,-0.105037,0.028703,0.313929
0.155000,-0.039725,0.019065,-0.134319,-0.251633,0.004373,-0.125311,0.020296,0.417561
0.155039,-0.029973,0.006144,-0.160538,-0.278969,0.045909,-0.189198,0.013782,0.214034
0.155078,-0.062536,0.028207,-0.144869,-0.253287,0.069259,-0.145636,0.046475,0.959387
0.155117,-0.054599,0.006657,-0.139677,-0.258469,0.028880,-0.160522,0.006481,0.435349
0.155156,-0.066359,0.022132,-0.132022,-0.247219,0.053248,-0.129400,0.037864,-0.183508
0.155195,-0.064308,0.004019,-0.149143,-0.205767,0.011516,-0.166997,0.015479,0.482900
0.155234,-0.030630,0.012803,-0.142141,-0.238973,0.079102,-0.126930,0.020458,1.371458
0.155273,-0.057324,0.008282,-0.116768,-0.213711,0.033312,-0.085023,0.014251,-0.090502
0.155312,-0.035714,0.013779,-0.113070,-0.213593,0.025966,-0.105604,0.024375,0.367416
0.155352,-0.039641,0.004015,-0.121514,-0.206939,0.031674,-0.130225,0.022230,0.288206
0.155391,-0.061173,0.043304,-0.130543,-0.205343,0.062473,-0.061435,0.028240,0.103199
0.155430,-0.048240,0.012088,-0.116644,-0.202716,1.067514,-0.108673,0.045761,0.077517
0.155469,-0.021541,0.021230,-0.093657,-0.198907,1.099941,-0.068741,0.016507,0.190637
0.155508,-0.033347,0.005212,-0.102283,-0.166800,0.090726,-0.099071,0.040041,0.570517
0.155547,-0.029697,0.019295,-0.094018,-0.157071,-0.863900,-0.037934,0.042418,0.062711
0.155586,-0.042536,0.005336,-0.095980,-0.169523,-0.965995,-0.055556,0.009599,-0.127087
0.155625,-0.046551,0.030242,-0.105096,-0.151010,-0.104069,-0.097916,0.027305,0.337822
0.155664,-0.032859,0.029017,-0.099765,-0.126362,0.845584,-0.036411,0.046669,0.452780
0.155703,-0.030146,0.014264,-0.093717,-0.140933,0.947929,-0.067170,0.046807,-0.238508
0.155742,-0.041554,0.001394,-0.079764,-0.125593,0.199267,-0.057510,0.069329,0.321144
0.155781,-0.026738,0.030256,-0.099143,-0.099716,-0.629757,-0.039472,0.014755,0.296779
0.155820,-0.037850,0.025529,-0.098449,-0.105327,-0.794040,-0.062066,0.005144,0.051339
0.155859,-0.040229,0.017800,-0.076129,-0.081578,-0.147389,0.004312,0.046311,0.074863
0.155898,-0.035460,0.006073,-0.080922,-0.097540,0.614660,-0.076952,0.052259,-0.090681
0.155938,-0.039987,0.008553,-0.078297,-0.055634,0.799497,-0.033386,-0.009219,-0.412152
0.155977,-0.041013,0.011957,-0.067202,-0.066343,0.277821,-0.023473,0.026843,0.163598
0.156016,-0.036781,0.019957,-0.074430,-0.098933,-0.456697,-0.016415,0.021311,0.693366
0.156055,-0.032661,0.017768,-0.081792,-0.061569,-0.656772,0.035907,0.012885,0.661692
0.156094,-0.043743,0.016888,-0.050753,-0.038868,-0.183075,-0.049349,0.020638,0.146559
0.156133,-0.049618,0.014293,-0.046799,-0.052823,0.490582,0.032221,0.028324,-0.167881
0.156172,-0.019920,0.017638,-0.050206,-0.019352,0.681456,-0.003867,0.080100,0.189645
0.156211,-0.033198,0.026975,-0.043202,-0.021264,0.247777,-0.017219,0.050690,-0.401998
0.156250,-0.026365,0.024382,-0.037793,-0.001333,-0.335217,0.006144,0.124675,-0.410997
0.156289,-0.035545,0.024151,-0.014846,-0.024732,-0.571142,-0.009736,0.139275,-0.073526
0.156328,-0.028376,0.018972,-0.053208,-0.026096,-0.184652,0.044517,0.091692,-0.231764
0.156367,-0.049860,0.030672,-0.026846,0.016158,0.354369,0.096761,0.007342,-0.332819
0.156406,-0.042835,0.029352,-0.037233,0.047341,0.602544,0.028045,-0.037632,-0.581776
0.156445,-0.032064,0.026433,-0.026248,0.017351,0.281932,0.039674,-0.019565,-0.492819
0.156484,-0.024604,0.008183,-0.040002,0.022010,-0.212110,0.121171,-0.012388,-0.298103
0.156523,-0.036458,0.012643,-0.007862,0.033382,-0.426601,0.070444,0.023752,-0.272212
0.156562,-0.046491,0.018987,0.012776,0.039185,-0.194442,0.127075,0.081209,0.143915
0.156602,-0.035161,0.037678,-0.015996,0.019411,0.249216,0.055071,0.102396,-0.355683
0.156641,-0.024541,0.023102,-0.001193,0.089249,0.508947,0.130683,0.079813,0.542144
0.156680,-0.028693,0.030138,0.001080,0.091089,0.236329,0.124371,0.031231,-0.420615
0.156719,-0.033445,0.014523,0.002134,0.102460,-0.129829,0.094103,0.029521,0.336493
0.156758,-0.037271,0.013950,-0.017183,0.120657,-0.352333,0.143976,-0.022268,-0.375357
0.156797,-0.045333,0.032135,0.009808,0.128252,-0.204750,0.119624,-0.015355,-0.214555
0.156836,-0.036167,0.014700,0.015752,0.148244,0.224921,0.159024,0.045271,-0.775864
0.156875,-0.029183,0.023884,0.007017,0.145701,0.414549,0.121785,0.031562,-0.081287
0.156914,-0.035272,0.026706,0.010885,0.152030,0.280406,0.189050,0.091523,-0.087252
0.156953,-0.032934,0.020004,0.003907,0.159994,-0.091913,0.193412,0.091299,-0.182322
0.156992,-0.026130,0.019773,0.001664,0.144042,-0.285103,0.209364,0.049985,-0.400348
0.157031,-0.022967,0.018817,0.017435,0.152148,-0.158775,0.235274,0.030496,-0.189880
0.157070,-0.002321,0.028945,0.032032,0.167390,0.119209,0.172165,0.010040,-0.371335
0.157109,-0.035838,0.012444,0.025676,0.203482,0.324612,0.169270,0.007151,-0.239557
0.157148,-0.029759,0.026026,0.023741,0.196052,0.245247,0.242587,0.021906,-0.560957
0.157188,-0.020598,0.019641,0.043083,0.204926,-0.012892,0.185838,0.041508,0.121901
0.157227,-0.029569,0.021339,0.038724,0.190131,-0.177686,0.230107,0.065367,-0.449628
0.157266,-0.014881,0.029002,0.035691,0.234591,-0.108289,0.267479,0.057732,-0.199519
0.157305,-0.034700,0.023282,0.053464,0.218007,0.100605,0.282775,0.076674,-0.418089
0.157344,-0.035289,0.025772,0.049821,0.215810,0.282276,0.263813,0.011139,-0.025006
0.157383,-0.023036,0.024424,0.069897,0.229929,0.215549,0.248265,-0.008311,-0.220630
0.157422,-0.016553,0.037094,0.044310,0.245293,-0.012508,0.295419,0.041493,-0.473942
0.157461,-0.035818,0.020506,0.043319,0.273216,-0.168735,0.278996,0.032688,-0.204857
0.157500,-0.023039,0.019325,0.031767,0.292247,-0.090240,0.291360,0.049542,-0.340424
0.157539,-0.023395,0.032090,0.064830,0.274690,0.089552,0.392804,0.055799,-0.401191
0.157578,-0.017814,0.034096,0.059799,0.303681,0.222978,0.316020,0.045548,-0.945211
0.157617,-0.038080,0.032234,0.084331,0.325181,0.207382,0.298081,0.038717,-0.215752
0.157656,-0.017450,0.032145,0.066484,0.313728,0.023659,0.315403,0.013911,-0.090894
0.157695,-0.007306,0.027485,0.080246,0.315414,-0.108733,0.388196,0.050143,-0.223038
0.157734,-0.026326,0.022750,0.071191,0.348582,-0.091328,0.420494,0.037588,0.065814
0.157773,-0.032289,0.025896,0.079801,0.341981,0.084770,0.350357,0.022250,0.557083
0.157812,-0.010837,0.014421,0.101403,0.346223,0.193699,0.345947,-0.000004,0.453816
0.157852,-0.000129,0.018574,0.106758,0.403470,0.241459,0.393277,0.036631,-0.437782
0.157891,-0.028804,0.040790,0.096557,0.374873,0.068305,0.389378,0.081672,-1.019215
0.157930,-0.012615,0.024215,0.089379,0.387826,-0.067805,0.383999,0.049613,-0.550416
0.157969,-0.014291,0.027247,0.078930,0.372135,-0.042836,0.414571,0.010885,-0.912013
0.158008,-0.024648,0.045295,0.097664,0.401335,0.075602,0.475305,0.035573,-0.164198
0.158047,0.011874,0.011049,0.081575,0.406943,0.175941,0.428679,0.045043,0.260993
0.158086,-0.016408,0.033675,0.107925,0.435121,0.172697,0.502562,0.028780,0.003181
0.158125,0.008378,0.039409,0.114619,0.404344,0.106781,0.457756,0.015185,-0.051026
0.158164,-0.002906,0.020598,0.113770,0.432605,-0.061123,0.457008,0.056515,0.156604
0.158203,-0.016055,0.013405,0.105261,0.457882,-0.045278,0.461743,0.077036,-0.174826
0.158242,-0.006833,0.036132,0.094713,0.456142,0.022436,0.473687,0.058438,-0.172313
0.158281,-0.003036,0.021995,0.108363,0.451222,0.143395,0.507451,0.021808,0.155250
0.158320,-0.010745,0.040883,0.116669,0.465159,0.147773,0.505467,0.028221,-0.687885
0.158359,-0.019805,0.032978,0.121199,0.464442,0.130107,0.520915,0.031755,0.441529
0.158398,-0.010562,0.033070,0.135188,0.492258,-0.054021,0.525890,0.062716,-0.795157
0.158438,-0.000695,0.038045,0.105920,0.504317,-0.018218,0.570846,-0.016341,0.055950
0.158477,-0.002568,0.039822,0.117697,0.488306,0.027169,0.569275,0.060218,-0.282246
0.158516,-0.021391,0.032995,0.120172,0.511768,0.129153,0.618640,0.048660,-0.177339
0.158555,0.000094,0.033238,0.145162,0.496412,0.166865,0.552743,0.063624,-0.155998
0.158594,-0.003944,0.028976,0.140960,0.496642,0.084278,0.600025,0.010499,-0.441393
0.158633,0.002190,0.022082,0.154670,0.541639,0.051653,0.601782,-0.008377,0.892299
0.158672,-0.015649,0.023986,0.148552,0.525485,-0.007355,0.610103,0.032128,0.110142
0.158711,0.013584,0.042305,0.160481,0.555252,0.031893,0.582779,-0.002037,-0.263140
0.158750,0.020860,0.032500,0.142224,0.529987,0.128931,0.611734,0.053092,-0.417987
0.158789,-0.001080,0.026789,0.141478,0.529023,0.164502,0.635645,0.079692,-0.268427
0.158828,-0.010605,0.038469,0.160080,0.576999,0.054020,0.661618,0.044173,0.362426
0.158867,0.025761,0.024689,0.143505,0.582636,0.029622,0.665601,0.025815,0.664260
0.158906,0.003001,0.020820,0.157503,0.597644,0.001036,0.600918,0.034766,0.288422
0.158945,-0.006333,0.029694,0.147740,0.619110,0.009681,0.652065,0.019487,-0.397882
0.158984,0.004555,0.018084,0.161159,0.597240,0.080722,0.647345,0.030205,-0.360092
0.159023,-0.004963,0.028838,0.166290,0.630484,0.135282,0.681546,0.043100,-0.148200
0.159062,0.015808,0.014335,0.161300,0.601236,0.103500,0.703737,0.064127,0.122855
0.159102,-0.005039,0.042908,0.168993,0.623436,0.048455,0.731220,0.015876,-0.337801
0.159141,-0.005935,0.022842,0.156891,0.632608,0.040821,0.717533,0.076935,0.373855
0.159180,-0.001876,0.034359,0.180323,0.652136,0.065166,0.675761,0.069059,0.288547
0.159219,0.021360,0.030089,0.170518,0.630794,0.076245,0.663614,0.048313,-0.073448
0.159258,0.024705,0.026604,0.183559,0.655429,0.116817,0.729457,0.053045,0.254830
0.159297,0.022729,0.051536,0.180530,0.660679,0.078386,0.723372,0.048153,0.065849
0.159336,0.019317,0.047128,0.180178,0.650931,0.047542,0.785116,0.043428,0.076399
0.159375,0.010888,0.043183,0.191210,0.667145,0.012475,0.736112,0.042301,0.203069
0.159414,0.006999,0.037179,0.185844,0.667138,0.074412,0.750132,0.053920,-0.131830
0.159453,0.017312,0.038691,0.182531,0.672195,0.097701,0.770354,0.038449,0.047809
0.159492,0.001653,0.031247,0.185703,0.666806,0.149935,0.731402,0.060300,-0.506180
0.159531,0.020803,0.049534,0.193291,0.701110,0.094852,0.729788,0.003359,0.120671
0.159570,0.016918,0.044916,0.177033,0.704579,0.079234,0.732604,0.034410,0.507469
0.159609,0.020053,0.042796,0.221172,0.686155,0.044333,0.760136,0.029370,-0.001925
0.159648,0.003322,0.041309,0.191680,0.678640,0.003308,0.805725,0.058085,-0.236253
0.159688,0.026348,0.048586,0.204298,0.713480,0.065099,0.774249,0.025773,0.542351
0.159727,0.014254,0.056759,0.202125,0.722685,0.106469,0.774901,0.070627,0.363890
0.159766,0.024772,0.043995,0.231484,0.716446,0.105150,0.860624,0.072258,0.121587
0.159805,0.010282,0.024586,0.214137,0.718668,0.085726,0.783206,0.054285,-0.581341
0.159844,0.014502,0.046131,0.206922,0.724123,0.068367,0.789531,0.089820,0.227124
0.159883,0.019355,0.044143,0.223921,0.729285,0.065167,0.807443,0.057943,0.009416
0.159922,0.004427,0.032921,0.216600,0.748643,0.102514,0.838178,0.026344,0.118245
0.159961,0.001788,0.035496,0.221566,0.739731,0.162297,0.788476,0.054708,0.227606
0.160000,0.008006,0.040347,0.203909,0.743593,0.082859,0.846254,0.045186,-0.067787
0.160039,0.024447,0.038357,0.228821,0.774577,0.055394,0.803800,0.054034,-0.022059
0.160078,0.019330,0.037198,0.234328,0.786004,0.047623,0.814070,0.048505,0.252020
0.160117,0.004368,0.025580,0.236137,0.752713,0.051603,0.868678,0.032506,-0.383666
0.160156,0.027974,0.044083,0.219373,0.788042,0.069262,0.889404,0.029370,0.085667
0.160195,0.036737,0.042533,0.229635,0.794293,0.070329,0.832457,0.044658,0.334019
0.160234,0.002244,0.040041,0.233616,0.782969,0.116011,0.790142,0.020590,-0.367141
0.160273,0.032031,0.049981,0.267260,0.758016,0.091251,0.911896,0.028874,0.001276
0.160312,0.028257,0.045345,0.236106,0.770730,0.030018,0.851179,0.032640,0.044327
0.160352,0.006233,0.031765,0.259772,0.766868,0.031734,0.880625,0.021763,0.771841
0.160391,0.023311,0.044361,0.245378,0.813303,0.052357,0.877443,0.062233,-0.250578
0.160430,0.020495,0.038569,0.225805,0.799914,0.087877,0.856623,0.036992,0.734295
0.160469,0.031906,0.031722,0.242809,0.778668,0.050894,0.866645,0.032811,0.168321
0.160508,0.024982,0.033566,0.248871,0.777789,0.067732,0.860511,0.049722,0.692465
0.160547,0.013745,0.053793,0.253602,0.793135,0.027682,0.865533,0.024931,0.161775
0.160586,0.038795,0.044921,0.233642,0.818854,0.075500,0.869915,0.040374,0.021346
0.160625,0.020940,0.043282,0.250991,0.780860,0.086380,0.887220,0.033917,0.774536
0.160664,0.010753,0.037169,0.242648,0.808748,0.071344,0.862114,0.024529,0.467572
0.160703,0.035887,0.032008,0.239267,0.761242,0.127263,0.852247,0.047456,0.050238
0.160742,0.027084,0.050681,0.273375,0.807646,0.054770,0.864706,0.041039,0.614594
0.160781,0.039814,0.042724,0.269096,0.795224,0.098964,0.863242,0.042257,0.768371
0.160820,0.023840,0.040957,0.248683,0.806002,0.065771,0.892140,0.029711,-0.044702
0.160859,0.015725,0.036770,0.263806,0.819428,0.083509,0.860538,0.006258,-0.066066
0.160898,0.016861,0.048577,0.281364,0.817928,0.049519,0.859381,0.031373,0.280763
0.160938,0.031941,0.042162,0.263968,0.779245,0.066333,0.924727,0.025126,0.268706
0.160977,0.017084,0.045513,0.261535,0.826546,0.078072,0.868378,0.016208,-0.243298
0.161016,0.027764,0.055796,0.261889,0.807841,0.057048,0.834257,0.037183,0.024800
0.161055,0.039496,0.041302,0.272267,0.788318,0.049800,0.856685,0.026172,0.063118
0.161094,0.035713,0.047925,0.263569,0.805708,0.067990,0.893009,0.061523,0.281274
0.161133,0.032440,0.042348,0.271802,0.819524,0.077433,0.899801,0.066582,0.404818
0.161172,0.030328,0.033807,0.280094,0.785695,0.069140,0.870879,0.060468,0.000747
0.161211,0.002842,0.044063,0.278935,0.808337,0.083125,0.858306,0.043503,-0.096752
0.161250,0.028255,0.038460,0.271970,0.792518,0.048203,0.880632,0.047130,-0.005162
0.161289,0.046988,0.029988,0.283944,0.806094,0.054684,0.894385,0.053162,-0.631831
0.161328,0.033017,0.033571,0.282796,0.794086,0.064868,0.851623,0.055880,0.498239
0.161367,0.021865,0.047750,0.293660,0.808399,0.068145,0.835288,0.027733,-0.284112
0.161406,0.035890,0.034283,0.305793,0.820359,0.043116,0.850946,0.004293,1.102021
0.161445,0.036408,0.033981,0.283897,0.814885,0.047962,0.897467,0.027682,-0.505511
0.161484,0.037115,0.031911,0.301563,0.797086,0.053307,0.868802,0.035423,-0.706202
0.161523,0.027555,0.057771,0.296584,0.814635,0.023150,0.851088,0.031948,-0.286476
0.161562,0.021896,0.031648,0.313689,0.797569,0.058789,0.851776,0.046536,0.009211
0.161602,0.026288,0.030752,0.281625,0.814958,0.064904,0.808409,0.034784,0.569536
0.161641,0.030533,0.037923,0.297624,0.799580,0.050941,0.800020,0.001629,-0.125474
0.161680,0.038644,0.040903,0.290888,0.803128,0.052361,0.854361,0.007030,0.059110
0.161719,0.022864,0.037704,0.298183,0.784103,0.109438,0.867881,0.070607,-0.247549
0.161758,0.021728,0.035252,0.321054,0.784735,0.067007,0.812795,0.023910,0.207103
0.161797,0.029126,0.041590,0.320150,0.803248,0.075391,0.849896,-0.004706,0.437979
0.161836,0.045646,0.035277,0.306002,0.774459,0.066428,0.835147,0.033260,0.173065
0.161875,0.036799,0.024726,0.312765,0.777036,0.038717,0.805910,0.047404,0.260145
0.161914,0.033103,0.031861,0.293053,0.799563,0.052600,0.790358,0.050228,0.127252
0.161953,0.033464,0.048318,0.290021,0.755065,0.047457,0.822947,0.036717,0.784193
0.161992,0.043460,0.043215,0.312064,0.769022,0.055827,0.769747,0.173381,0.168674
0.162031,0.040807,0.049971,0.311213,0.774388,0.058785,0.831563,0.183099,0.659626
0.162070,0.051335,0.030104,0.329566,0.774575,0.065857,0.768185,0.137856,-0.003485
0.162109,0.050829,0.048939,0.321819,0.766567,0.061628,0.804550,0.005383,-0.094986
0.162148,0.039429,0.040716,0.317191,0.758460,0.051247,0.771671,-0.059586,0.408450
0.162188,0.019274,0.038881,0.321953,0.762854,0.078849,0.747972,-0.085158,0.063833
0.162227,0.025282,0.055774,0.347056,0.784696,0.045285,0.759331,-0.054214,0.285468
0.162266,0.035847,0.040046,0.322473,0.746393,0.068473,0.803440,0.049905,0.320582
0.162305,0.055597,0.034767,0.329143,0.755990,0.073879,0.800442,0.108443,0.599236
0.162344,0.030812,0.028639,0.333901,0.744290,0.033453,0.756979,0.145246,1.054958
0.162383,0.025463,0.045436,0.328508,0.763440,0.037083,0.771785,0.110431,0.512586
0.162422,0.024605,0.041904,0.330163,0.759327,0.060753,0.768471,0.063579,0.376272
0.162461,0.048233,0.031978,0.322323,0.721653,0.045100,0.738063,-0.024002,-0.100036
0.162500,0.040064,0.040579,0.332431,0.738304,0.042727,0.720118,-0.089285,0.454384
0.162539,0.047682,0.048930,0.331224,0.716095,0.054381,0.743721,-0.043972,-0.245612
0.162578,0.038101,0.026306,0.339817,0.700768,0.101529,0.716349,0.039693,0.592152
0.162617,0.037600,0.045162,0.328189,0.728190,0.063773,0.686838,0.089061,0.103452
0.162656,0.035674,0.040369,0.321866,0.750452,0.080422,0.692707,0.075975,-0.159757
0.162695,0.041080,0.035118,0.330306,0.723889,0.056767,0.664483,0.083541,0.454215
0.162734,0.024047,0.040375,0.342479,0.708216,0.102483,0.697879,0.054539,0.059060
0.162773,0.032360,0.023193,0.326964,0.675258,0.079711,0.702781,-0.035833,0.363226
0.162812,0.030617,0.034025,0.335752,0.705969,0.072497,0.687251,-0.049322,0.270600
0.162852,0.031895,0.031443,0.332218,0.682721,0.096380,0.704812,-0.038347,0.052950
0.162891,0.029701,0.020751,0.306460,0.692179,0.049366,0.668505,0.029233,0.062290
0.162930,0.051821,0.035721,0.318417,0.701162,0.096684,0.691405,0.033024,-0.004861
0.162969,0.032666,0.023577,0.344493,0.684351,0.092828,0.665853,0.089995,-0.277359
0.163008,0.032448,0.030750,0.341727,0.666057,0.037416,0.639516,0.090071,-0.066459
0.163047,0.054651,0.015663,0.334150,0.639403,0.053430,0.663318,0.067544,0.767273
0.163086,0.034252,0.030795,0.352231,0.669716,0.058084,0.642132,0.023261,0.201614
0.163125,0.034278,0.022912,0.349271,0.616226,0.047378,0.661271,0.023748,0.942494
0.163164,0.031045,0.019552,0.348012,0.650273,0.070355,0.640639,0.001957,0.216759
0.163203,0.048043,0.019765,0.351962,0.666709,0.072027,0.586399,0.033099,-0.398186
0.163242,0.050069,0.023643,0.355536,0.646439,0.040516,0.648170,0.025009,0.608042
0.163281,0.040405,0.040667,0.317785,0.620412,0.028838,0.619346,0.055626,-0.743077
0.163320,0.040656,0.029864,0.326493,0.613385,0.053988,0.636618,0.073135,-0.224381
0.163359,0.040681,0.025885,0.348619,0.621531,0.060072,0.593698,0.062071,0.221255
0.163398,0.040702,0.035260,0.350936,0.621448,0.024651,0.606411,0.020765,0.331113
0.163438,0.039640,0.020051,0.320107,0.579361,0.043980,0.605219,-0.000810,-0.078992
0.163477,0.044263,0.033647,0.341241,0.578281,0.026468,0.612858,-0.005731,0.175015
0.163516,0.045066,0.027278,0.334478,0.584985,0.068102,0.584253,0.019320,0.426218
0.163555,0.050424,0.031912,0.356557,0.588240,0.052553,0.577957,0.035608,0.167765
0.163594,0.040882,0.026892,0.351636,0.545090,0.051277,0.599676,0.041744,0.405209
0.163633,0.040169,0.034166,0.341587,0.558639,0.021763,0.575989,0.066835,0.428148
0.163672,0.052635,0.025624,0.358704,0.548394,0.062070,0.552138,0.046081,0.056864
0.163711,0.034369,0.015814,0.380947,0.532189,0.037960,0.536289,0.016657,0.241009
0.163750,0.030320,0.037186,0.342063,0.537922,0.058419,0.525356,0.016829,0.256350
0.163789,0.026609,0.012386,0.350898,0.544176,0.034852,0.535352,0.007223,-0.427016
0.163828,0.054047,0.002013,0.354436,0.492754,0.068326,0.561608,0.000762,-0.397430
0.163867,0.040262,0.026991,0.373015,0.526015,0.025001,0.514414,0.002992,0.004807
0.163906,0.043102,0.026698,0.339125,0.510583,0.071843,0.428087,0.044420,-0.094064
0.163945,0.044308,0.008615,0.350930,0.480903,0.079786,0.509589,0.046061,-0.002216
0.163984,0.028918,0.000040,0.366326,0.477428,0.061274,0.536337,0.051181,-0.209147
0.164023,0.034053,0.020174,0.355044,0.501020,0.051581,0.471120,0.032494,-0.799276
0.164063,0.029940,0.025191,0.382903,0.503724,0.036572,0.482741,0.044738,0.319625
0.164102,0.048034,0.036389,0.360784,0.495917,0.047530,0.468828,0.008804,0.182258
0.164141,0.028616,0.025263,0.359106,0.456386,0.068891,0.478496,0.018249,-0.144860
0.164180,0.034866,0.019442,0.377814,0.456574,0.026796,0.401270,0.046215,-0.438523
0.164219,0.062989,0.039568,0.351042,0.446328,0.044911,0.531657,0.044371,0.174305
0.164258,0.042862,0.007874,0.364005,0.426233,0.013971,0.537396,0.062180,-0.979582
0.164297,0.045619,0.022056,0.392552,0.415497,0.065939,0.442738,0.056883,-0.006951
0.164336,0.029903,0.002180,0.373178,0.402158,0.045329,0.446666,0.033523,-0.440731
0.164375,0.030248,0.011282,0.373697,0.418251,0.073548,0.430720,0.019018,-0.148019
0.164414,0.037800,0.012100,0.359485,0.425221,0.032307,0.398129,0.023880,-0.886524
0.164453,0.033529,0.025823,0.371853,0.399390,0.048546,0.418616,0.019540,0.143017
0.164492,0.029716,0.021383,0.363735,0.388763,0.067310,0.455564,0.040383,-0.365537
0.164531,0.025581,0.018592,0.353965,0.366193,0.044569,0.437624,0.005553,0.402609
0.164570,0.047727,0.007134,0.367472,0.365560,0.034518,0.398131,0.051409,-0.377774
0.164609,0.031732,0.015355,0.363529,0.355574,0.070623,0.399398,0.041151,-0.535408
0.164648,0.033071,0.017834,0.395403,0.354729,0.020115,0.406018,0.041008,0.027541
0.164687,0.033339,0.036650,0.356963,0.330640,0.042735,0.445760,0.026407,-0.004671
0.164727,0.036277,0.023406,0.372850,0.338702,0.047877,0.400418,0.000946,-0.178055
0.164766,0.047992,0.020610,0.374550,0.342866,0.032691,0.383923,0.012228,-0.094488
0.164805,0.029756,0.019514,0.374617,0.280554,0.059309,0.385837,0.018905,-0.628034
0.164844,0.046039,0.016425,0.358202,0.291241,0.092781,0.374144,0.011415,-0.075173
0.164883,0.024013,0.030545,0.372999,0.271947,0.056289,0.388884,0.017020,0.048769
0.164922,0.042126,0.001951,0.392034,0.288619,0.070053,0.342382,0.044496,-0.931604
0.164961,0.026746,0.021330,0.361957,0.244269,0.016025,0.376558,0.005036,-0.378429
0.165000,0.028494,-0.000956,0.382923,0.248667,0.046765,0.344996,0.012872,-0.561118
0.165039,0.043497,0.026144,0.382277,0.247477,0.041337,0.354854,-0.012367,0.402933
0.165078,0.035456,0.014540,0.358368,0.223172,0.027632,0.333535,-0.010793,-0.299677
0.165117,0.041375,0.028718,0.373790,0.245920,0.042256,0.353344,0.010244,-0.234282
0.165156,0.032887,0.007314,0.378348,0.230073,0.046882,0.347023,-0.017568,-0.052941
0.165195,0.042121,0.013577,0.364191,0.193246,0.041173,0.377314,0.011533,-0.182940
0.165234,0.044238,0.019630,0.384592,0.193147,0.058180,0.353439,0.024970,-0.497341
0.165273,0.047528,0.012787,0.373538,0.194382,0.026522,0.251565,-0.009365,-0.248982
0.165313,0.026405,-0.002239,0.394939,0.176036,0.011437,0.347599,0.012336,-0.070610
0.165352,0.042609,0.007370,0.380691,0.177377,-0.002576,0.247674,-0.008440,-0.185661
0.165391,0.033394,0.010722,0.390217,0.168972,0.073503,0.354363,-0.002861,0.405537
0.165430,0.040622,0.037702,0.360808,0.153937,0.013944,0.362274,0.002142,-0.510634
0.165469,0.038575,0.021616,0.359151,0.183670,0.047897,0.280251,0.016364,-0.166129
0.165508,0.025521,0.022916,0.386754,0.154433,0.016838,0.307474,0.017710,-0.229304
0.165547,0.030599,0.021576,0.369028,0.123293,0.051045,0.268748,0.017929,-0.016030
0.165586,0.023232,0.012081,0.372937,0.138249,0.033971,0.258200,0.009605,-0.273810
0.165625,0.036845,0.024067,0.390919,0.141650,0.025843,0.217021,0.011090,-0.002439
0.165664,0.030132,0.022328,0.387133,0.113956,0.041316,0.287318,-0.040091,-0.705255
0.165703,0.022813,0.013435,0.393061,0.098226,0.033686,0.262623,0.027447,0.366233
0.165742,0.015883,0.019926,0.379021,0.120684,0.045773,0.301234,-0.021446,-0.073455
0.165781,0.030865,0.015950,0.396075,0.103037,0.012076,0.275124,0.000543,0.215663
0.165820,0.042259,0.016341,0.404779,0.073693,0.043531,0.238220,-0.022316,0.150085
0.165859,0.028969,0.020111,0.362288,0.040404,0.015023,0.313942,-0.002323,-0.719565
0.165898,0.009029,0.010683,0.384672,0.043909,0.055176,0.232103,-0.003059,-0.463070
0.165937,0.031955,0.021618,0.395975,0.059799,0.001468,0.274464,0.000521,0.124464
0.165977,0.046498,0.011613,0.389571,0.025710,0.025601,0.234519,0.026878,-0.125695
0.166016,0.020504,-0.002783,0.381938,0.035381,0.040984,0.224775,0.008067,-0.108980
0.166055,0.031077,0.016761,0.400253,0.018318,0.005533,0.206843,0.024364,-0.025638
0.166094,0.040384,0.010143,0.391316,-0.013035,0.022915,0.214751,-0.033288,-0.588375
0.166133,0.028833,0.025392,0.373084,0.020113,0.085552,0.216962,-0.022038,-0.277546
0.166172,0.026357,0.014336,0.406664,0.024741,0.027653,0.252587,0.024976,-0.664168
0.166211,0.019958,-0.002632,0.381199,-0.007137,0.002238,0.184906,0.021044,-0.120209
0.166250,0.039969,0.032474,0.387117,-0.011393,0.031347,0.214514,-0.000147,-0.153882
0.166289,0.038551,0.008063,0.388192,-0.025385,0.018977,0.197135,0.036365,-0.425555
0.166328,0.027990,0.023247,0.403687,-0.012072,0.025449,0.168580,-0.008732,-0.771034
0.166367,0.026574,-0.004930,0.372382,-0.053136,0.058554,0.163601,0.012810,-0.094806
0.166406,0.037776,0.007891,0.383511,-0.044230,0.022569,0.260268,-0.021385,-0.327573
0.166445,0.023719,0.028413,0.403191,-0.037290,0.027575,0.257314,-0.013664,-0.223558
0.166484,0.038856,0.002514,0.388376,-0.056476,0.024230,0.218395,-0.012008,-0.107809
0.166523,0.047697,0.012420,0.393190,-0.091514,0.021986,0.220092,-0.019133,-0.251420
0.166563,0.024073,-0.002173,0.392222,-0.086519,0.054601,0.163122,-0.031757,0.446726
0.166602,0.032967,0.014784,0.382055,-0.094339,0.015667,0.211770,-0.042715,-0.757345
0.166641,0.033881,0.014628,0.394684,-0.114314,0.041909,0.202148,-0.005936,0.588901
0.166680,0.036811,0.029633,0.384143,-0.104818,0.053102,0.173978,-0.009283,-0.012537
0.166719,0.026733,0.008219,0.395974,-0.085945,0.065422,0.182024,-0.015533,-0.196613
0.166758,0.024375,0.007335,0.396468,-0.141698,-0.000873,0.180466,-0.026390,0.416761
0.166797,0.024605,0.012169,0.376404,-0.145369,-0.001262,0.196482,-0.007175,0.660647
0.166836,0.033696,0.019288,0.398705,-0.143998,0.020656,0.156734,-0.032344,-0.592336
0.166875,0.033615,0.019521,0.390651,-0.150798,0.014134,0.167741,-0.010986,-0.292796
0.166914,0.042762,0.012224,0.383945,-0.139909,0.033498,0.137704,-0.014232,0.233006
0.166953,0.022682,0.003135,0.370198,-0.147813,0.016264,0.164357,-0.037474,0.706431
0.166992,0.044054,0.003252,0.409398,-0.161590,0.018154,0.248279,-0.027951,-0.241574
0.167031,0.047459,0.015695,0.394230,-0.155526,0.000260,0.061974,-0.018037,-0.201769
0.167070,0.028921,0.025882,0.394789,-0.162752,0.027754,0.091973,-0.013653,-0.550169
0.167109,0.037164,0.018152,0.404941,-0.186733,0.012678,0.143439,-0.021895,-0.253270
0.167148,0.021948,0.003300,0.412290,-0.198240,0.023536,0.104328,-0.012155,-0.115832
0.167187,0.024958,0.007305,0.398495,-0.213586,-0.030834,0.180373,0.010567,0.680440
0.167227,0.035564,0.005715,0.381071,-0.218865,0.052213,0.142087,-0.031834,0.097008
0.167266,0.027646,0.016755,0.391937,-0.207843,0.047055,0.125594,-0.014199,0.260362
0.167305,0.034260,0.019423,0.391691,-0.207369,0.016691,0.130844,-0.044159,0.244326
0.167344,0.030264,0.008387,0.392607,-0.255790,0.013054,0.132982,-0.038833,0.200763
0.167383,0.045343,0.011038,0.389212,-0.250952,-0.014887,0.144182,-0.042166,0.205562
0.167422,0.038182,0.015635,0.384081,-0.226288,0.012237,0.110396,0.004073,-0.353294
0.167461,0.049652,0.000789,0.381252,-0.269486,0.776757,0.085611,-0.005886,-0.227177
0.167500,0.047645,0.002278,0.408167,-0.244971,1.212514,0.106730,-0.008148,0.068290
0.167539,0.044657,0.016223,0.376560,-0.244126,0.518802,0.102977,-0.023955,-0.125821
0.167578,0.032381,0.007204,0.406054,-0.276821,-0.565598,0.081781,-0.025620,-0.592486
0.167617,0.031440,0.014705,0.389075,-0.251130,-1.018958,0.092053,0.029336,0.149214
0.167656,0.037646,0.006722,0.400464,-0.256066,-0.468735,0.108653,-0.051769,-0.174660
0.167695,0.033805,0.011720,0.380308,-0.276194,0.512305,0.129271,0.000843,-0.505586
0.167734,0.046061,0.018810,0.387266,-0.277359,1.004936,0.045543,-0.045309,0.004455
0.167773,0.045310,-0.001512,0.392687,-0.287768,0.512403,0.044356,-0.020291,0.098616
0.167813,0.028640,-0.002919,0.400670,-0.329277,-0.413954,0.104999,-0.036736,0.244946
0.167852,0.000525,0.005526,0.398846,-0.282696,-0.822874,0.068387,-0.007308,-0.130299
0.167891,0.035731,0.008953,0.368287,-0.307904,-0.423828,0.043438,-0.028403,0.010044
0.167930,0.029712,0.028004,0.386452,-0.327543,0.379566,0.124447,-0.011951,0.408791
0.167969,0.034223,-0.001260,0.383595,-0.307230,0.789691,0.065011,-0.023369,0.354412
0.168008,0.029564,0.004248,0.367481,-0.338629,0.489998,0.058569,-0.049133,-0.191155
0.168047,0.041632,0.008661,0.422358,-0.321038,-0.252303,0.085847,-0.020400,0.627979
0.168086,0.041793,0.007508,0.386219,-0.327068,-0.700419,0.081426,-0.021470,0.031684
0.168125,0.046704,0.005406,0.400481,-0.353623,-0.420919,0.037530,-0.037904,0.244902
0.168164,0.033725,0.012865,0.374350,-0.335822,0.234076,0.030403,-0.047972,-0.134884
0.168203,0.038846,0.001431,0.388098,-0.332843,0.660034,0.059008,-0.026965,-0.251562
0.168242,0.030964,0.006849,0.400022,-0.370301,0.442494,0.069724,-0.030468,-0.075333
0.168281,0.006490,0.001603,0.396765,-0.383423,-0.185360,0.023345,-0.013014,0.370951
0.168320,0.029802,0.015890,0.392646,-0.358311,-0.559673,0.009205,-0.017324,-0.538237
0.168359,0.036105,0.010890,0.406260,-0.379702,-0.370686,0.012641,-0.032575,0.477241
0.168398,0.040589,0.021627,0.408421,-0.384478,0.177775,0.014535,-0.040448,0.356802
0.168437,0.030221,0.014932,0.368563,-0.384460,0.519653,0.013580,-0.014453,0.226744
0.168477,0.019424,0.001789,0.388804,-0.380442,0.401891,0.024351,-0.032512,0.415722
0.168516,0.027960,0.025061,0.378961,-0.394219,-0.120580,0.029670,-0.021864,0.356672
0.168555,0.025105,0.017870,0.365424,-0.400436,-0.434820,0.023574,-0.031672,0.022148
0.168594,0.029457,0.013068,0.378786,-0.375512,-0.333125,-0.015012,-0.016692,0.213689
0.168633,0.039114,0.010057,0.380866,-0.416524,0.089468,-0.045882,-0.031131,0.507285
0.168672,0.035213,-0.007439,0.371469,-0.429509,0.467603,-0.017293,0.003460,0.008679
0.168711,0.034670,0.017268,0.375672,-0.414655,0.369988,-0.063799,-0.043712,0.272805
0.168750,0.031922,0.008869,0.366889,-0.403692,-0.023391,0.014495,-0.014354,-0.332238
0.168789,0.038725,0.007720,0.371394,-0.404004,-0.332694,-0.049969,-0.040517,0.283767
0.168828,0.034573,0.019363,0.380995,-0.412784,-0.346528,-0.028724,-0.014190,0.308689
0.168867,0.032057,0.018636,0.387792,-0.425785,0.051935,-0.083398,-0.076546,0.114035
0.168906,0.027907,0.018812,0.386527,-0.420231,0.382057,-0.032748,-0.042834,0.679449
0.168945,0.034217,0.012154,0.390149,-0.404298,0.298980,-0.061929,-0.012442,0.037664
0.168984,0.036742,0.015928,0.385448,-0.432237,-0.003059,-0.037876,-0.060797,-0.300680
0.169023,0.046319,-0.003101,0.369636,-0.441365,-0.257457,-0.031057,-0.026372,-0.162227
0.169063,0.037732,0.010557,0.363413,-0.447456,-0.283511,-0.090203,-0.034775,0.055483
0.169102,0.051117,-0.010470,0.373982,-0.452908,-0.022548,-0.067832,-0.024089,-0.419804
0.169141,0.038586,0.012162,0.386076,-0.440972,0.265442,-0.098977,-0.035736,0.338785
0.169180,0.037670,0.010709,0.363133,-0.453515,0.270964,-0.079235,-0.024822,0.280495
0.169219,0.038854,0.007338,0.382961,-0.449462,0.024258,-0.150966,-0.037132,0.790240
0.169258,0.049451,-0.002151,0.371346,-0.485073,-0.176809,-0.112967,-0.029466,-0.212578
0.169297,0.046769,0.010519,0.368538,-0.431358,-0.254950,-0.117476,-0.055466,-0.405919
0.169336,0.036256,0.004067,0.365220,-0.453609,0.022619,-0.108092,-0.036234,0.283447
0.169375,0.028967,0.022504,0.368965,-0.484250,0.193527,-0.126300,-0.046572,0.678429
0.169414,0.038418,0.013361,0.359389,-0.486749,0.241854,-0.045564,-0.046321,-0.142272
0.169453,0.028376,0.002973,0.389313,-0.477287,0.002446,-0.107003,-0.055119,0.485957
0.169492,0.036240,0.022908,0.371504,-0.474828,-0.107675,-0.114487,-0.011906,0.014018
0.169531,0.044069,0.002887,0.346459,-0.483997,-0.167483,-0.089770,-0.062397,0.215507
0.169570,0.030244,0.009190,0.356696,-0.480875,-0.028734,-0.155117,-0.062585,0.473304
0.169609,0.040610,0.016503,0.366503,-0.456631,0.158691,-0.083889,-0.035152,0.456150
0.169648,0.037973,0.006753,0.341871,-0.487582,0.225668,-0.195610,-0.039294,0.737702
0.169687,0.031725,0.020358,0.359288,-0.484601,0.064303,-0.154222,-0.039683,0.341346
0.169727,0.040915,0.018090,0.379980,-0.482651,-0.135192,-0.193243,-0.066728,0.685383
0.169766,0.042560,0.015485,0.373124,-0.469743,-0.127991,-0.236204,-0.072506,-0.030285
0.169805,0.051653,0.010442,0.353703,-0.496341,-0.043798,-0.225131,-0.041051,0.078007
0.169844,0.034460,0.010685,0.364349,-0.511502,0.141390,-0.182746,-0.043363,-0.466020
0.169883,0.043195,0.010341,0.334892,-0.463672,0.184773,-0.188326,-0.073508,0.289666
0.169922,0.036219,0.019240,0.361685,-0.489291,0.055280,-0.152977,-0.040159,0.243106
0.169961,0.038081,0.001976,0.349942,-0.485137,-0.078974,-0.172246,-0.094783,0.072993
0.170000,0.039474,0.013602,0.367838,-0.493170,-0.131000,-0.186237,-0.039338,-0.339166
0.170039,0.058364,0.010055,0.376744,-0.511502,-0.053306,-0.157907,-0.039825,-0.091298
0.170078,0.030818,0.020839,0.354101,-0.498424,0.105034,-0.237465,-0.039976,0.526096
0.170117,0.049420,0.015919,0.338391,-0.488051,0.154262,-0.166864,-0.034331,-0.265789
0.170156,0.052975,0.018758,0.348048,-0.481229,0.068917,-0.205354,-0.059440,0.223217
0.170195,0.048750,-0.009081,0.365550,-0.477949,-0.019210,-0.181841,-0.044404,0.470825
0.170234,0.035032,0.032316,0.350572,-0.503516,-0.094897,-0.184944,-0.030697,-0.128543
0.170273,0.045056,0.013183,0.340525,-0.505058,-0.043165,-0.253282,-0.052928,0.905458
0.170313,0.053686,0.018689,0.344602,-0.498284,0.062663,-0.245087,-0.050527,0.203429
0.170352,0.052135,0.019163,0.345537,-0.494104,0.077981,-0.223536,-0.036346,0.004451
0.170391,0.050535,0.015265,0.336888,-0.509294,0.070587,-0.198037,0.000704,0.455426
0.170430,0.026279,0.028809,0.351925,-0.499888,-0.015288,-0.258481,-0.078185,0.136424
0.170469,0.045533,0.010946,0.344967,-0.511198,-0.093116,-0.271678,-0.067031,-0.076535
0.170508,0.052237,0.011796,0.349965,-0.481459,-0.077132,-0.222358,-0.044483,0.917639
0.170547,0.026089,0.015995,0.335037,-0.511822,0.020592,-0.262563,-0.007185,-0.013928
0.170586,0.035825,0.010217,0.332222,-0.508370,0.084251,-0.283503,0.123039,0.127595
0.170625,0.052947,0.011646,0.355005,-0.519329,0.093847,-0.212045,0.157564,0.278101
0.170664,0.054109,0.017862,0.337513,-0.532915,-0.057124,-0.320820,0.100660,-0.026720
0.170703,0.053059,0.003032,0.321477,-0.522096,-0.062697,-0.262815,-0.048367,0.470550
0.170742,0.038496,-0.005821,0.329401,-0.514614,-0.038970,-0.246716,-0.206030,0.262395
0.170781,0.032354,0.021749,0.338632,-0.508645,0.074017,-0.285634,-0.242867,-0.061221
0.170820,0.068000,0.010805,0.334194,-0.523166,0.040060,-0.268897,-0.190898,-0.127055
0.170859,0.036677,0.021350,0.335399,-0.509240,0.084026,-0.258203,-0.078559,-0.010201
0.170898,0.038666,0.001365,0.320808,-0.501668,-0.030835,-0.306576,0.056095,0.742936
0.170937,0.039420,0.003946,0.354792,-0.532531,-0.074547,-0.308305,0.078991,0.266752
0.170977,0.063851,-0.005225,0.337543,-0.520864,-0.055035,-0.301478,0.054473,-0.312464
0.171016,0.047480,0.019445,0.362669,-0.510628,0.019556,-0.303975,-0.032340,-0.039099
0.171055,0.052490,0.026749,0.338215,-0.519935,0.082983,-0.257637,-0.133608,0.018393
0.171094,0.058016,0.012033,0.320233,-0.532782,0.014233,-0.316067,-0.177308,-0.108296
0.171133,0.043091,0.015182,0.335799,-0.533344,0.024335,-0.315128,-0.160856,0.506923
0.171172,0.064435,0.027340,0.339430,-0.523517,-0.023414,-0.325599,-0.090079,0.102393
0.171211,0.057447,0.017714,0.294052,-0.521093,-0.041505,-0.311024,-0.009871,-0.606799
0.171250,0.022704,0.011039,0.320153,-0.540195,0.056851,-0.339009,0.026920,-0.645088
0.171289,0.057456,-0.004213,0.303861,-0.518930,0.076929,-0.374207,0.066053,0.330079
0.171328,0.043051,0.008693,0.330706,-0.502768,0.013492,-0.307063,-0.032024,0.213854
0.171367,0.034285,0.005446,0.312649,-0.533903,0.020141,-0.311321,-0.117915,0.334968
0.171406,0.042932,0.006718,0.317185,-0.524565,-0.029523,-0.364968,-0.100483,-0.303725
0.171445,0.054258,0.008181,0.321858,-0.508232,-0.001984,-0.358568,-0.174984,-0.026226
0.171484,0.019772,0.023219,0.303607,-0.538326,0.015639,-0.349296,-0.093053,0.162113
0.171523,0.040493,0.005591,0.316511,-0.514873,0.056801,-0.283811,-0.021865,0.093422
0.171563,0.048777,0.012589,0.307912,-0.519774,0.019968,-0.341027,0.022725,0.247347
0.171602,0.046768,0.019930,0.326756,-0.501952,0.001236,-0.319801,0.019853,0.406646
0.171641,0.045103,0.014130,0.309654,-0.507744,-0.028271,-0.368500,-0.033551,-0.264728
0.171680,0.032239,0.010329,0.300593,-0.517957,-0.005559,-0.317378,-0.064056,0.273131
0.171719,0.050268,-0.005257,0.305666,-0.496518,0.004287,-0.381228,-0.139167,0.040871
0.171758,0.044296,0.017753,0.303649,-0.488189,0.052553,-0.267213,-0.150414,-0.409577
0.171797,0.067105,0.011939,0.300259,-0.518265,0.033977,-0.327541,-0.080669,0.341882
0.171836,0.029881,-0.002036,0.283099,-0.505245,0.016847,-0.298491,-0.068392,-0.005820
0.171875,0.046243,0.004972,0.300681,-0.496520,-0.033557,-0.388647,-0.058284,-0.132532
0.171914,0.055390,0.003879,0.312307,-0.500779,0.011995,-0.392805,-0.004123,0.376916
0.171953,0.046104,0.008940,0.295975,-0.525369,0.003314,-0.356893,-0.030524,0.316937
0.171992,0.043069,-0.002169,0.288912,-0.508160,0.036493,-0.376474,-0.043685,0.543542
0.172031,0.051649,0.000031,0.285229,-0.536676,0.036673,-0.374948,-0.124042,-0.047143
0.172070,0.066861,0.021918,0.295957,-0.528714,-0.013510,-0.328020,-0.146332,0.219381
0.172109,0.050906,0.026490,0.282056,-0.503318,0.027208,-0.318481,-0.092931,-0.082222
0.172148,0.047273,-0.005974,0.301063,-0.498852,0.018949,-0.343093,-0.078500,0.094290
0.172187,0.039199,0.010321,0.294272,-0.497359,-0.009044,-0.289759,-0.040624,-0.194442
0.172227,0.062197,0.004505,0.267733,-0.525559,0.021530,-0.318690,-0.053604,0.200580
0.172266,0.046214,-0.002507,0.295819,-0.488654,0.051519,-0.307029,-0.016700,-0.467585
0.172305,0.054763,-0.005379,0.296489,-0.492774,0.039013,-0.370569,-0.057249,-0.242212
0.172344,0.036296,0.006634,0.280330,-0.492932,0.025700,-0.324993,-0.103887,-0.045459
0.172383,0.050501,-0.004047,0.268737,-0.476166,-0.037278,-0.407620,-0.084121,-0.166019
0.172422,0.055173,-0.002136,0.281521,-0.462313,0.020309,-0.378799,-0.080205,0.282611
0.172461,0.042723,0.000944,0.279827,-0.525143,0.028570,-0.353094,-0.090113,-0.199506
0.172500,0.041509,-0.001915,0.271188,-0.505619,0.051911,-0.396306,-0.053150,-0.187125
0.172539,0.052365,-0.011612,0.276850,-0.482111,0.038466,-0.367299,-0.015747,0.162187
0.172578,0.057725,0.008789,0.270121,-0.507358,-0.008515,-0.386751,-0.021603,-0.415755
0.172617,0.037077,0.001250,0.268947,-0.504992,-0.023599,-0.289316,-0.043837,-0.264354
0.172656,0.037887,0.016753,0.267977,-0.517063,0.015264,-0.349357,-0.078253,-0.152525
0.172695,0.043279,-0.004651,0.242448,-0.496441,0.008188,-0.383904,-0.096934,0.058087
0.172734,0.040717,-0.002309,0.240123,-0.511198,0.048800,-0.336078,-0.082426,0.008221
0.172773,0.049643,0.012476,0.285266,-0.525464,0.005025,-0.333564,-0.066525,0.166707
0.172813,0.048491,0.004063,0.238906,-0.485382,0.014672,-0.329127,-0.075099,-1.075884
0.172852,0.034511,0.004982,0.267124,-0.495721,-0.008004,-0.305960,-0.064429,0.131390
0.172891,0.048131,0.001963,0.257520,-0.500143,-0.007446,-0.327826,-0.084410,0.239576
0.172930,0.046541,0.008812,0.252925,-0.490519,-0.005471,-0.330499,-0.083407,0.054549
0.172969,0.040379,0.009536,0.248842,-0.503434,0.011949,-0.280814,-0.065044,-0.066982
0.173008,0.053480,0.001683,0.257951,-0.474167,-0.000707,-0.312352,-0.072737,-0.116298
0.173047,0.035456,0.010768,0.237212,-0.485195,0.001314,-0.309420,-0.072538,-0.738111
0.173086,0.046855,-0.007789,0.252489,-0.484082,0.031484,-0.308414,-0.113094,-0.514135
0.173125,0.025975,0.012919,0.242021,-0.504169,0.028546,-0.317983,-0.065718,-0.867153
0.173164,0.057384,-0.004987,0.234506,-0.516113,0.033105,-0.347478,-0.063778,-0.701594
0.173203,0.035015,0.002354,0.230140,-0.514493,-0.009513,-0.299139,-0.065726,0.269836
0.173242,0.045388,-0.007450,0.241535,-0.482248,-0.017240,-0.310926,-0.027492,0.486387
0.173281,0.033210,0.012014,0.229635,-0.493600,-0.007412,-0.319467,-0.048118,-0.187100
0.173320,0.052523,0.014829,0.248648,-0.501850,0.012051,-0.287749,-0.067674,-0.189766
0.173359,0.048124,-0.001032,0.222856,-0.475885,0.008333,-0.307330,-0.071494,-0.093205
0.173398,0.029808,-0.010113,0.230434,-0.479860,0.046346,-0.240955,-0.063583,-0.455296
0.173437,0.037226,-0.009095,0.239897,-0.467454,0.030581,-0.282254,-0.057869,-0.532413
0.173477,0.036967,0.001289,0.225773,-0.454905,0.024542,-0.327329,-0.034387,-0.774265
0.173516,0.020736,-0.025190,0.240419,-0.496332,-0.015169,-0.292183,-0.067662,0.035503
0.173555,0.053133,-0.001939,0.202731,-0.496239,-0.006912,-0.301992,-0.046600,-0.300988
0.173594,0.022790,0.008102,0.204229,-0.485016,-0.023825,-0.255476,-0.043051,-0.286813
0.173633,0.012589,-0.009231,0.225614,-0.519561,-0.002824,-0.226685,-0.093253,-0.263996
0.173672,0.048624,0.001098,0.217878,-0.466736,-0.002004,-0.253888,-0.082272,-0.377926
0.173711,0.027424,-0.012100,0.213910,-0.447573,0.002248,-0.254028,-0.070672,-0.637889
0.173750,0.028128,0.000916,0.228189,-0.474095,-0.000620,-0.248376,-0.085680,-0.129969
0.173789,0.046545,0.012095,0.196702,-0.495764,-0.010679,-0.213330,-0.069886,-0.700946
0.173828,0.040791,-0.004977,0.205248,-0.484455,0.029047,-0.257315,-0.047303,-0.140439
0.173867,0.035954,-0.009587,0.200312,-0.461666,-0.031320,-0.224593,-0.036284,-0.243056
0.173906,0.036137,-0.021913,0.202591,-0.456387,-0.002741,-0.229376,-0.076832,-0.197883
0.173945,0.040197,0.002869,0.204808,-0.494873,0.008422,-0.258922,-0.044526,-0.624998
0.173984,0.041150,-0.010257,0.203008,-0.481226,-0.015394,-0.243240,-0.045535,-0.153611
0.174023,0.038499,-0.012431,0.205271,-0.475594,-0.012529,-0.248415,-0.054064,-0.053479
0.174063,0.026479,-0.004403,0.179903,-0.469047,-0.010562,-0.213453,-0.050070,0.215441
0.174102,0.019120,-0.009340,0.195338,-0.464411,0.027914,-0.237218,-0.068006,-0.509817
0.174141,0.033840,-0.019470,0.175860,-0.464568,0.013124,-0.210650,-0.067949,0.069018
0.174180,0.032408,0.002706,0.193284,-0.451467,0.005473,-0.184052,-0.061506,-0.659429
0.174219,0.048607,0.007033,0.175715,-0.429895,0.017502,-0.128102,-0.057736,-0.056923
0.174258,0.031170,0.002021,0.197165,-0.451058,-0.030549,-0.204713,-0.051126,-0.054189
0.174297,0.046699,-0.018545,0.158466,-0.465144,0.001245,-0.166586,-0.059584,0.332501
0.174336,0.037280,0.003681,0.186103,-0.459645,0.000088,-0.155311,-0.074922,-0.510167
0.174375,0.023604,-0.011886,0.193082,-0.457186,-0.020264,-0.158376,-0.068814,-0.107987
0.174414,0.044967,-0.010806,0.180555,-0.482874,-0.019358,-0.168110,-0.058854,-0.103799
0.174453,0.021069,-0.007930,0.186935,-0.443423,-0.009509,-0.137077,-0.044857,0.263171
0.174492,0.017513,-0.016757,0.179759,-0.432596,0.004047,-0.140163,-0.105392,-0.309197
0.174531,0.015732,-0.002798,0.170413,-0.461754,-0.003724,-0.125471,-0.034544,0.063117
0.174570,0.027059,-0.005846,0.173982,-0.440153,-0.005816,-0.055988,-0.096890,-0.236610
0.174609,0.020954,-0.005664,0.163035,-0.425238,0.019203,-0.144015,-0.068923,-0.441052
0.174648,0.005313,-0.019649,0.154858,-0.418817,-0.009272,-0.164047,-0.048652,-0.473428
0.174687,0.021107,-0.007929,0.161434,-0.419501,0.014057,-0.106720,-0.038151,-0.629604
0.174727,0.042440,0.001719,0.152261,-0.414611,0.003181,-0.087489,-0.042466,-0.421356
0.174766,0.017640,-0.008869,0.169486,-0.426886,0.006626,-0.108266,-0.055816,-0.854554
0.174805,0.027322,-0.002390,0.157050,-0.453173,-0.023733,-0.110932,-0.073919,0.286015
0.174844,0.014640,-0.017516,0.154768,-0.447103,0.017423,-0.127171,-0.040468,0.189301
0.174883,0.032024,-0.003401,0.151301,-0.430586,0.012994,-0.064221,-0.090831,0.195000
0.174922,0.023348,-0.011255,0.141516,-0.430142,0.025127,-0.030011,-0.018481,0.085870
0.174961,0.024776,-0.021544,0.160422,-0.448498,-0.000669,-0.096273,-0.052499,0.489548
0.175000,0.019455,0.001266,0.143849,-0.444745,0.008457,-0.070125,-0.086778,0.309487
0.175039,0.035829,-0.029790,0.148538,-0.395477,-0.005534,-0.039428,-0.081205,-0.593288
0.175078,0.010875,0.005649,0.144954,-0.429640,0.029198,-0.049901,-0.077677,-0.488306
0.175117,0.013552,-0.030171,0.148716,-0.432505,-0.045078,-0.020098,-0.093809,0.068379
0.175156,0.015225,-0.015534,0.130934,-0.398586,-0.011267,-0.014756,-0.033823,0.049657
0.175195,0.021399,-0.018220,0.155962,-0.430100,-0.015892,-0.035825,-0.074537,0.115202
0.175234,0.026418,-0.006800,0.155410,-0.420401,-0.036376,0.018087,-0.028436,-0.775046
0.175273,0.031822,-0.005269,0.145376,-0.421754,0.005338,-0.027057,-0.069412,-0.167717
0.175313,0.007799,-0.036415,0.129670,-0.401261,0.029582,-0.068704,-0.056951,-0.392784
0.175352,0.009511,-0.005483,0.118784,-0.437101,-0.025966,0.019379,-0.061329,-0.308816
0.175391,0.020451,-0.010850,0.138226,-0.402910,0.005339,-0.015231,-0.049394,-0.235437
0.175430,0.006167,-0.025320,0.111535,-0.402791,-0.002437,0.060918,-0.055429,0.130963
0.175469,0.047977,-0.006057,0.105024,-0.396085,0.017871,0.024290,-0.063686,-0.170268
0.175508,0.024636,-0.000907,0.125709,-0.407417,0.007237,0.067957,-0.083527,-0.099573
0.175547,0.026635,-0.004182,0.105828,-0.410024,-0.023066,-0.025878,-0.098038,0.946222
0.175586,0.014226,-0.013277,0.109456,-0.405100,0.015882,0.037770,-0.037084,0.264609
0.175625,0.015435,-0.016906,0.114848,-0.413840,0.016500,0.062208,-0.089323,0.106484
0.175664,0.017874,-0.013520,0.091771,-0.362078,0.009413,-0.008607,-0.048953,0.081464
0.175703,0.036068,0.001105,0.086462,-0.377396,0.037504,0.002336,-0.073087,0.138410
0.175742,0.015815,-0.003146,0.095014,-0.394673,-0.025072,0.077113,-0.049749,0.695412
0.175781,0.013061,-0.000437,0.089540,-0.388391,-0.012188,0.077550,-0.087375,0.064793
0.175820,0.026079,-0.026106,0.104089,-0.395335,-0.006514,0.077706,-0.062506,-0.303496
0.175859,0.013834,-0.008449,0.111474,-0.371930,-0.010832,0.091888,-0.061511,-0.501438
0.175898,0.022288,-0.007263,0.118859,-0.381822,-0.016589,0.106341,-0.060899,-0.482985
0.175937,0.005483,-0.010768,0.105771,-0.361386,0.007011,0.064228,-0.044213,-0.320621
0.175977,0.025871,-0.019570,0.095499,-0.388174,-0.006397,0.102642,-0.070768,0.135574
0.176016,0.020876,-0.022520,0.107367,-0.352964,-0.006431,0.027908,-0.045660,0.040060
0.176055,0.006039,-0.005043,0.114517,-0.348751,-0.021787,0.047138,-0.048368,0.187837
0.176094,0.022737,-0.024011,0.098319,-0.324542,0.016276,0.086434,-0.054211,0.214373
0.176133,0.013508,-0.016587,0.081982,-0.355453,-0.006710,0.082024,-0.064874,0.010432
0.176172,0.017960,-0.027533,0.112323,-0.373889,-0.014336,0.115009,-0.062569,0.200209
0.176211,0.021173,-0.018961,0.046892,-0.361389,0.025752,0.147693,-0.078377,-0.441255
0.176250,0.017845,-0.032117,0.079549,-0.346282,-0.025495,0.097198,-0.050970,0.248559
0.176289,0.024673,-0.008485,0.113833,-0.357989,0.016730,0.136438,-0.036703,-0.479883
0.176328,0.006073,-0.004705,0.074576,-0.332369,0.008362,0.149816,-0.088243,0.571633
0.176367,0.006034,-0.019372,0.062970,-0.360918,0.012188,0.109218,0.028572,-0.305536
0.176406,0.017304,-0.024448,0.079718,-0.326664,0.005164,0.097921,0.114151,0.160237
0.176445,-0.002120,-0.008083,0.054768,-0.327066,0.002646,0.138210,0.120419,-0.073091
0.176484,0.025329,-0.004861,0.053350,-0.326687,0.005142,0.106454,-0.010575,0.432009
0.176523,0.016194,-0.029684,0.062902,-0.334884,-0.004492,0.147376,-0.128461,0.707572
0.176563,0.007621,-0.005839,0.063018,-0.334034,0.001099,0.164772,-0.197624,0.141268
0.176602,0.008119,-0.022028,0.073448,-0.324239,-0.028331,0.142136,-0.216169,-0.225154
0.176641,0.007733,-0.010711,0.055788,-0.350377,-0.015096,0.166134,-0.104881,0.517996
0.176680,0.001632,-0.010557,0.063113,-0.330252,0.004973,0.158815,-0.038159,-0.274482
0.176719,0.006525,-0.012463,0.053933,-0.324010,0.008344,0.182919,0.050966,0.389281
0.176758,0.012963,-0.020150,0.066624,-0.319883,-0.022349,0.163235,0.052452,0.097933
0.176797,0.008206,-0.005948,0.057284,-0.307116,-0.021643,0.208581,0.031394,-0.028483
0.176836,-0.011246,-0.024282,0.030326,-0.280183,-0.025368,0.180205,-0.092837,0.419255
0.176875,0.015018,-0.022843,0.031340,-0.293102,0.003971,0.144737,-0.139058,-0.164783
0.176914,-0.000805,-0.020046,0.041819,-0.294722,-0.002381,0.211777,-0.169834,0.626381
0.176953,-0.012291,-0.015859,0.031060,-0.289060,-0.010564,0.173850,-0.110428,-0.278291
0.176992,0.009741,-0.019983,0.047812,-0.267221,-0.018075,0.150181,-0.041201,-0.023682
0.177031,0.015643,-0.012459,0.049307,-0.289779,-0.000780,0.206651,0.013873,-0.685104
0.177070,0.002781,-0.003991,0.008355,-0.265635,-0.003410,0.182330,0.011271,-0.512470
0.177109,0.027122,-0.013454,0.032366,-0.293946,-0.014698,0.164635,0.013030,0.142393
0.177148,0.001214,-0.009310,0.039293,-0.266259,0.005296,0.157833,-0.083593,0.070802
0.177187,0.022425,-0.006748,0.026537,-0.255106,-0.016515,0.241048,-0.121339,-0.025961
0.177227,0.003444,-0.001646,0.018593,-0.269339,0.012452,0.222229,-0.151765,-0.116919
0.177266,0.003710,-0.017252,0.034015,-0.284138,-0.016431,0.231642,-0.142114,-0.578836
0.177305,-0.001354,-0.017399,0.034346,-0.253176,-0.018970,0.221642,-0.027754,0.289896
0.177344,0.003015,-0.018347,0.023826,-0.235241,-0.000646,0.209635,-0.019092,0.036406
0.177383,0.015754,-0.021468,0.036788,-0.229459,0.002598,0.176293,0.008831,0.032613
0.177422,0.016108,-0.013510,0.018814,-0.209573,-0.040028,0.144128,-0.001898,0.430120
0.177461,-0.014361,-0.010844,-0.000512,-0.240901,-0.019153,0.171488,-0.025184,-0.374536
0.177500,0.027132,-0.008294,0.017115,-0.207200,-0.037894,0.224085,-0.039398,-0.134837
0.177539,0.006551,-0.014429,-0.006212,-0.228105,0.016425,0.215242,-0.115739,0.226191
0.177578,-0.003074,-0.020590,-0.001126,-0.189656,0.008877,0.214962,-0.099294,-0.066894
0.177617,0.011446,-0.029281,-0.003743,-0.220925,0.008755,0.201960,-0.062425,-0.244929
0.177656,0.014231,-0.016050,-0.001529,-0.208042,0.012372,0.198749,-0.046819,-0.240181
0.177695,0.000333,-0.015474,0.023375,-0.199621,-0.031103,0.230247,-0.006107,0.419466
0.177734,-0.003166,-0.008173,-0.014903,-0.201024,-0.033726,0.153516,-0.009788,0.621368
0.177773,-0.005016,-0.004745,0.002755,-0.190650,-0.042458,0.237048,-0.031744,-0.340485
0.177813,0.011516,-0.000081,0.001894,-0.202930,-0.017139,0.203520,-0.053011,0.650169
0.177852,-0.005176,-0.017289,-0.003107,-0.179731,-0.011179,0.209728,-0.060300,0.291325
0.177891,-0.009393,-0.004279,-0.003002,-0.159499,0.000535,0.177177,-0.075806,0.649880
0.177930,0.006169,-0.018832,0.002804,-0.182140,0.002958,0.231716,-0.086855,0.010292
0.177969,0.010862,0.002871,-0.007930,-0.183878,-0.013049,0.165532,-0.029447,0.072773
0.178008,0.010427,-0.019706,-0.009570,-0.153359,-0.002937,0.218173,0.022771,-0.048249
0.178047,0.005596,-0.008959,-0.028027,-0.117912,0.030352,0.122690,0.026641,0.030874
0.178086,0.009385,-0.007943,-0.042311,-0.148006,-0.002905,0.170246,-0.035018,0.481891
0.178125,0.004733,-0.019090,-0.017751,-0.150339,-0.025204,0.127566,-0.074328,-0.027670
0.178164,-0.006437,0.000957,-0.035206,-0.146360,-0.027673,0.162064,-0.064109,0.536470
0.178203,-0.006859,-0.017503,-0.036399,-0.130489,-0.023167,0.130798,-0.084189,0.249340
0.178242,-0.001831,-0.015307,-0.008453,-0.152327,-0.039331,0.145960,-0.068227,0.413115
0.178281,0.006888,-0.020442,-0.035740,-0.127936,0.011748,0.151965,-0.028371,0.316380
0.178320,-0.005269,-0.020942,-0.014569,-0.114884,-0.008538,0.140268,-0.022211,0.063917
0.178359,0.000664,-0.009021,-0.038070,-0.105409,0.011589,0.113071,-0.036873,0.116890
0.178398,0.015947,0.004350,-0.045139,-0.097221,-0.006506,0.169638,-0.012606,0.020049
0.178437,0.013399,-0.023832,-0.058034,-0.098736,-0.015892,0.154742,-0.036163,0.102577
0.178477,0.041745,-0.008584,-0.044444,-0.092854,-0.005399,0.164208,-0.019725,0.034688
0.178516,0.004094,-0.025632,-0.044812,-0.086016,-0.021842,0.114536,-0.047688,0.047595
0.178555,0.012826,0.002277,-0.040309,-0.091420,-0.028935,0.181225,-0.045285,0.229639
0.178594,0.012411,-0.019830,-0.037325,-0.058492,-0.002487,0.109040,-0.022415,0.614507
0.178633,0.005161,-0.002858,-0.046324,-0.066623,-0.068553,0.117819,-0.039616,-0.093062
0.178672,0.027388,-0.027682,-0.050039,-0.063299,-0.026386,0.137100,0.003085,0.153894
0.178711,0.013959,-0.013440,-0.046412,-0.076603,-0.016603,0.110307,-0.035797,-0.140025
0.178750,0.007215,-0.034191,-0.044224,-0.046676,-0.001046,0.138484,-0.031742,-0.023229
0.178789,0.013861,-0.017220,-0.047149,-0.040897,-0.025842,0.196308,-0.056959,0.376067
0.178828,-0.015119,-0.012132,-0.051592,-0.015471,-0.029440,0.191360,-0.046954,0.336927
0.178867,0.023695,-0.013268,-0.054031,-0.023678,-0.030776,0.137659,-0.053467,0.207193
0.178906,0.010350,-0.012557,-0.073721,-0.029666,-0.001718,0.102234,-0.091296,0.513532
0.178945,0.003678,-0.019313,-0.039351,-0.036892,-0.047678,0.138933,-0.038296,-0.084143
0.178984,0.015094,-0.009951,-0.054610,-0.023497,0.000167,0.105746,0.002364,0.584023
0.179023,-0.003952,-0.025699,-0.074938,0.014544,-0.022858,0.076939,-0.007971,-0.031938
0.179063,0.019989,-0.015622,-0.064851,-0.018335,-0.022820,0.066810,-0.016054,0.878701
0.179102,0.013819,-0.025557,-0.056470,0.013570,-0.017265,0.127367,-0.028533,0.065023
0.179141,-0.013195,-0.020063,-0.079836,0.004932,-0.006459,0.091530,-0.022910,0.379277
0.179180,0.012443,-0.023982,-0.063850,0.017829,0.007226,0.144231,-0.031970,-0.119959
0.179219,-0.004948,-0.005484,-0.073652,0.013619,-0.029769,0.134033,-0.034989,0.289861
0.179258,0.020339,0.000210,-0.062481,0.026397,-0.028978,0.105305,-0.037043,0.554641
0.179297,-0.000383,-0.002421,-0.076773,0.036219,-0.017448,0.098128,-0.028476,-0.424434
0.179336,0.026097,-0.013451,-0.079027,0.050914,-0.040498,0.076510,-0.056460,0.448770
0.179375,0.008698,-0.011456,-0.062811,0.038031,-0.014509,0.107674,-0.003533,0.469692
0.179414,-0.007141,-0.036822,-0.114070,0.070462,-0.026791,0.094914,-0.032973,0.126109
0.179453,-0.013842,-0.030365,-0.082416,0.027923,-0.038588,0.096495,-0.029833,0.128320
0.179492,0.010438,-0.015810,-0.086844,0.082445,-0.026619,0.083628,-0.040058,-0.260227
0.179531,-0.010356,-0.014426,-0.096083,0.100266,-0.012164,0.152499,-0.022856,0.076333
0.179570,0.012816,-0.016243,-0.091815,0.081398,-0.009249,0.095891,-0.024455,-0.568538
0.179609,0.018832,-0.025158,-0.087695,0.093643,-0.017036,0.070641,-0.011045,-0.011461
0.179648,0.009002,-0.011996,-0.092642,0.079611,-0.058883,0.045581,-0.024193,-0.049252
0.179688,0.006450,-0.017888,-0.106012,0.070376,-0.011524,0.068890,0.024240,0.412590
0.179727,0.014399,-0.002605,-0.113051,0.103313,-0.046291,0.074642,-0.003776,-0.207684
0.179766,-0.003345,-0.017704,-0.114687,0.113338,-0.062036,0.083813,-0.054972,0.677565
0.179805,0.009745,-0.006260,-0.101743,0.108702,-0.037571,0.006153,-0.037776,0.063795
0.179844,0.019570,-0.014930,-0.103234,0.116788,-0.031987,0.035691,-0.003368,-0.245360
0.179883,0.015004,0.001025,-0.129351,0.124203,-0.009372,0.058746,-0.024891,0.122324
0.179922,0.000636,-0.004985,-0.131808,0.102692,-0.040578,0.016969,0.004332,-0.304771
0.179961,-0.003914,-0.014354,-0.105916,0.146949,-0.036698,0.042361,-0.004279,0.095392
0.180000,0.002895,-0.026887,-0.118076,0.128457,-0.010560,0.022228,-0.033739,0.575444
0.180039,0.007898,-0.029262,-0.122651,0.134584,-0.026308,-0.053054,-0.021619,-0.350908
0.180078,0.010596,-0.027950,-0.137182,0.149320,0.451735,0.032829,-0.016987,-1.040831
0.180117,0.009752,-0.020231,-0.121517,0.132763,1.113552,0.013062,-0.004845,0.189646
0.180156,0.006828,-0.007871,-0.149701,0.159851,0.646619,-0.023200,-0.021718,-0.326225
0.180195,0.021043,-0.004668,-0.128014,0.169648,-0.486202,-0.003163,-0.024929,-0.070725
0.180234,-0.018028,-0.005744,-0.119667,0.183335,-1.104659,0.028985,0.002954,-0.623991
0.180273,0.002637,-0.015801,-0.127678,0.181548,-0.646209,0.014249,0.027155,0.492395
0.180312,0.022145,-0.010941,-0.117235,0.178388,0.312671,0.013011,-0.027830,-0.642113
0.180352,0.013535,-0.009769,-0.123359,0.177963,0.910008,-0.015907,-0.006623,-0.110676
0.180391,0.019289,-0.018070,-0.146095,0.193169,0.628144,-0.053015,0.026839,-0.094708
0.180430,-0.000704,-0.021168,-0.123715,0.197054,-0.291980,0.025686,0.008493,-0.432468
0.180469,-0.016806,-0.006035,-0.128520,0.206758,-0.877174,-0.035810,-0.010351,-0.010692
0.180508,0.006126,-0.031531,-0.140531,0.214301,-0.602076,-0.022073,0.018216,-0.410590
0.180547,0.012670,-0.022536,-0.159176,0.220486,0.194326,-0.073223,-0.030280,-0.206114
0.180586,0.012078,-0.018657,-0.154144,0.231055,0.724882,0.005990,-0.023310,-0.145447
0.180625,0.004086,-0.014810,-0.157018,0.242050,0.597204,-0.052344,0.000907,-0.611325
0.180664,0.017396,-0.020042,-0.158403,0.237382,-0.171048,-0.008349,-0.001122,0.002093
0.180703,0.002034,-0.014194,-0.139044,0.252964,-0.715690,-0.061418,-0.020932,-0.444515
0.180742,0.018262,-0.001789,-0.143407,0.228634,-0.512758,-0.015663,0.018502,0.093394
0.180781,-0.008849,-0.023587,-0.149708,0.242472,0.042571,-0.034483,-0.000762,0.181240
0.180820,0.007594,-0.032096,-0.156342,0.262475,0.567424,-0.063723,0.020018,-0.046216
0.180859,0.009810,-0.028420,-0.181751,0.271252,0.462536,-0.040914,-0.017483,-0.408715
0.180898,0.004891,-0.015555,-0.167535,0.305312,-0.070099,-0.123551,0.005149,-0.244558
0.180938,0.018790,-0.009540,-0.166962,0.276044,-0.579373,-0.022496,-0.005052,-0.407204
0.180977,0.003641,-0.040404,-0.152334,0.278999,-0.525453,-0.093916,0.011221,-0.161390
0.181016,0.008984,-0.026154,-0.143802,0.277811,-0.034632,-0.129304,-0.034008,-0.054568
0.181055,0.022254,-0.028569,-0.168581,0.304809,0.446162,-0.075451,0.009799,-0.466826
0.181094,-0.000724,-0.008546,-0.177902,0.295211,0.409452,-0.095371,-0.006365,0.349995
0.181133,0.019231,-0.005513,-0.162043,0.286763,-0.040197,-0.045136,0.002344,-0.376955
0.181172,0.007838,-0.037920,-0.183120,0.274812,-0.452250,-0.054838,-0.019703,-0.410404
0.181211,0.011495,-0.017481,-0.195286,0.324983,-0.432115,-0.097064,0.010127,-1.220035
0.181250,-0.003468,-0.022145,-0.169054,0.307219,-0.087256,-0.147111,-0.002874,-0.020319
0.181289,-0.004345,-0.024127,-0.175903,0.307138,0.318084,-0.112193,0.009707,-0.500738
0.181328,0.007599,-0.019463,-0.191164,0.324481,0.373406,-0.052856,0.008220,-0.903857
0.181367,0.005263,-0.038619,-0.194949,0.336815,-0.004524,-0.105330,-0.036388,-0.066166
0.181406,0.017161,-0.024475,-0.194585,0.353790,-0.365403,-0.123252,-0.010219,-0.173100
0.181445,0.022852,-0.014890,-0.207913,0.363968,-0.379104,-0.084784,-0.004859,-0.247930
0.181484,0.006054,-0.015069,-0.184949,0.363395,-0.119240,-0.101984,0.000489,-0.414301
0.181523,0.010828,-0.009200,-0.199720,0.346382,0.231825,-0.159680,-0.012347,-0.839139
0.181562,-0.001726,-0.024339,-0.202439,0.355160,0.281289,-0.055744,-0.025141,-0.721386
0.181602,-0.001178,-0.023248,-0.186473,0.353672,0.018175,-0.168656,0.000302,0.313904
0.181641,0.007360,-0.022722,-0.199636,0.354015,-0.301342,-0.117551,-0.008424,-0.115415
0.181680,0.010271,-0.016792,-0.191689,0.360390,-0.370407,-0.144604,-0.015685,-0.232152
0.181719,0.009532,-0.020744,-0.193301,0.365564,-0.108641,-0.082132,0.032736,0.033673
0.181758,0.005714,-0.018956,-0.222181,0.386730,0.160116,-0.138026,-0.016280,-0.056787
0.181797,-0.002634,-0.027446,-0.207368,0.384341,0.246323,-0.143653,0.003377,-0.114495
0.181836,-0.015835,-0.020768,-0.208158,0.383280,0.058396,-0.147045,0.001433,-0.172724
0.181875,0.015575,-0.017149,-0.199590,0.359808,-0.200659,-0.141257,0.018157,-0.156962
0.181914,0.001075,-0.024584,-0.217237,0.365146,-0.291298,-0.107909,-0.004220,-0.289253
0.181953,0.010569,-0.041148,-0.204685,0.409758,-0.107296,-0.164769,0.020940,-0.596230
0.181992,-0.001197,-0.031100,-0.224558,0.398606,0.147679,-0.142280,0.016767,-0.737714
0.182031,0.004266,-0.044477,-0.215457,0.387391,0.171463,-0.221183,0.018358,0.259698
0.182070,-0.007879,-0.021860,-0.213781,0.420917,0.031293,-0.175753,0.029779,-0.505194
0.182109,0.005760,-0.014691,-0.217352,0.409106,-0.135633,-0.126494,0.005871,0.555045
0.182148,0.021332,-0.026727,-0.233109,0.383064,-0.243023,-0.177576,-0.008350,-0.168864
0.182188,-0.000479,-0.021693,-0.232755,0.390167,-0.138647,-0.175585,0.030128,0.003639
0.182227,-0.018884,-0.021374,-0.234856,0.414507,0.112834,-0.174317,0.015281,-0.383982
0.182266,-0.014099,-0.027326,-0.243639,0.417128,0.146659,-0.208971,0.028032,-0.194481
0.182305,0.008430,-0.023022,-0.203642,0.408815,0.051484,-0.139683,0.003979,-0.294147
0.182344,0.005478,-0.034718,-0.226395,0.435610,-0.118354,-0.166519,0.019559,-0.273790
0.182383,0.008725,-0.018418,-0.243124,0.433968,-0.254133,-0.165156,0.007389,-0.439958
0.182422,0.004797,-0.021284,-0.237004,0.437285,-0.154763,-0.122824,0.021511,0.364042
0.182461,-0.006580,-0.033818,-0.263634,0.435547,0.024282,-0.168920,0.044771,0.134077
0.182500,0.011062,-0.029952,-0.241135,0.455586,0.092428,-0.179188,0.010065,-0.248096
0.182539,-0.001468,-0.021563,-0.240602,0.436970,0.056443,-0.152848,0.019259,-0.135197
0.182578,0.013984,-0.019299,-0.236364,0.444612,-0.107728,-0.173720,0.001932,0.164163
0.182617,0.013302,-0.029486,-0.261759,0.453227,-0.193480,-0.106601,0.004883,0.546610
0.182656,0.020908,-0.053520,-0.238991,0.464941,-0.135234,-0.208226,-0.019835,-0.296109
0.182695,0.004365,-0.033480,-0.259489,0.447165,-0.058951,-0.142456,0.004861,-0.120477
0.182734,0.001248,-0.026199,-0.275069,0.471172,0.059178,-0.228882,-0.000406,-0.270317
0.182773,0.000154,-0.041366,-0.234056,0.475744,0.044776,-0.162928,-0.029835,0.161148
0.182812,-0.003700,-0.033941,-0.274825,0.467049,-0.141971,-0.175284,-0.001268,-0.030002
0.182852,-0.003472,-0.016621,-0.246102,0.481911,-0.189079,-0.168085,0.001247,0.020593
0.182891,0.015843,-0.037975,-0.269556,0.464422,-0.150769,-0.188144,-0.008172,0.219188
0.182930,0.002370,-0.019446,-0.279451,0.469354,0.000642,-0.206150,0.023083,0.395510
0.182969,-0.007986,-0.017403,-0.261561,0.467421,0.084254,-0.216940,-0.012677,0.029429
0.183008,-0.020755,-0.035421,-0.279882,0.477072,0.024408,-0.140817,-0.023026,0.365651
0.183047,-0.007481,-0.035427,-0.284967,0.483150,-0.045781,-0.194814,0.015713,0.277889
0.183086,-0.016314,-0.034957,-0.255549,0.447549,-0.179802,-0.176006,-0.000824,0.481113
0.183125,-0.004814,-0.024854,-0.265135,0.444602,-0.099224,-0.187998,0.019720,0.833301
0.183164,-0.004387,-0.027107,-0.274165,0.465774,-0.058321,-0.188148,0.035926,0.889943
0.183203,0.004228,-0.046502,-0.259042,0.492870,0.040090,-0.165370,0.015533,-0.370777
0.183242,-0.017025,-0.014293,-0.252466,0.494397,-0.001310,-0.160290,0.044537,0.005495
0.183281,0.002589,-0.032209,-0.267988,0.494099,-0.068959,-0.205819,0.007504,0.020156
0.183320,0.010147,-0.050445,-0.307576,0.449247,-0.137778,-0.169071,0.040733,1.042308
0.183359,-0.001403,-0.042687,-0.281221,0.493255,-0.091468,-0.258364,0.026692,0.723033
0.183398,-0.010027,-0.010405,-0.309435,0.477768,-0.050811,-0.151294,0.016703,-1.056046
0.183438,0.002404,-0.028670,-0.304682,0.498842,0.038190,-0.208072,0.002021,0.830459
0.183477,-0.001688,-0.025621,-0.291101,0.487069,-0.013550,-0.255491,0.022106,-0.001002
0.183516,-0.001046,-0.043457,-0.291148,0.470097,-0.089256,-0.168139,-0.005259,-0.167235
0.183555,-0.002496,-0.041309,-0.303564,0.487888,-0.151213,-0.173552,0.002956,0.231435
0.183594,-0.029788,-0.029144,-0.313036,0.461424,-0.101841,-0.187264,-0.010981,0.199493
0.183633,0.002155,-0.030427,-0.310729,0.463363,-0.086876,-0.200335,-0.018183,-0.392517
0.183672,-0.011045,-0.028405,-0.300707,0.442677,0.002130,-0.164460,0.012398,-0.390145
0.183711,0.020109,-0.025335,-0.299006,0.509629,-0.021919,-0.137911,0.021975,-0.167761
0.183750,-0.010008,-0.036455,-0.294306,0.460103,-0.045117,-0.176313,0.028127,0.452190
0.183789,-0.023615,-0.029450,-0.291879,0.459740,-0.111324,-0.175442,0.025023,0.038907
0.183828,-0.011615,-0.029646,-0.302875,0.483017,-0.114640,-0.180784,-0.005166,-0.046539
0.183867,-0.003436,-0.025610,-0.307809,0.476564,-0.071647,-0.189447,-0.023149,0.512357
0.183906,-0.012886,-0.031341,-0.334006,0.465224,-0.044338,-0.199383,0.021185,0.330285
0.183945,-0.010993,-0.038297,-0.310320,0.446397,-0.018892,-0.184266,0.011215,-0.352363
0.183984,-0.005897,-0.042262,-0.312134,0.476233,-0.087128,-0.157122,0.015790,0.261292
0.184023,-0.020384,-0.021181,-0.315964,0.473677,-0.088842,-0.249564,0.019336,0.025455
0.184062,-0.015907,-0.024226,-0.333087,0.472259,-0.092763,-0.177782,0.002006,-0.325438
0.184102,-0.022648,-0.059972,-0.325587,0.490782,-0.092445,-0.181354,0.035992,0.016576
0.184141,-0.021679,-0.034875,-0.318079,0.491714,-0.019582,-0.135085,0.009045,0.080452
0.184180,-0.015530,-0.033829,-0.321461,0.460074,-0.037654,-0.213205,0.022190,0.537964
0.184219,-0.001642,-0.047867,-0.319391,0.436752,-0.066994,-0.167342,-0.005803,-0.498224
0.184258,0.002354,-0.037125,-0.323693,0.469271,-0.090410,-0.160434,0.017401,0.161569
0.184297,-0.003260,-0.039231,-0.327513,0.459598,-0.066345,-0.186247,0.015341,0.142289
0.184336,-0.003875,-0.028807,-0.323716,0.459910,-0.126046,-0.168074,0.020452,0.476547
0.184375,-0.020135,-0.049208,-0.343667,0.465909,-0.035016,-0.121599,0.035723,0.245106
0.184414,0.003146,-0.047995,-0.352687,0.449626,-0.021197,-0.216394,0.029402,-0.393370
0.184453,-0.014845,-0.037692,-0.331234,0.454321,-0.083838,-0.224158,0.014674,0.768606
0.184492,-0.023422,-0.041654,-0.341035,0.468349,-0.076135,-0.192739,0.021714,0.614865
0.184531,-0.001888,-0.035529,-0.348830,0.469876,-0.087522,-0.209052,0.015090,-0.345521
0.184570,-0.013519,-0.026461,-0.330194,0.436353,-0.076815,-0.137238,0.018981,-0.434284
0.184609,-0.015186,-0.026258,-0.344887,0.443827,-0.038815,-0.175294,0.040429,0.438873
0.184648,-0.014896,-0.029077,-0.359916,0.464125,-0.018986,-0.178466,0.069250,0.232269
0.184688,-0.002731,-0.034929,-0.358627,0.439625,-0.028134,-0.165836,0.107656,0.562006
0.184727,-0.008609,-0.032899,-0.345113,0.427628,-0.092331,-0.209624,0.074491,0.094903
0.184766,0.005736,-0.045111,-0.371472,0.416667,-0.079922,-0.167797,0.044348,0.157395
0.184805,-0.033895,-0.043315,-0.387205,0.427708,-0.091226,-0.210945,0.008605,0.367766
0.184844,-0.032437,-0.040053,-0.378702,0.420709,-0.063424,-0.094406,-0.047179,0.493736
0.184883,-0.023088,-0.031206,-0.353067,0.398279,-0.032834,-0.188129,-0.094834,0.479487
0.184922,-0.008189,-0.042565,-0.381257,0.429066,-0.081268,-0.184592,-0.001551,0.310320
0.184961,-0.012329,-0.034718,-0.347320,0.407895,-0.083019,-0.136974,0.054716,-0.049921
0.185000,-0.008346,-0.017004,-0.343570,0.414707,-0.099881,-0.110365,0.077098,0.439162
0.185039,-0.008085,-0.042436,-0.362977,0.415076,-0.073331,-0.146238,0.068139,0.314998
0.185078,-0.011050,-0.043939,-0.364287,0.425949,-0.080813,-0.182439,0.075565,0.522271
0.185117,-0.019890,-0.024731,-0.376934,0.418561,-0.026428,-0.099529,0.014415,-0.699361
0.185156,-0.018439,-0.041974,-0.392935,0.372343,-0.045691,-0.142138,-0.021818,0.136547
0.185195,-0.029625,-0.042455,-0.379864,0.397561,-0.117490,-0.183019,-0.017276,-0.228509
0.185234,-0.035507,-0.036707,-0.377859,0.415212,-0.081403,-0.092658,0.011188,0.696283
0.185273,-0.006593,-0.033035,-0.388822,0.398275,-0.076311,-0.168468,0.027556,0.122094
0.185312,-0.014820,-0.035272,-0.372066,0.382420,-0.061390,-0.169125,0.035160,0.212936
0.185352,-0.025391,-0.015851,-0.394665,0.330074,-0.069476,-0.122648,0.065345,-0.478629
0.185391,-0.018839,-0.031916,-0.383743,0.360424,-0.070760,-0.114404,0.083821,-0.095818
0.185430,-0.038394,-0.032893,-0.408139,0.364642,-0.085830,-0.112924,0.032130,-0.422376
0.185469,-0.003508,-0.039284,-0.383868,0.343915,-0.101185,-0.094023,-0.030784,-0.100396
0.185508,-0.041627,-0.042549,-0.391589,0.377924,-0.062187,-0.129539,-0.015479,0.413424
0.185547,-0.025572,-0.034822,-0.405843,0.363122,-0.094227,-0.096026,-0.004209,0.204922
0.185586,-0.026976,-0.029315,-0.396912,0.347574,-0.041878,-0.095757,0.038782,-0.068297
0.185625,-0.022254,-0.049070,-0.391329,0.359158,-0.065753,-0.133533,0.069654,0.210712
0.185664,-0.024796,-0.041336,-0.372753,0.355551,-0.065279,-0.084947,0.078161,-0.355794
0.185703,-0.021188,-0.024055,-0.406813,0.354571,-0.067145,-0.058595,0.076074,0.197411
0.185742,-0.031652,-0.044378,-0.392136,0.352653,-0.065920,-0.103117,0.048892,0.235911
0.185781,-0.030348,-0.041207,-0.400872,0.341671,-0.075265,-0.147591,0.000048,0.476263
0.185820,-0.019889,-0.039287,-0.399227,0.279394,-0.084358,-0.129248,-0.001996,0.135294
0.185859,-0.030610,-0.045538,-0.406934,0.318618,-0.081005,-0.097192,0.002526,-0.060561
0.185898,-0.051442,-0.025908,-0.414121,0.301803,-0.100515,-0.138169,0.012342,-0.244384
0.185938,-0.022168,-0.042479,-0.389593,0.347407,-0.078562,-0.102907,0.067203,-0.085239
0.185977,-0.032193,-0.038994,-0.409575,0.298115,-0.056251,-0.159528,0.053951,0.193650
0.186016,-0.009535,-0.028576,-0.405982,0.285966,-0.089084,-0.086044,0.067046,0.007672
0.186055,-0.021219,-0.034038,-0.420356,0.285642,-0.054250,-0.112329,0.038845,0.007981
0.186094,-0.030171,-0.039595,-0.411541,0.267830,-0.117344,-0.142920,0.025620,0.280286
0.186133,-0.033416,-0.035242,-0.406973,0.284734,-0.079334,-0.145562,-0.021463,0.329135
0.186172,-0.017983,-0.033594,-0.403295,0.261716,-0.085720,-0.083411,0.012454,-0.067959
0.186211,-0.032636,-0.028823,-0.409030,0.269245,-0.075882,-0.090002,0.075196,0.280774
0.186250,-0.051225,-0.041333,-0.428961,0.255255,-0.078697,-0.098114,0.018468,0.453798
0.186289,-0.029105,-0.024314,-0.423349,0.239708,-0.090537,-0.084283,0.012475,-0.278675
0.186328,-0.026824,-0.037333,-0.445346,0.241148,-0.064925,-0.066555,0.043221,-0.157391
0.186367,-0.046050,-0.037021,-0.428792,0.211627,-0.054458,-0.075947,0.022207,-0.380671
0.186406,-0.031468,-0.024934,-0.410253,0.215908,-0.107233,-0.077757,-0.000822,-0.019194
0.186445,-0.038118,-0.035194,-0.438977,0.248025,-0.117300,-0.054771,0.007236,0.103387
0.186484,-0.035215,-0.043946,-0.411784,0.234693,-0.069037,-0.098379,-0.012145,-0.218468
0.186523,-0.016730,-0.031897,-0.403410,0.200266,-0.034621,-0.030293,0.033466,0.377589
0.186562,-0.029153,-0.030453,-0.425885,0.227150,-0.096063,-0.076832,0.034257,0.256592
0.186602,-0.016305,-0.036187,-0.435262,0.206404,-0.050403,-0.053041,0.055348,0.361732
0.186641,-0.046221,-0.038268,-0.436508,0.203647,-0.109952,-0.072963,0.035646,0.506531
0.186680,-0.033392,-0.049231,-0.415422,0.196456,-0.065764,0.012330,0.055898,0.034446
0.186719,-0.028635,-0.065980,-0.433694,0.181868,-0.102954,-0.024194,0.013459,0.004156
0.186758,-0.035335,-0.033188,-0.421685,0.182915,-0.065518,-0.070787,0.020316,-0.074515
0.186797,-0.050295,-0.035682,-0.440658,0.169319,-0.066298,-0.070655,0.028931,0.400262
0.186836,-0.040986,-0.028510,-0.406478,0.186002,-0.108017,-0.042224,0.054142,0.328376
0.186875,-0.032380,-0.030310,-0.442987,0.184701,-0.075417,-0.001632,0.033689,0.304939
0.186914,-0.035561,-0.033141,-0.423716,0.182861,-0.048826,-0.035259,0.040776,0.879140
0.186953,-0.044036,-0.036981,-0.448680,0.161875,-0.091717,0.009517,0.032627,-0.005872
0.186992,-0.040764,-0.025357,-0.435370,0.151265,-0.067829,-0.105645,0.037753,0.137753
0.187031,-0.022511,-0.019458,-0.441713,0.131375,-0.104121,-0.017277,0.047908,0.652913
0.187070,-0.051992,-0.038845,-0.450417,0.148856,-0.063974,-0.008259,0.036080,-0.244798
0.187109,-0.044102,-0.030046,-0.456958,0.105135,-0.061240,-0.031711,0.033601,-0.372046
0.187148,-0.044501,-0.038903,-0.463805,0.110390,-0.068408,0.026129,0.014701,0.038899
0.187188,-0.032434,-0.031235,-0.443215,0.110954,-0.060922,-0.007699,0.037512,0.315781
0.187227,-0.037170,-0.034350,-0.437906,0.111730,-0.063621,-0.022428,0.050951,0.132431
0.187266,-0.049423,-0.021474,-0.440960,0.101127,-0.048327,-0.057941,0.063656,0.583797
0.187305,-0.044533,-0.039182,-0.457761,0.068892,-0.056434,-0.029511,0.010951,0.068514
0.187344,-0.038309,-0.042624,-0.439647,0.094245,-0.048600,0.039722,0.032040,0.199804
0.187383,-0.041798,-0.027787,-0.461815,0.067190,-0.047240,0.042343,0.020927,0.693248
0.187422,-0.036230,-0.045253,-0.447783,0.074711,-0.085302,0.006531,0.030615,0.119673
0.187461,-0.062797,-0.039385,-0.436979,0.061651,-0.082313,0.042276,0.040443,0.374608
0.187500,-0.038116,-0.032162,-0.460078,0.053975,-0.057010,-0.052085,-0.000714,0.657740
0.187539,-0.026113,-0.024536,-0.441810,0.034399,-0.075388,-0.002205,0.046922,-0.074879
0.187578,-0.040699,-0.020289,-0.445308,0.026807,-0.072733,-0.031925,0.051908,-0.376638
0.187617,-0.045593,-0.040962,-0.466080,0.010869,-0.054218,-0.019514,0.021258,-0.034312
0.187656,-0.031234,-0.040077,-0.463246,0.030314,-0.069302,0.034124,0.039443,0.093566
0.187695,-0.041650,-0.021100,-0.462573,0.005201,-0.078767,-0.010566,0.054254,0.437311
0.187734,-0.042214,-0.032404,-0.448050,0.016705,-0.093906,0.055700,0.043684,0.635543
0.187773,-0.049438,-0.037377,-0.480033,0.036017,-0.091170,-0.026450,0.015629,0.097498
0.187812,-0.061704,-0.033393,-0.465802,-0.011027,-0.071389,0.021474,0.034377,0.242703
0.187852,-0.043193,-0.025797,-0.472483,0.003931,-0.065350,0.039115,0.035758,0.253774
0.187891,-0.042140,-0.022986,-0.446088,-0.016213,-0.081886,-0.001422,0.047331,-0.354668
0.187930,-0.060998,-0.005510,-0.456834,-0.021147,-0.064115,0.012597,0.046132,-0.032029
0.187969,-0.041751,-0.018084,-0.472137,-0.006093,-0.070004,0.034583,0.027579,-0.021892
0.188008,-0.044122,-0.026740,-0.470710,-0.030818,-0.052729,-0.000198,0.027578,1.261486
0.188047,-0.034305,-0.020988,-0.450459,-0.060816,-0.058760,0.038148,0.040252,0.199609
0.188086,-0.053398,-0.040507,-0.456808,-0.080116,-0.053566,0.042091,0.026055,0.671235
0.188125,-0.043054,-0.021279,-0.465783,-0.042514,-0.110008,0.049230,0.028613,-0.501432
0.188164,-0.059753,-0.025606,-0.464698,-0.067925,-0.040769,0.041322,0.031795,-0.446179
0.188203,-0.048454,-0.024856,-0.464508,-0.083071,-0.066974,0.021067,0.014941,-0.622566
0.188242,-0.046598,-0.018761,-0.461259,-0.070454,-0.086770,0.067868,0.035660,-0.524855
0.188281,-0.043359,-0.031204,-0.442445,-0.079900,-0.063919,0.065590,0.026183,0.379897
0.188320,-0.023145,-0.006029,-0.451367,-0.090682,-0.061209,0.091674,0.021417,-0.155875
0.188359,-0.054126,-0.018591,-0.461639,-0.101136,-0.051924,0.013485,0.025339,0.161234
0.188398,-0.042385,-0.034018,-0.460064,-0.093522,-0.065309,0.120503,0.042429,-0.396930
0.188438,-0.042509,-0.023629,-0.484687,-0.113767,-0.051118,0.041423,0.020932,0.411331
0.188477,-0.046989,-0.026871,-0.473026,-0.105686,-0.055670,0.053351,0.012198,0.264960
0.188516,-0.036455,-0.022526,-0.454197,-0.125203,-0.067301,0.022346,0.047553,0.054948
0.188555,-0.046145,-0.031492,-0.460790,-0.126602,-0.094888,0.099522,0.040456,0.350308
0.188594,-0.034961,-0.036189,-0.475463,-0.141803,-0.092091,0.061516,0.018837,-0.332930
0.188633,-0.045010,-0.025822,-0.468228,-0.100480,-0.082680,0.031199,0.038071,0.092675
0.188672,-0.062119,-0.029393,-0.448941,-0.166056,-0.089097,0.071999,0.023492,-0.236052
0.188711,-0.050962,-0.028229,-0.460533,-0.187919,-0.079018,0.083126,0.059730,-0.109182
0.188750,-0.052033,-0.024001,-0.467006,-0.171152,-0.047600,0.011492,0.045477,-0.541160
0.188789,-0.038680,-0.011048,-0.464720,-0.182085,-0.055572,0.021724,0.031308,0.223467
0.188828,-0.042821,-0.021527,-0.472155,-0.190065,-0.049546,0.105992,0.020769,0.419077
0.188867,-0.052377,-0.018643,-0.462557,-0.210073,-0.027945,0.075612,0.007910,-0.286464
0.188906,-0.048610,-0.032313,-0.469756,-0.198763,-0.051541,0.080298,0.029142,-0.074588
0.188945,-0.038509,-0.010336,-0.449236,-0.199019,-0.030268,0.087852,0.015441,0.234035
0.188984,-0.043888,-0.004169,-0.482575,-0.161754,-0.056619,0.105605,0.030068,-0.535823
0.189023,-0.042703,-0.017474,-0.468836,-0.228872,-0.070467,0.109837,0.032002,-0.436830
0.189062,-0.061610,-0.028237,-0.433719,-0.219557,-0.073668,0.149566,0.063225,0.243513
0.189102,-0.054904,-0.004170,-0.481627,-0.230242,-0.103028,0.076989,0.028052,-0.550674
0.189141,-0.042641,-0.025601,-0.440131,-0.196906,-0.055392,0.050702,-0.023057,-0.259339
0.189180,-0.056655,-0.028062,-0.464704,-0.202036,-0.051728,0.107421,0.041317,-0.348795
0.189219,-0.042513,-0.022297,-0.473799,-0.223285,-0.070873,0.101643,0.042103,-0.655502
0.189258,-0.040832,-0.013005,-0.436667,-0.252976,-0.049745,0.042338,0.047001,-0.008320
0.189297,-0.054924,-0.011446,-0.470013,-0.225329,-0.038685,0.087538,0.024391,-0.429275
0.189336,-0.037721,-0.016992,-0.473249,-0.262636,-0.016923,0.196846,0.058181,0.074028
0.189375,-0.056610,-0.014618,-0.454212,-0.252417,-0.074391,0.087950,0.016272,-0.879382
0.189414,-0.056402,-0.008433,-0.480110,-0.294947,-0.103053,0.089436,-0.002733,-0.829341
0.189453,-0.051642,-0.022879,-0.468720,-0.276372,-0.039074,0.043294,0.032768,-0.252237
0.189492,-0.042018,-0.017101,-0.455493,-0.272680,-0.054502,0.114226,0.047045,0.092194
0.189531,-0.047299,-0.002640,-0.443348,-0.307485,-0.035229,0.135130,0.022658,0.286536
0.189570,-0.050554,-0.020139,-0.462139,-0.301071,-0.044644,0.117259,0.037252,-0.312203
0.189609,-0.057084,-0.007422,-0.464631,-0.293045,-0.017137,0.154431,0.028738,-0.646888
0.189648,-0.066424,-0.005037,-0.473949,-0.297655,-0.058944,0.133427,0.041125,0.007998
0.189688,-0.042479,-0.017918,-0.455574,-0.309428,-0.069844,0.053914,0.039428,-0.667100
0.189727,-0.050481,-0.008151,-0.465266,-0.312470,0.175642,0.111225,0.007552,-0.595500
0.189766,-0.047165,-0.015976,-0.443003,-0.303191,1.033450,0.046275,0.032063,-0.299390
0.189805,-0.048663,-0.009640,-0.460644,-0.320595,0.775564,0.097973,0.031639,-0.262306
0.189844,-0.046869,-0.010746,-0.448206,-0.331147,-0.220267,0.060493,0.043745,-0.346109
0.189883,-0.046229,-0.020168,-0.442201,-0.323838,-1.003032,0.123588,0.039547,-0.580992
0.189922,-0.049864,-0.015759,-0.456709,-0.344494,-0.825926,0.143872,0.044412,-1.144506
0.189961,-0.055154,-0.002593,-0.460857,-0.370038,0.060278,0.120761,0.024969,-0.398108
0.190000,-0.038003,-0.019336,-0.443877,-0.318948,0.801966,0.146414,0.029894,0.119221
0.190039,-0.061517,-0.021438,-0.447686,-0.379984,0.682557,0.111050,0.052703,0.098469
0.190078,-0.040714,-0.032537,-0.453193,-0.352519,-0.135319,0.099521,0.032240,0.268578
0.190117,-0.052912,-0.011297,-0.431001,-0.367066,-0.818302,0.145358,0.016205,-0.073339
0.190156,-0.055933,0.000648,-0.455750,-0.380523,-0.736062,0.114469,0.044550,-0.292527
0.190195,-0.042978,0.005586,-0.442331,-0.357209,-0.055555,0.124141,0.033917,-0.448998
0.190234,-0.057964,-0.032363,-0.458692,-0.359205,0.617462,0.107842,0.044830,0.081695
0.190273,-0.060207,-0.003200,-0.435982,-0.390103,0.598199,0.073189,0.063180,-0.645740
0.190312,-0.067144,-0.006099,-0.444843,-0.415375,-0.017196,0.125268,0.047090,-0.061579
0.190352,-0.048215,-0.005076,-0.429166,-0.428623,-0.626143,0.051141,0.023521,-0.624596
0.190391,-0.065406,-0.013133,-0.428324,-0.411988,-0.664658,0.074337,0.019733,0.058011
0.190430,-0.043374,-0.008548,-0.450475,-0.419269,-0.077987,0.112513,0.046500,-0.927232
0.190469,-0.066524,-0.011152,-0.448672,-0.420678,0.472626,0.075257,0.008098,0.276020
0.190508,-0.059956,-0.020256,-0.435720,-0.416424,0.514517,0.139205,0.013785,0.038891
0.190547,-0.042985,-0.007597,-0.436506,-0.393886,0.020923,0.135346,0.044479,-0.077622
0.190586,-0.054678,0.003077,-0.435057,-0.418207,-0.467091,0.105353,0.051838,0.127532
0.190625,-0.035869,-0.028549,-0.443038,-0.432755,-0.562132,0.056054,0.041268,0.443132
0.190664,-0.044705,0.011279,-0.448917,-0.406173,-0.094136,0.146025,0.063773,-0.722319
0.190703,-0.060851,-0.002967,-0.417356,-0.409787,0.331712,0.112176,0.020487,-0.289558
0.190742,-0.058592,-0.003181,-0.441479,-0.436141,0.421545,0.084740,0.041922,-0.955649
0.190781,-0.048885,0.002874,-0.430064,-0.419742,0.035716,0.107450,0.025221,-0.193308
0.190820,-0.031423,-0.013836,-0.432879,-0.450860,-0.377965,0.118096,0.015343,0.055983
0.190859,-0.040727,0.002637,-0.416616,-0.469797,-0.484550,0.086078,0.027694,0.282542
0.190898,-0.060360,0.016980,-0.424562,-0.435083,-0.128136,0.084264,-0.003925,-0.116105
0.190938,-0.047782,0.009429,-0.416055,-0.464524,0.291857,0.076024,0.037495,0.505758
0.190977,-0.043171,0.000574,-0.423776,-0.445564,0.356902,0.120654,0.041602,0.446288
0.191016,-0.045164,0.012115,-0.411693,-0.446722,0.062738,0.091310,0.047771,-0.000420
0.191055,-0.037216,0.000321,-0.398960,-0.485641,-0.259840,0.078457,0.022787,-0.088340
0.191094,-0.052490,-0.000480,-0.412592,-0.436581,-0.405380,0.107367,0.024203,0.131648
0.191133,-0.050869,0.003872,-0.417352,-0.451519,-0.162251,0.065776,0.046593,0.183342
0.191172,-0.022987,-0.013849,-0.406314,-0.457687,0.204431,0.096965,0.035818,0.368948
0.191211,-0.028408,0.006558,-0.404885,-0.471566,0.319177,0.004377,0.041353,0.156045
0.191250,-0.042698,-0.013244,-0.406944,-0.465240,0.085412,0.115262,0.010585,0.038424
0.191289,-0.049843,-0.001255,-0.434399,-0.488268,-0.218905,0.082780,0.032330,-0.178663
0.191328,-0.032458,-0.016325,-0.414647,-0.479307,-0.349373,0.041103,0.001288,0.142410
0.191367,-0.041022,0.006329,-0.378012,-0.485314,-0.146408,0.027462,0.010667,0.402016
0.191406,-0.058563,-0.001596,-0.407797,-0.473896,0.125659,0.027818,0.055809,0.260557
0.191445,-0.039393,-0.012409,-0.410461,-0.471461,0.228344,0.075281,0.047285,-0.493421
0.191484,-0.059506,-0.016526,-0.411699,-0.472013,0.087620,0.083405,0.038044,0.015696
0.191523,-0.064091,0.008662,-0.406237,-0.493875,-0.121018,0.099325,0.031919,0.058851
0.191562,-0.074026,0.005308,-0.378419,-0.479263,-0.305448,0.020780,0.048545,-0.151780
0.191602,-0.051527,0.006597,-0.397550,-0.487500,-0.138473,0.034719,0.021356,0.284639
0.191641,-0.041676,0.001210,-0.404824,-0.484521,0.085608,0.004538,-0.012691,-0.099217
0.191680,-0.048030,-0.001531,-0.383835,-0.494767,0.176465,0.041961,0.050115,0.266768
0.191719,-0.039158,0.011181,-0.405596,-0.482525,0.111889,0.004127,0.057680,-0.777832
0.191758,-0.055896,0.010242,-0.387282,-0.498295,-0.091036,0.019836,0.009352,0.474943
0.191797,-0.047365,0.007914,-0.384203,-0.480256,-0.241178,-0.013621,0.018530,0.441952
0.191836,-0.050875,0.012800,-0.372260,-0.476426,-0.150145,0.058795,0.023895,-0.112794
0.191875,-0.048176,0.019753,-0.384688,-0.490842,0.059025,-0.040221,0.051040,-0.220117
0.191914,-0.065860,-0.003846,-0.361549,-0.504385,0.149119,0.011943,0.044849,0.519328
0.191953,-0.025990,0.000541,-0.369036,-0.510166,0.089864,-0.048280,0.006765,0.373279
0.191992,-0.046694,-0.006161,-0.380026,-0.506251,-0.070079,-0.044355,0.037269,0.352766
0.192031,-0.049204,0.006467,-0.345700,-0.497467,-0.203692,-0.001563,0.045943,0.010217
0.192070,-0.059040,0.002865,-0.372953,-0.492114,-0.098417,-0.000684,0.026979,0.514234
0.192109,-0.049789,0.008366,-0.366283,-0.477366,0.016854,0.024585,0.044071,-0.114784
0.192148,-0.031053,0.004662,-0.354855,-0.510598,0.170361,-0.045142,0.049420,-0.205094
0.192188,-0.045474,0.007565,-0.365479,-0.527628,0.036461,-0.050679,0.044927,0.725337
0.192227,-0.061741,0.017186,-0.371758,-0.512982,-0.063030,0.023018,0.031313,-0.069394
0.192266,-0.062067,0.007393,-0.371382,-0.498147,-0.138045,-0.083251,0.039052,0.896787
0.192305,-0.035393,-0.006288,-0.357720,-0.511219,-0.142680,-0.034757,0.006967,0.030344
0.192344,-0.042178,-0.004168,-0.341693,-0.497924,0.027276,-0.053363,0.021052,0.348373
0.192383,-0.042656,0.017754,-0.358618,-0.482036,0.141142,-0.117448,0.032750,-0.449542
0.192422,-0.054530,-0.002257,-0.351018,-0.500134,0.058773,-0.082509,0.039821,0.478207
0.192461,-0.065936,0.009456,-0.345716,-0.490676,-0.015373,-0.084179,0.012894,0.006202
0.192500,-0.041449,0.007403,-0.335088,-0.505652,-0.113157,-0.080154,0.016114,0.046483
0.192539,-0.042257,0.002432,-0.341120,-0.526860,-0.121045,-0.037285,0.046323,0.000076
0.192578,-0.044348,0.000461,-0.336124,-0.505254,0.008659,-0.071647,0.044572,-0.195082
0.192617,-0.037369,0.006781,-0.336065,-0.486993,0.068262,-0.085417,0.030027,-0.120553
0.192656,-0.056758,-0.015077,-0.338912,-0.496861,0.089825,-0.076982,0.024682,-0.260236
0.192695,-0.051581,0.007040,-0.325160,-0.505996,-0.028864,-0.096428,0.073384,0.420401
0.192734,-0.042621,0.013961,-0.351435,-0.495456,-0.081810,-0.074340,0.053103,0.258392
0.192773,-0.057162,0.008684,-0.327140,-0.496121,-0.079711,-0.089137,0.031462,0.282404
0.192812,-0.030484,-0.000883,-0.338439,-0.479549,-0.026893,-0.137826,0.012106,0.207324
0.192852,-0.039092,-0.005694,-0.346486,-0.523103,0.066914,-0.163621,0.018809,0.065263
0.192891,-0.044153,0.004049,-0.316477,-0.514628,0.023026,-0.141168,-0.011937,-0.397640
0.192930,-0.056830,0.014005,-0.306716,-0.525457,0.011589,-0.116864,0.061336,-0.335205
0.192969,-0.058763,0.015844,-0.298616,-0.480987,-0.084197,-0.115841,0.107897,-0.241047
0.193008,-0.050413,0.003808,-0.287741,-0.503905,-0.102683,-0.153028,0.094660,1.046588
0.193047,-0.047700,-0.004223,-0.327859,-0.473304,-0.028491,-0.138682,0.019963,0.228881
0.193086,-0.060264,-0.001076,-0.318851,-0.479559,0.027041,-0.201665,0.033347,0.150490
0.193125,-0.046182,0.003323,-0.306597,-0.495690,0.061634,-0.145955,-0.022204,1.036272
0.193164,-0.049248,0.006697,-0.309016,-0.521571,0.002462,-0.233827,-0.021698,0.307734
0.193203,-0.043290,0.003463,-0.273581,-0.478576,-0.039309,-0.147302,-0.004575,0.424896
0.193242,-0.066064,0.010458,-0.276248,-0.466874,-0.081392,-0.204942,0.051250,0.288880
0.193281,-0.043062,0.008613,-0.282988,-0.472132,-0.033863,-0.204486,0.079743,-0.083895
0.193320,-0.041101,0.009819,-0.287760,-0.477638,0.008090,-0.214259,0.097809,-0.127588
0.193359,-0.048077,0.004784,-0.274239,-0.464031,0.029689,-0.182017,0.070091,0.538401
0.193398,-0.040887,0.003590,-0.297140,-0.476686,0.030931,-0.175160,0.062414,0.973754
0.193438,-0.065642,-0.006787,-0.273001,-0.481713,-0.021814,-0.174766,-0.029148,-0.208297
0.193477,-0.052060,0.004921,-0.263518,-0.496500,-0.043977,-0.216068,-0.008202,-0.145982
0.193516,-0.045316,0.011630,-0.267055,-0.458324,-0.038696,-0.236549,0.018290,0.390390
0.193555,-0.047874,0.007417,-0.257482,-0.426945,0.082787,-0.236841,0.035874,0.461807
0.193594,-0.059164,0.020326,-0.261736,-0.448145,0.062725,-0.196899,0.061948,-0.527057
0.193633,-0.039999,0.005180,-0.259814,-0.434120,0.015616,-0.220731,0.066684,0.089720
0.193672,-0.037572,-0.000492,-0.261296,-0.450489,-0.055525,-0.313155,0.060021,0.736204
0.193711,-0.038255,-0.009714,-0.257138,-0.441303,-0.065966,-0.231299,0.020535,0.179412
0.193750,-0.040761,0.001029,-0.238886,-0.434072,0.018104,-0.240552,0.034968,0.236844
0.193789,-0.038158,0.017202,-0.260308,-0.404641,0.042528,-0.274168,0.017987,-0.002325
0.193828,-0.028898,-0.018347,-0.252710,-0.435376,0.007156,-0.269579,0.003970,0.436536
0.193867,-0.039045,0.022272,-0.235022,-0.447220,0.093646,-0.294544,0.033909,0.004932
0.193906,-0.053144,0.006373,-0.233129,-0.427251,0.036749,-0.270755,0.039331,0.538599
0.193945,-0.046244,-0.004859,-0.255407,-0.435618,-0.009613,-0.288396,0.046778,-0.134103
0.193984,-0.065073,0.005990,-0.235585,-0.421628,0.005792,-0.252986,0.038050,0.550835
0.194023,-0.052755,-0.008727,-0.246131,-0.390344,-0.006442,-0.339085,0.050829,0.459265
0.194062,-0.040543,0.023040,-0.238669,-0.385046,0.046046,-0.308825,0.027251,-0.095016
0.194102,-0.066688,0.008467,-0.228105,-0.413853,0.036542,-0.290417,-0.023333,-0.019177
0.194141,-0.049744,0.023906,-0.198193,-0.373634,-0.022362,-0.314168,0.023410,0.647332
0.194180,-0.062741,0.019629,-0.221329,-0.383147,-0.000868,-0.294542,0.049071,-0.359772
0.194219,-0.045896,0.002507,-0.213443,-0.364556,0.029380,-0.259206,0.021105,0.643738
0.194258,-0.057037,0.005262,-0.219850,-0.371717,0.054839,-0.288632,0.038000,0.759097
0.194297,-0.057464,-0.008234,-0.207858,-0.405576,0.031553,-0.304390,0.065677,-0.358605
0.194336,-0.026075,0.006982,-0.206680,-0.365605,0.018487,-0.303672,0.023683,-0.307525
0.194375,-0.048370,0.003555,-0.198484,-0.329315,0.025263,-0.332887,0.025792,0.288774
0.194414,-0.037908,0.027663,-0.199819,-0.352114,-0.033024,-0.318114,0.033428,-0.244769
0.194453,-0.027867,0.007783,-0.201786,-0.382639,0.005351,-0.382933,0.041435,-0.342708
0.194492,-0.039273,0.012228,-0.180741,-0.347018,0.034308,-0.320487,0.025145,0.425551
0.194531,-0.044157,0.013547,-0.187411,-0.317208,0.023001,-0.323929,0.058548,-0.717883
0.194570,-0.043329,-0.000469,-0.192273,-0.337358,0.027383,-0.325333,0.050155,0.414240
0.194609,-0.042528,0.001761,-0.192975,-0.348355,0.026955,-0.290623,0.044523,-0.304154
0.194648,-0.052764,0.029179,-0.185456,-0.333128,0.011235,-0.344350,-0.001643,0.244230
0.194688,-0.045497,0.011602,-0.180060,-0.307536,0.009363,-0.307653,0.045551,0.038735
0.194727,-0.041424,0.031111,-0.162687,-0.333726,0.060282,-0.314574,-0.002707,-0.334929
0.194766,-0.045880,0.019125,-0.164461,-0.302383,0.034678,-0.342070,0.014153,0.404275
0.194805,-0.035814,0.005315,-0.159630,-0.277476,0.047286,-0.311782,0.008759,0.655528
0.194844,-0.028043,0.023277,-0.144780,-0.300048,0.021354,-0.350863,0.020809,0.363965
0.194883,-0.058629,-0.003910,-0.163062,-0.279232,0.028706,-0.338759,0.057442,0.513549
0.194922,-0.053591,0.018296,-0.180301,-0.284918,0.017999,-0.355937,0.037200,0.669364
0.194961,-0.029873,0.013847,-0.152789,-0.264329,-0.003245,-0.360359,0.061555,-0.095184
0.195000,-0.056537,0.007572,-0.146317,-0.276152,0.014995,-0.413184,0.002117,0.651996
0.195039,-0.037330,0.020340,-0.153504,-0.271747,0.000523,-0.370338,0.031450,0.360131
0.195078,-0.041431,0.011318,-0.145640,-0.249154,0.014359,-0.338267,0.016178,0.517855
0.195117,-0.048711,0.003561,-0.128775,-0.244271,0.012342,-0.342516,0.018250,-0.024923
0.195156,-0.034281,0.013212,-0.140442,-0.249374,0.016850,-0.358867,0.035915,0.537907
0.195195,-0.050375,0.024842,-0.149834,-0.241642,0.076514,-0.400876,0.019127,0.278540
0.195234,-0.037779,0.008129,-0.103820,-0.196527,0.038689,-0.368995,0.039801,0.257178
0.195273,-0.026706,0.005071,-0.114485,-0.189485,0.057711,-0.336925,0.076978,-0.014436
0.195313,-0.037991,0.020030,-0.112680,-0.196670,0.014460,-0.371512,0.037455,0.397395
0.195352,-0.038772,-0.002512,-0.107885,-0.210616,0.014428,-0.324715,0.028405,0.553501
0.195391,-0.047618,0.022328,-0.123675,-0.198279,0.015586,-0.349908,0.015572,-0.651193
0.195430,-0.022003,0.021235,-0.094866,-0.202587,0.060760,-0.334418,0.028371,0.485614
0.195469,-0.043329,0.031537,-0.112453,-0.224374,0.020240,-0.333325,0.024173,0.000082
0.195508,-0.035418,0.019552,-0.129911,-0.166487,0.061813,-0.357607,0.038172,0.332749
0.195547,-0.028570,0.006347,-0.114879,-0.163929,0.041433,-0.377837,0.023164,0.069530
0.195586,-0.041860,0.012434,-0.092983,-0.137779,0.053263,-0.392869,0.040068,0.215241
0.195625,-0.045673,0.006066,-0.101159,-0.156495,0.037817,-0.363640,0.047068,-0.470797
0.195664,-0.030708,0.019327,-0.084161,-0.147449,0.043255,-0.390264,0.016813,0.400828
0.195703,-0.017197,0.022431,-0.102165,-0.118111,0.057233,-0.347164,0.057428,0.088364
0.195742,-0.039103,0.019183,-0.085881,-0.123820,0.047564,-0.380419,0.076047,0.428956
0.195781,-0.031246,0.009650,-0.064124,-0.098419,0.036279,-0.332766,0.105057,-0.545055
0.195820,-0.027579,0.031065,-0.057802,-0.128127,0.047262,-0.372204,0.013651,-0.469944
0.195859,-0.037330,0.024572,-0.108098,-0.093246,0.076554,-0.332009,0.032085,0.331186
0.195898,-0.037888,0.020955,-0.076729,-0.084460,0.043325,-0.400411,0.007680,0.066484
0.195937,-0.051030,0.017040,-0.049205,-0.081211,0.041307,-0.303060,0.047024,0.406553
0.195977,-0.036151,0.019933,-0.052187,-0.085946,0.055699,-0.338497,0.035140,-0.115836
0.196016,-0.040508,0.029407,-0.090560,-0.069391,0.037753,-0.370471,0.048244,0.332102
0.196055,-0.032808,0.007715,-0.070126,-0.071995,0.046150,-0.335123,0.033502,0.104569
0.196094,-0.024275,0.001848,-0.060809,-0.054979,0.025193,-0.347730,0.069913,0.178259
0.196133,-0.054652,0.021873,-0.048649,-0.056082,0.048751,-0.263705,0.038657,-0.509915
0.196172,-0.036211,0.027397,-0.042200,0.001677,0.029635,-0.322056,0.036869,-0.482561
0.196211,-0.037527,0.009799,-0.036909,-0.027168,0.046213,-0.320800,0.056844,-0.425532
0.196250,-0.043068,0.027101,-0.041278,0.002446,0.049672,-0.315848,0.037211,-0.428016
0.196289,-0.025594,0.032042,-0.031931,0.014555,-0.005113,-0.304688,0.037314,-0.392662
0.196328,-0.047716,0.039310,-0.034424,0.011497,0.058141,-0.281806,0.056482,-0.109588
0.196367,-0.025515,0.022268,-0.028743,0.018810,0.069327,-0.326975,0.030368,-0.218902
0.196406,-0.054759,0.022626,-0.022167,0.025112,0.025362,-0.282372,0.032761,-0.107127
0.196445,-0.028108,0.017562,-0.037355,0.027542,0.055856,-0.267016,0.053300,-0.145668
0.196484,-0.028340,0.019511,-0.014162,0.057438,0.014203,-0.323851,0.025466,0.012923
0.196523,-0.040059,0.022278,-0.015372,0.060601,0.049213,-0.335682,0.074027,0.122119
0.196563,-0.036466,0.024181,-0.008225,0.089514,0.033662,-0.289690,0.021432,-0.737348
0.196602,-0.033424,0.016166,-0.013201,0.061074,0.063840,-0.270698,0.044689,-0.050215
0.196641,-0.022035,0.013217,0.005519,0.091523,0.071146,-0.253390,0.031429,-0.107315
0.196680,-0.025009,0.024067,0.006920,0.088130,0.058843,-0.278834,0.048304,-0.172062
0.196719,-0.025180,0.014245,-0.008715,0.089815,0.053690,-0.240420,0.030247,0.525887
0.196758,-0.015827,0.008350,-0.008176,0.099664,0.045313,-0.269481,0.038504,-0.004266
0.196797,-0.037204,0.035725,0.000100,0.116039,0.061548,-0.228860,0.004864,-0.656723
0.196836,-0.054316,0.034848,-0.011156,0.120421,0.056076,-0.262912,0.051554,-0.131636
0.196875,-0.013138,0.020399,0.016550,0.142931,0.081118,-0.171036,0.019202,0.067231
0.196914,-0.015846,0.023576,0.018109,0.140602,0.077730,-0.161077,0.040345,0.020431
0.196953,-0.025166,0.013914,0.005199,0.161330,0.024003,-0.237770,0.032618,0.223848
0.196992,-0.022864,0.028145,0.012730,0.174157,0.061597,-0.188610,0.030928,0.079364
0.197031,-0.028100,0.034945,0.017782,0.156548,0.079150,-0.191672,0.040715,-0.149500
0.197070,-0.048709,0.036333,0.034843,0.197772,0.023070,-0.208859,0.009305,-0.276699
0.197109,-0.041352,0.025071,0.026794,0.166228,0.090670,-0.209616,0.049037,-0.355058
0.197148,-0.008622,0.038993,0.027772,0.206166,0.024948,-0.179323,0.027494,-0.791259
0.197187,-0.025763,0.041734,0.050471,0.217911,0.018465,-0.229941,0.038061,0.065849
0.197227,-0.014206,0.023995,0.046711,0.224534,0.067559,-0.141994,0.078120,-0.043610
0.197266,-0.037380,0.024159,0.035921,0.257178,0.080435,-0.186252,0.003258,-0.195812
0.197305,-0.031339,0.021957,0.047513,0.245137,0.091689,-0.185052,0.045651,-0.147516
0.197344,-0.041482,0.029782,0.043180,0.220857,0.063343,-0.124080,0.066408,-0.143198
0.197383,-0.013399,0.035070,0.057104,0.268330,0.001320,-0.138117,0.036150,-0.288337
0.197422,-0.032333,0.014995,0.055148,0.253272,0.040688,-0.139974,0.035193,0.204972
0.197461,-0.025750,0.015402,0.064240,0.270462,0.095144,-0.095274,0.038778,-0.338204
0.197500,-0.018997,0.028114,0.075040,0.294154,0.065418,-0.095178,0.054973,0.133532
0.197539,-0.031148,0.030336,0.057483,0.283251,0.037610,-0.056339,0.071677,-0.628526
0.197578,-0.016882,0.028781,0.083927,0.292836,0.087272,-0.106379,0.032201,-0.559840
0.197617,-0.039414,0.030548,0.078854,0.298034,0.069470,-0.041669,0.035448,0.000204
0.197656,-0.030705,0.027349,0.068799,0.338268,0.070372,-0.112646,0.061429,-0.551699
0.197695,-0.013792,0.040650,0.065959,0.322808,0.055564,-0.025326,0.027421,-0.307061
0.197734,-0.019442,0.048059,0.089031,0.329452,0.076579,-0.106012,0.032741,-0.703264
0.197773,-0.025178,0.019084,0.099783,0.328042,0.041108,-0.000025,0.015699,-0.176197
0.197813,-0.029922,0.040235,0.099472,0.355345,0.036341,-0.037269,0.051907,-0.117094
0.197852,-0.018810,0.023173,0.091320,0.354869,0.092165,0.034706,0.019950,-0.045295
0.197891,-0.019681,0.036820,0.086727,0.366019,0.074463,-0.018102,-0.007342,-0.234774
0.197930,-0.027543,0.019912,0.096889,0.358448,0.070605,-0.023519,0.044518,-0.718726
0.197969,-0.032835,0.025181,0.125833,0.382140,0.053649,0.009704,0.033412,0.028480
0.198008,-0.033643,0.021949,0.105558,0.407287,0.072711,0.015611,0.060130,0.050219
0.198047,-0.015527,0.042397,0.108128,0.427218,0.055353,-0.003865,0.037083,-0.471621
0.198086,-0.014569,0.045676,0.112349,0.394037,0.066225,0.044266,0.031221,0.654718
0.198125,0.016848,0.021805,0.113645,0.423126,0.077906,0.043481,0.049504,-0.070986
0.198164,-0.017091,0.024281,0.134559,0.423675,0.048629,0.020246,0.047537,0.009524
0.198203,0.008716,0.034069,0.113019,0.450132,0.055567,0.049030,0.035523,-0.291007
0.198242,-0.024047,0.028083,0.115459,0.423376,0.056875,0.062297,0.052415,-0.085949
0.198281,-0.014735,0.032836,0.104196,0.457615,0.032366,0.076843,0.039292,-0.919852
0.198320,0.006821,0.021045,0.095893,0.448815,0.090504,0.059896,0.032883,0.275047
0.198359,-0.009213,0.055291,0.134028,0.478932,0.051291,0.048301,0.038757,-0.557492
0.198398,-0.023718,0.034670,0.133846,0.458398,0.079309,0.162720,0.043950,-0.400112
0.198437,-0.001366,0.033023,0.140884,0.495393,0.088856,0.121267,0.044793,-0.520188
0.198477,-0.016175,0.016128,0.126028,0.503390,0.093907,0.090267,-0.004731,-0.100158
0.198516,0.000601,0.042522,0.167219,0.499004,0.083927,0.125656,0.009185,-0.602272
0.198555,-0.022624,0.011100,0.157429,0.491629,0.063949,0.115918,0.036301,0.164275
0.198594,-0.010024,0.041141,0.141287,0.544310,0.064520,0.106652,0.011895,0.160730
0.198633,-0.005470,0.033801,0.137187,0.546046,0.072845,0.115174,0.007191,-0.135055
0.198672,0.000723,0.041945,0.160612,0.521726,0.083494,0.202507,0.033409,-0.074816
0.198711,-0.000298,0.038293,0.139319,0.541813,0.036100,0.198489,0.030251,0.236673
0.198750,-0.008883,0.027152,0.148961,0.547454,0.086549,0.217043,0.041307,-0.260787
0.198789,-0.018149,0.036233,0.147390,0.573771,0.070890,0.218843,0.060474,-0.514793
0.198828,0.007574,0.031892,0.161932,0.576584,0.061378,0.204343,0.058462,0.464333
0.198867,0.011413,0.035105,0.163002,0.584445,0.071539,0.257722,0.046361,-0.178570
0.198906,0.009246,0.029066,0.167339,0.575651,0.053343,0.185366,0.054210,0.084063
0.198945,0.002138,0.035514,0.153841,0.584467,0.076937,0.194285,0.075166,0.454461
0.198984,0.020911,0.043412,0.163845,0.570678,0.039297,0.232987,0.047326,0.705069
0.199023,-0.000103,0.039731,0.184612,0.618368,0.083431,0.269514,0.067577,-0.390020
0.199063,0.005584,0.038381,0.158544,0.615753,0.054984,0.240606,0.050670,-0.065348
0.199102,-0.008320,0.039758,0.168218,0.628732,0.100476,0.268635,0.045029,0.089878
0.199141,0.000078,0.024986,0.168492,0.643998,0.086659,0.281440,0.019319,0.470108
0.199180,0.009216,0.036372,0.181188,0.645962,0.087046,0.247859,0.032297,0.519860
0.199219,0.005370,0.039484,0.176690,0.631237,0.060675,0.338427,0.052734,0.128201
0.199258,0.005434,0.046692,0.186320,0.657178,0.057823,0.238235,0.022690,0.398798
0.199297,0.004320,0.039012,0.161125,0.668010,0.061405,0.295487,0.038168,0.064653
0.199336,0.002933,0.027304,0.180103,0.659794,0.063669,0.306988,0.017425,0.524840
0.199375,0.006290,0.041293,0.167183,0.637475,0.073789,0.335169,0.038911,0.199530
0.199414,0.027531,0.038889,0.195206,0.688863,0.065655,0.300817,0.042854,-0.100607
0.199453,0.000898,0.034279,0.205627,0.668030,0.059519,0.346340,0.036999,-0.425464
0.199492,-0.012835,0.028611,0.184849,0.700310,0.064714,0.361740,0.032317,0.160938
0.199531,0.007929,0.037285,0.188215,0.667160,0.036827,0.374222,0.038968,0.306804
0.199570,0.004304,0.042314,0.200863,0.660871,0.086843,0.315052,0.063785,0.067178
0.199609,0.018930,0.039375,0.208681,0.711745,0.062299,0.363675,0.060842,0.301053
0.199648,0.027976,0.023659,0.181324,0.686622,0.107360,0.371406,0.053404,0.542586
0.199687,0.020634,0.034630,0.215623,0.736424,0.078172,0.431661,0.023765,-0.305771
0.199727,0.022661,0.036197,0.206436,0.745451,0.057060,0.383471,0.051161,-0.218997
0.199766,-0.003602,0.023697,0.188683,0.729280,0.035836,0.452262,0.087788,0.098032
0.199805,0.013160,0.043705,0.205767,0.734416,0.083485,0.433884,0.051017,-0.218837
0.199844,0.014428,0.038970,0.233915,0.681913,0.088331,0.401762,0.008870,0.148424
0.199883,0.026841,0.034844,0.221310,0.736386,0.025726,0.465453,0.014782,0.488773
0.199922,0.024323,0.049405,0.230737,0.732107,0.094533,0.455576,0.037038,0.266019
0.199961,0.011980,0.024733,0.228106,0.729130,0.053726,0.441639,0.060943,0.049403
0.200000,0.010297,0.030281,0.194346,0.749410,0.063124,0.465648,0.016055,-0.303005
0.200039,-0.000179,0.046408,0.222769,0.746676,0.082828,0.509098,0.026163,-0.052156
0.200078,0.033807,0.030803,0.246553,0.755559,0.106209,0.410395,0.022002,-0.154857
0.200117,0.027940,0.041132,0.224942,0.741911,0.024001,0.507459,0.056244,0.610929
0.200156,0.014308,0.040751,0.215455,0.736615,0.059647,0.484600,0.065014,0.191614
0.200195,0.018162,0.032585,0.235195,0.777257,0.093058,0.419379,0.040189,0.268188
0.200234,0.018830,0.042089,0.238224,0.773144,0.063479,0.484540,0.117257,-0.240382
0.200273,0.002702,0.032522,0.250276,0.749718,0.082995,0.480592,0.167399,-0.226738
0.200313,0.042096,0.034239,0.221221,0.761860,0.090702,0.467049,0.181329,-0.136891
0.200352,0.022270,0.035043,0.222149,0.766584,0.072988,0.442569,0.083585,0.433967
0.200391,0.026392,0.030402,0.233871,0.771078,0.088552,0.448659,-0.027318,0.340345
0.200430,0.033646,0.040382,0.237847,0.782300,0.089491,0.504497,-0.067689,0.306273
0.200469,0.003858,0.029377,0.232247,0.816440,0.062348,0.502423,-0.092081,0.271918
0.200508,-0.006542,0.035219,0.250967,0.810358,0.101346,0.496664,-0.033118,0.221509
0.200547,0.030152,0.037342,0.246520,0.776604,0.089526,0.566445,0.067393,-0.714387
0.200586,0.017704,0.040844,0.247515,0.826496,0.122935,0.489786,0.130735,0.189024
0.200625,0.029101,0.045716,0.259358,0.786232,0.065984,0.518568,0.160138,-0.416373
0.200664,0.021292,0.039729,0.275469,0.813620,0.029071,0.460095,0.099213,0.238299
0.200703,0.035123,0.032498,0.238007,0.785628,0.083944,0.471293,0.042131,0.716575
0.200742,0.025584,0.039515,0.260676,0.807254,0.072878,0.475692,-0.073156,0.016505
0.200781,0.022478,0.031690,0.270404,0.825016,0.088591,0.532026,-0.051215,0.634656
0.200820,0.021318,0.028485,0.270789,0.806500,0.069080,0.554321,-0.016874,0.302055
0.200859,0.034103,0.026723,0.277305,0.784203,0.056214,0.564864,0.049952,0.386766
0.200898,0.025948,0.026652,0.243309,0.809161,0.068049,0.518517,0.109558,0.481622
0.200937,0.028125,0.044571,0.268813,0.833521,0.063959,0.551955,0.097780,0.169840
0.200977,0.029576,0.054052,0.269261,0.802760,0.053143,0.529475,0.083761,-0.177299
0.201016,0.022963,0.046910,0.268632,0.820171,0.089562,0.489486,0.045236,0.863491
0.201055,0.037263,0.035225,0.263992,0.804701,0.068627,0.588798,-0.032753,0.980492
0.201094,0.016037,0.042729,0.289313,0.814394,0.046171,0.517014,-0.015093,-0.166870
0.201133,0.043909,0.030810,0.297464,0.811360,0.079642,0.580682,0.008905,-0.086069
0.201172,0.030410,0.030470,0.270234,0.817063,0.088093,0.545089,0.057454,-0.127619
0.201211,0.034788,0.027859,0.266682,0.793598,0.078335,0.507389,0.076994,-0.478246
0.201250,0.017446,0.044406,0.273871,0.802452,0.074933,0.496599,0.096195,0.462668
0.201289,0.042316,0.037263,0.293301,0.807038,0.078369,0.523415,0.075706,0.782981
0.201328,0.027247,0.052312,0.281985,0.809419,0.076985,0.552871,0.036146,0.254926
0.201367,0.028077,0.052710,0.282272,0.797866,0.069521,0.563488,-0.039318,0.594567
0.201406,0.045073,0.056760,0.289391,0.803941,0.060941,0.529465,-0.005437,0.547726
0.201445,0.040769,0.038258,0.300635,0.832392,0.079487,0.594074,0.013277,0.454284
0.201484,0.035602,0.031966,0.288472,0.794186,0.072055,0.540531,-0.002146,-0.052892
0.201523,0.039119,0.028731,0.289512,0.818743,0.056610,0.540362,0.055358,-0.089000
0.201563,0.032076,0.041123,0.279006,0.781780,0.062139,0.571365,0.081357,0.211173
0.201602,0.042969,0.028727,0.303661,0.811067,0.061090,0.505536,0.094472,0.452509
0.201641,0.031755,0.049647,0.306770,0.830538,0.084959,0.548155,0.027344,-0.065438
0.201680,0.043815,0.041978,0.279596,0.805069,0.073786,0.539501,0.013785,0.592741
0.201719,0.038008,0.039695,0.292211,0.796811,0.075845,0.548421,-0.033866,0.316747
0.201758,0.032571,0.061448,0.312698,0.848450,0.057986,0.562559,0.051115,0.040235
0.201797,0.058061,0.030418,0.308273,0.801175,0.082210,0.527699,0.038315,0.337563
0.201836,0.025705,0.038544,0.285981,0.806500,0.066574,0.612831,0.052210,0.454559
0.201875,0.034265,0.045702,0.295483,0.792151,0.099003,0.528327,0.091310,-0.362995
0.201914,0.030783,0.050533,0.303875,0.793638,0.076180,0.546617,0.066956,0.639894
0.201953,0.057736,0.037722,0.309968,0.778624,0.051554,0.554709,0.053252,0.291942
0.201992,0.020049,0.036117,0.312841,0.784127,0.058598,0.546739,-0.006812,0.009659
0.202031,0.039520,0.029706,0.315356,0.803184,0.080102,0.619220,0.024392,0.079306
0.202070,0.049708,0.037737,0.318287,0.769125,0.077195,0.568526,-0.005225,0.874404
0.202109,0.044760,0.032678,0.317638,0.786795,0.071042,0.597566,0.044272,0.397808
0.202148,0.037365,0.021659,0.329743,0.741969,0.042542,0.539474,0.018195,0.220241
0.202187,0.048775,0.055750,0.313759,0.794906,0.083000,0.538428,0.059430,0.153047
0.202227,0.031732,0.042384,0.311019,0.758370,0.043013,0.482149,0.035840,-0.084796
0.202266,0.048012,0.029069,0.313478,0.772853,0.047103,0.566253,0.048434,0.154379
0.202305,0.048784,0.038297,0.309100,0.773691,0.054363,0.524835,0.031324,-0.010983
0.202344,0.035377,0.040368,0.314682,0.734035,0.085535,0.586459,0.029139,0.333426
0.202383,0.028908,0.034804,0.316192,0.759217,0.069638,0.599498,0.026299,-0.411915
0.202422,0.035820,0.037802,0.317771,0.733845,0.086704,0.517053,0.010474,0.882019
0.202461,0.032804,0.047810,0.308652,0.731586,0.027118,0.498409,0.009954,0.615295
0.202500,0.050514,0.047894,0.306228,0.749756,1.070700,0.542636,0.041745,0.522951
0.202539,0.050122,0.022934,0.314903,0.692528,1.061808,0.564861,0.036169,0.254105
0.202578,0.046545,0.049254,0.340364,0.704250,0.146427,0.455284,0.061541,0.163107
0.202617,0.038955,0.039987,0.351979,0.722754,-0.789471,0.536005,0.032372,0.869616
0.202656,0.041226,0.024303,0.327379,0.693292,-0.854362,0.538977,0.025775,0.295386
0.202695,0.025751,0.027474,0.321303,0.707819,-0.040158,0.489650,0.011894,-0.133304
0.202734,0.049956,0.028895,0.348751,0.714746,0.839981,0.505546,0.018918,0.815953
0.202773,0.025056,0.023614,0.314287,0.721927,0.884461,0.574460,0.046538,0.599789
0.202813,0.054418,0.023592,0.329636,0.682744,0.224791,0.538489,0.013572,0.332330
0.202852,0.043474,0.024169,0.343108,0.698413,-0.590752,0.508626,0.041764,0.458867
0.202891,0.049853,0.022859,0.323681,0.694714,-0.745456,0.470287,0.069816,0.347117
0.202930,0.025370,0.027576,0.336344,0.701583,-0.076499,0.526882,0.059520,0.041686
0.202969,0.051561,0.023080,0.322277,0.674304,0.637371,0.570398,0.052003,0.082209
0.203008,0.031836,0.039945,0.330117,0.681031,0.793535,0.533307,0.002766,0.092698
0.203047,0.025709,0.031979,0.336213,0.658771,0.277339,0.477406,-0.016225,0.557719
0.203086,0.037979,0.043206,0.347585,0.662601,-0.440690,0.482694,0.035590,-0.295949
0.203125,0.027924,0.029730,0.361369,0.663503,-0.573477,0.494952,0.034331,0.235852
0.203164,0.051932,0.033023,0.353654,0.624779,-0.131860,0.457891,0.018534,0.125956
0.203203,0.041197,0.033377,0.339192,0.593094,0.442699,0.526253,0.027613,0.353735
0.203242,0.033657,0.033297,0.361407,0.633385,0.655892,0.475657,0.029738,-0.133545
0.203281,0.040000,0.014991,0.318687,0.620086,0.307625,0.501611,0.044917,-0.122741
0.203320,0.036540,0.009843,0.344151,0.630086,-0.294787,0.489046,0.062008,0.509081
0.203359,0.043367,0.045638,0.356106,0.611876,-0.498026,0.532814,0.013747,0.017818
0.203398,0.015735,0.026725,0.344826,0.594124,-0.162659,0.494371,0.013467,0.256757
0.203437,0.045869,0.017952,0.354614,0.607852,0.361100,0.488772,0.023238,-0.132070
0.203477,0.046211,0.030706,0.379721,0.573028,0.586669,0.471449,0.041825,-0.252196
0.203516,0.045447,0.013921,0.356585,0.579470,0.253577,0.433867,0.022717,0.338900
0.203555,0.045877,0.022487,0.353404,0.593356,-0.204466,0.458722,0.033188,-0.028742
0.203594,0.046948,0.010872,0.339795,0.556086,-0.380137,0.494344,0.026419,0.383466
0.203633,0.036057,0.031942,0.364566,0.568379,-0.185037,0.475160,0.026841,0.509136
0.203672,0.046824,0.014570,0.361139,0.542850,0.256478,0.449977,0.007917,0.280375
0.203711,0.029788,0.026301,0.350697,0.555957,0.478055,0.417293,0.023538,-0.116935
0.203750,0.049690,0.016921,0.345724,0.530161,0.276413,0.430063,0.015384,-0.043176
0.203789,0.041471,0.015153,0.365911,0.537599,-0.147568,0.455203,0.025852,-0.083354
0.203828,0.030752,0.028783,0.368143,0.543472,-0.285599,0.436057,0.067419,0.618630
0.203867,0.035455,0.012519,0.351810,0.526489,-0.171021,0.473875,0.040593,0.280558
0.203906,0.039108,0.017462,0.367101,0.513244,0.137978,0.425092,-0.001947,-0.399859
0.203945,0.036477,0.038358,0.358140,0.494312,0.366023,0.456238,0.013262,0.336451
0.203984,0.027802,0.013124,0.353742,0.515042,0.258279,0.428894,0.030297,-0.543851
0.204023,0.030914,0.013896,0.373927,0.472999,-0.091988,0.441718,0.028738,-0.014221
0.204063,0.019954,0.012642,0.364025,0.481784,-0.224818,0.421245,0.034631,-0.770212
0.204102,0.054246,0.013668,0.347097,0.469230,-0.144233,0.421908,0.015681,0.499835
0.204141,0.019174,0.024019,0.371863,0.480967,0.151222,0.449334,0.034207,-0.168756
0.204180,0.032188,0.027807,0.369026,0.427750,0.351330,0.451616,0.025149,0.054164
0.204219,0.033719,0.026779,0.368096,0.435671,0.258317,0.440643,0.018774,-0.024628
0.204258,0.032585,0.014181,0.374476,0.422792,-0.051907,0.424515,0.025171,0.315851
0.204297,0.055630,0.021664,0.368679,0.436543,-0.197218,0.430991,0.021167,-0.483368
0.204336,0.040974,-0.001118,0.380269,0.413779,-0.122157,0.392409,0.054012,-0.084587
0.204375,0.026207,0.024968,0.393060,0.404709,0.092990,0.396992,0.039793,-0.341250
0.204414,0.030428,0.023980,0.343613,0.384643,0.262297,0.441263,0.012715,-0.210493
0.204453,0.045067,0.015493,0.355606,0.379742,0.210356,0.432387,0.003030,0.236189
0.204492,0.021466,0.034347,0.352102,0.365756,-0.009143,0.414324,-0.022288,-0.073069
0.204531,0.049768,0.009349,0.384266,0.355862,-0.151137,0.440738,0.002835,-0.252761
0.204570,0.042919,0.019385,0.358221,0.366019,-0.079908,0.393493,-0.015914,-0.579192
0.204609,0.029729,0.000155,0.370618,0.354585,0.087531,0.398145,0.050849,-0.030201
0.204648,0.025850,0.026317,0.389784,0.340864,0.256780,0.353635,0.041587,-0.251994
0.204687,0.053261,0.026674,0.380960,0.329714,0.223146,0.340429,0.008633,0.199174
0.204727,0.040945,0.007854,0.369300,0.335331,0.019575,0.443202,-0.000621,-0.174798
0.204766,0.031286,0.036646,0.380175,0.334387,-0.117783,0.366251,-0.028306,-0.230278
0.204805,0.037696,0.022197,0.368717,0.307722,-0.125116,0.347603,0.049119,0.054494
0.204844,0.042774,0.022339,0.382115,0.292473,0.012253,0.389557,-0.004536,-0.235583
0.204883,0.032576,-0.001605,0.379396,0.270949,0.180203,0.372798,0.027597,0.201250
0.204922,0.036810,0.006846,0.397434,0.277798,0.140399,0.435063,-0.006423,-0.269358
0.204961,0.059894,0.003473,0.360142,0.264891,0.051198,0.368361,-0.022963,-0.133397
0.205000,0.036112,0.014958,0.353256,0.260627,-0.105581,0.390465,0.044630,0.075875
0.205039,0.029967,0.007818,0.376162,0.235344,-0.058930,0.348413,0.012995,-0.041774
0.205078,0.033950,0.031355,0.359302,0.239670,0.015202,0.356192,0.050431,-0.657047
0.205117,0.029858,0.032014,0.375980,0.251185,0.160609,0.392197,0.021996,-1.112742
0.205156,0.036810,0.002946,0.353633,0.243450,0.141394,0.362077,0.027787,-0.089745
0.205195,0.028857,0.009038,0.389621,0.207006,0.007470,0.351364,0.001518,-0.384738
0.205234,0.035597,0.029336,0.386015,0.218533,-0.064705,0.342332,-0.008992,-0.618709
0.205273,0.057086,0.013122,0.363759,0.212775,-0.057607,0.328673,0.051164,-0.259742
0.205313,0.034045,0.013261,0.388812,0.211135,0.009131,0.350832,0.008196,0.090975
0.205352,0.027136,0.012927,0.396024,0.176810,0.101576,0.330516,-0.006326,-0.961271
0.205391,0.046196,0.019529,0.399868,0.158021,0.179386,0.364918,0.019780,-0.653933
0.205430,0.010221,0.022259,0.372192,0.152351,0.050211,0.361475,-0.010491,-0.952039
0.205469,0.007104,0.024427,0.379250,0.145989,-0.018428,0.393458,0.008490,0.134520
0.205508,0.038714,0.009612,0.394615,0.167336,-0.023063,0.334515,0.002484,-0.855179
0.205547,0.022319,0.018299,0.375920,0.123493,-0.009874,0.334774,0.024166,-0.343279
0.205586,0.045012,0.024766,0.371482,0.161783,0.118622,0.330961,-0.017937,-0.465294
0.205625,0.029961,0.012587,0.382276,0.108959,0.138763,0.359468,0.010564,-0.384548
0.205664,0.049450,0.007034,0.390300,0.085545,0.060718,0.339621,0.003973,0.521102
0.205703,0.022323,0.006645,0.396913,0.067550,-0.013839,0.338904,0.002811,-0.065398
0.205742,0.022731,0.033949,0.380935,0.081292,-0.022779,0.389610,0.009032,-0.511408
0.205781,0.016817,0.008319,0.409660,0.080957,-0.028286,0.351877,-0.011011,-0.372416
0.205820,0.034045,0.016462,0.374253,0.067935,0.100225,0.301338,-0.005955,-0.109034
0.205859,0.044851,0.011632,0.390698,0.056243,0.106243,0.317917,-0.034919,-0.199786
0.205898,0.030510,0.013127,0.368974,0.062509,0.046562,0.363613,-0.015772,-0.130184
0.205937,0.035713,0.016524,0.390756,0.049055,-0.023804,0.363783,-0.013806,0.022203
0.205977,0.033262,0.018205,0.384816,0.020808,-0.036422,0.265701,-0.025413,-0.160324
0.206016,0.028508,-0.004443,0.383273,0.046188,0.012226,0.346351,-0.002352,-0.354643
0.206055,0.030186,0.009337,0.404280,0.025608,0.067897,0.367660,-0.001617,-0.032876
0.206094,0.030649,0.010950,0.391255,-0.001834,0.116462,0.303319,0.016082,0.457651
0.206133,0.050054,0.027540,0.401068,-0.032280,0.074974,0.313126,-0.008859,-0.682600
0.206172,0.039379,0.009791,0.398433,0.023964,0.020238,0.320557,-0.000054,0.125472
0.206211,0.046477,0.019494,0.372242,0.020916,-0.036660,0.346658,-0.004616,-0.106736
0.206250,0.053760,-0.006115,0.391385,-0.018180,-0.009242,0.321252,-0.003510,-0.546230
0.206289,0.021667,0.010408,0.401186,-0.038409,0.036068,0.353456,0.024391,0.145631
0.206328,0.028768,0.014873,0.413495,-0.022772,0.090686,0.288893,-0.013233,-0.058719
0.206367,0.026952,0.005892,0.373912,-0.033053,0.008021,0.329678,0.002318,-0.295847
0.206406,0.034752,0.025664,0.378950,-0.056371,0.014971,0.295781,-0.004755,-0.220052
0.206445,0.038281,0.014878,0.388059,-0.079096,-0.050098,0.301461,-0.009889,-0.282317
0.206484,0.027859,0.017812,0.396152,-0.085780,0.016364,0.327844,-0.002301,-0.674536
0.206523,0.016628,0.016067,0.382065,-0.090812,0.037860,0.282211,-0.044154,0.369092
0.206563,0.029691,0.009360,0.384429,-0.083396,0.038552,0.306377,-0.019547,-0.312600
0.206602,0.044443,0.021074,0.405159,-0.101131,0.073038,0.350464,-0.033632,-0.406181
0.206641,0.034721,0.003425,0.388410,-0.089646,0.013029,0.290848,-0.010789,-0.280855
0.206680,0.033586,-0.003333,0.395622,-0.091387,0.011835,0.244475,0.001002,0.203798
0.206719,0.024650,0.006818,0.390869,-0.134372,0.029484,0.241812,-0.019627,0.223941
0.206758,0.047982,0.014664,0.396799,-0.111861,0.026529,0.271930,-0.010609,0.297658
0.206797,0.036016,0.013462,0.388459,-0.170672,0.039832,0.238380,-0.019658,-0.543375
0.206836,0.018990,0.013016,0.374947,-0.118782,0.055319,0.271814,-0.001695,0.594159
0.206875,0.030460,0.007944,0.379249,-0.145447,0.023369,0.242364,-0.000239,-0.143288
0.206914,0.033371,-0.000800,0.399121,-0.151536,0.010326,0.275611,0.008738,0.089200
0.206953,0.031982,0.015813,0.407600,-0.182407,0.011929,0.243589,-0.020782,0.238324
0.206992,0.031332,-0.005126,0.382854,-0.170706,0.046459,0.246497,-0.072727,0.200517
0.207031,0.034843,0.033125,0.377821,-0.146922,0.105322,0.297463,0.028353,-0.468765
0.207070,0.050857,-0.001140,0.404003,-0.187146,0.037742,0.343818,-0.006364,0.259311
0.207109,0.036878,0.019827,0.391133,-0.189532,-0.003150,0.251178,-0.012028,0.042642
0.207148,0.036794,0.009472,0.407924,-0.196019,0.012764,0.257743,-0.038373,-0.068057
0.207187,0.028370,0.016581,0.410623,-0.179308,-0.001140,0.243234,-0.001512,0.275711
0.207227,0.020914,0.011163,0.386274,-0.201371,0.059860,0.319486,0.012651,0.140606
0.207266,0.032646,0.006059,0.408072,-0.193575,0.045947,0.207103,-0.011897,0.274530
0.207305,0.032840,0.022757,0.400411,-0.250738,0.058259,0.247705,0.061339,0.369709
0.207344,0.017613,0.012590,0.393970,-0.204387,0.016771,0.255272,0.164608,0.356966
0.207383,0.047330,0.027670,0.397408,-0.266607,0.011605,0.218671,0.188800,-0.129024
0.207422,0.046468,0.011560,0.394541,-0.261163,0.030024,0.243804,0.114743,-0.067215
0.207461,0.028365,0.018778,0.398162,-0.259193,0.029955,0.158819,-0.090652,0.088836
0.207500,0.025259,0.015756,0.391193,-0.284318,0.051347,0.192710,-0.167018,0.241328
0.207539,0.036235,0.034284,0.391597,-0.277250,0.055963,0.251644,-0.184406,0.450898
0.207578,0.030072,0.008666,0.386836,-0.265153,0.021306,0.282845,-0.078647,-0.328054
0.207617,0.023190,-0.003156,0.375989,-0.273637,0.014853,0.211775,0.029938,0.223602
0.207656,0.028959,0.013306,0.386765,-0.273926,-0.012031,0.179745,0.086187,-0.112823
0.207695,0.027793,0.012023,0.389997,-0.279303,0.033807,0.250545,0.126694,-0.163169
0.207734,0.016104,0.006981,0.390076,-0.300342,0.059251,0.215571,0.078175,0.189114
0.207773,0.022832,0.014548,0.392956,-0.290903,0.056787,0.172733,-0.038384,0.337624
0.207813,0.029326,0.020253,0.377842,-0.312161,0.042672,0.225266,-0.128555,-0.558847
0.207852,0.030064,0.005676,0.379221,-0.303895,-0.004509,0.149859,-0.181560,0.003333
0.207891,0.039084,0.019933,0.379307,-0.306516,-0.028930,0.135568,-0.141788,-0.647382
0.207930,0.032823,0.011783,0.377893,-0.329359,0.067606,0.174474,-0.050013,0.200743
0.207969,0.030777,0.014116,0.376662,-0.306506,0.054598,0.178508,0.056287,-0.255520
0.208008,0.046633,0.008325,0.400321,-0.316999,0.050272,0.157526,0.068643,0.007387
0.208047,0.048001,-0.002595,0.389331,-0.322904,0.042370,0.128547,0.050602,0.257236
0.208086,0.044123,0.010262,0.377839,-0.348266,0.057841,0.145206,-0.000544,-0.015564
0.208125,0.037962,0.005942,0.377233,-0.358815,0.025356,0.189943,-0.089952,-0.007103
0.208164,0.020463,0.010919,0.393979,-0.347358,-0.006134,0.164820,-0.111366,0.489389
0.208203,0.029126,-0.010216,0.381272,-0.350930,0.021657,0.132587,-0.091333,0.145579
0.208242,0.044470,0.022147,0.381152,-0.357770,0.048464,0.130178,-0.062736,0.151012
0.208281,0.037433,0.010734,0.388744,-0.349842,0.027764,0.091142,0.015825,0.303225
0.208320,0.052062,0.010836,0.385524,-0.400655,-0.006774,0.083395,0.050432,-0.022276
0.208359,0.049972,0.016661,0.390910,-0.375105,0.029683,0.155478,0.066274,-0.443739
0.208398,0.043482,0.017216,0.365740,-0.371587,0.010962,0.120185,-0.028664,0.124917
0.208437,0.034091,0.004827,0.392049,-0.367947,0.069641,0.088078,-0.042574,0.154311
0.208477,0.030114,0.012623,0.379724,-0.388102,0.007972,0.113687,-0.124899,0.012719
0.208516,0.035639,0.018332,0.349922,-0.398397,0.000199,0.120564,-0.077405,-0.619711
0.208555,0.025823,0.016241,0.391269,-0.380121,0.012028,0.111599,-0.062437,-0.580188
0.208594,0.006584,0.013474,0.402819,-0.404648,0.016815,0.036222,-0.049763,-0.252575
0.208633,0.038829,0.001617,0.397384,-0.408677,0.012921,0.045750,0.058084,0.228461
0.208672,0.029170,0.024318,0.394161,-0.388476,-0.011414,0.115200,0.044848,0.001024
0.208711,0.058764,0.009470,0.376030,-0.405347,0.010684,0.108929,-0.045924,0.714368
0.208750,0.039715,-0.011682,0.395789,-0.408779,0.034464,0.071566,-0.039783,0.127410
0.208789,0.020535,0.012297,0.386107,-0.424340,0.024999,0.084925,-0.062951,-0.237419
0.208828,0.051318,-0.002366,0.375568,-0.421135,-0.009954,0.035265,-0.072410,-0.459647
0.208867,0.048678,0.028633,0.382252,-0.459165,0.035527,0.053605,-0.070946,-0.056701
0.208906,0.034975,0.001457,0.373313,-0.418564,0.008985,0.024815,-0.044557,-0.381737
0.208945,0.011363,0.007048,0.397414,-0.419286,0.015322,0.024027,-0.008342,0.418648
0.208984,0.033212,0.020641,0.375181,-0.431267,0.047035,0.007037,0.022743,0.024479
0.209023,0.041745,0.020233,0.388416,-0.435452,0.019163,0.056540,-0.039475,0.433593
0.209063,0.010738,0.009172,0.369889,-0.426647,-0.003466,0.016471,-0.055137,0.541973
0.209102,0.039172,0.010797,0.365144,-0.452937,0.013976,0.000490,-0.048332,-0.211872
0.209141,0.051141,0.003849,0.384975,-0.416871,0.022752,0.022665,-0.091894,-0.167223
0.209180,0.060317,0.023310,0.382366,-0.449827,0.014472,0.044985,-0.058730,0.316404
0.209219,0.038246,0.011455,0.346724,-0.421068,0.014154,0.022222,0.006473,0.061012
0.209258,0.038401,0.002957,0.382591,-0.435171,0.025822,0.011830,-0.038332,0.201955
0.209297,0.042559,0.026752,0.384398,-0.439556,-0.030044,-0.042147,-0.029453,0.435539
0.209336,0.045694,0.017455,0.370558,-0.459362,0.024139,-0.075893,-0.044762,-0.166247
0.209375,0.034387,-0.004611,0.354731,-0.442706,0.011937,-0.025523,-0.041310,0.712395
0.209414,0.041360,-0.002801,0.372540,-0.476476,0.010745,-0.078602,-0.041578,0.141142
0.209453,0.059124,0.023418,0.369317,-0.463496,0.006103,0.029065,-0.063090,-0.519417
0.209492,0.040516,0.005830,0.375282,-0.473063,0.040727,-0.075473,-0.059319,-0.239445
0.209531,0.026549,0.008007,0.374033,-0.480391,0.021982,-0.054777,-0.023099,0.227615
0.209570,0.041727,0.016166,0.383494,-0.462457,0.024188,-0.118768,-0.037220,0.050942
0.209609,0.039216,0.009102,0.399640,-0.494152,0.015922,-0.073096,-0.010279,-0.075620
0.209648,0.051683,0.014895,0.384291,-0.483191,0.065163,-0.092978,-0.038758,-0.026815
0.209687,0.045884,0.013098,0.361284,-0.492542,-0.012933,-0.075892,-0.039708,-0.175504
0.209727,0.040106,0.024405,0.379311,-0.479886,0.011086,-0.074157,-0.079647,0.181416
0.209766,0.046726,0.001896,0.375691,-0.473189,0.046282,-0.126844,-0.070919,0.163012
0.209805,0.049994,0.010732,0.350208,-0.478802,0.020164,-0.140929,-0.070390,-0.076887
0.209844,0.048100,0.012413,0.347441,-0.471088,0.046830,-0.125572,-0.060595,0.302793
0.209883,0.037579,0.022321,0.370863,-0.464549,-0.000865,-0.101134,-0.038015,-0.158956
0.209922,0.029641,0.020208,0.371112,-0.457899,0.005167,-0.092079,-0.039686,0.043936
0.209961,0.029525,-0.000713,0.329430,-0.467862,0.006615,-0.114986,-0.020284,-0.344043
0.210000,0.048035,0.018031,0.335095,-0.484388,0.035253,-0.178599,-0.028116,0.013659
0.210039,0.035386,0.006772,0.338669,-0.482938,0.001703,-0.191642,-0.076162,0.068947
0.210078,0.040383,0.004795,0.352910,-0.484379,0.009757,-0.153772,-0.076265,-0.089071
0.210117,0.026630,0.021545,0.332421,-0.488964,0.014357,-0.206658,-0.054132,0.350056
0.210156,0.041916,0.006361,0.349972,-0.497422,0.032934,-0.188395,-0.074853,-0.287991
0.210195,0.042544,0.010669,0.380686,-0.531571,0.008114,-0.145784,-0.054245,-0.248532
0.210234,0.052325,-0.000072,0.360221,-0.483386,0.047668,-0.186236,0.020658,0.038813
0.210273,0.049887,0.015407,0.346889,-0.523828,-0.009673,-0.222283,-0.076628,-0.112646
0.210313,0.050403,0.006776,0.335493,-0.503326,-0.052875,-0.310919,-0.031670,0.940086
0.210352,0.036487,0.016141,0.362943,-0.476676,-0.021275,-0.248541,-0.037087,0.228794
0.210391,0.046962,0.010681,0.336667,-0.497678,0.053910,-0.261372,-0.031795,-0.109520
0.210430,0.036215,0.007679,0.348724,-0.518928,0.044036,-0.277981,-0.052363,-0.395361
0.210469,0.053961,0.019031,0.356264,-0.530242,0.008563,-0.255592,-0.034143,-0.065884
0.210508,0.038547,0.021097,0.321034,-0.535810,-0.006404,-0.243562,-0.040463,0.347566
0.210547,0.035498,0.010420,0.342191,-0.462145,0.016045,-0.291068,-0.064329,0.509911
0.210586,0.034756,0.009779,0.339192,-0.488024,0.037873,-0.222239,-0.077563,-0.216824
0.210625,0.054125,0.015551,0.329949,-0.537081,-0.024567,-0.245829,-0.013169,0.304007
0.210664,0.032789,0.004863,0.335947,-0.496707,0.031480,-0.236891,-0.067697,0.883201
0.210703,0.039445,0.012243,0.332896,-0.517600,0.051364,-0.360353,-0.037227,0.344645
0.210742,0.046842,0.008458,0.356577,-0.514333,0.026051,-0.303178,-0.074695,-0.035974
0.210781,0.039348,0.012505,0.333746,-0.511726,-0.008996,-0.284170,-0.083709,0.266399
0.210820,0.052840,0.020885,0.341012,-0.542394,0.014885,-0.331136,-0.043192,-0.262826
0.210859,0.045710,0.006842,0.319880,-0.523787,-0.027127,-0.369309,-0.050278,0.288948
0.210898,0.039828,-0.001431,0.347926,-0.535419,0.015484,-0.339862,-0.078056,0.116190
0.210938,0.043888,0.013106,0.335012,-0.477140,0.015233,-0.337096,-0.060599,-0.286548
0.210977,0.026067,0.005119,0.299687,-0.510822,0.003554,-0.272261,-0.056647,-0.345751
0.211016,0.062131,0.010558,0.325608,-0.496207,0.013676,-0.382358,-0.045446,0.293063
0.211055,0.039288,0.000558,0.327466,-0.512960,0.036133,-0.385004,-0.046082,-0.092755
0.211094,0.051401,-0.004057,0.311524,-0.513734,0.015053,-0.361035,-0.062055,0.105501
0.211133,0.039293,0.020802,0.326357,-0.516920,0.069270,-0.411604,-0.042033,-0.393763
0.211172,0.055028,0.001165,0.323524,-0.503275,-0.036139,-0.401221,-0.101888,-0.095545
0.211211,0.045413,0.004301,0.318999,-0.513503,-0.020100,-0.437880,-0.073508,0.333062
0.211250,0.053110,0.000727,0.324429,-0.532360,-0.016324,-0.413171,-0.044569,0.886793
0.211289,0.038073,0.017108,0.293736,-0.521709,-0.007322,-0.342420,-0.075354,-0.254156
0.211328,0.051483,0.000364,0.316892,-0.514395,-0.016186,-0.429092,-0.039642,0.106645
0.211367,0.051338,0.006248,0.326680,-0.514764,0.023473,-0.364739,-0.085588,1.067986
0.211406,0.038812,0.022117,0.323520,-0.503229,0.011006,-0.383842,-0.047214,0.117545
0.211445,0.027217,-0.010913,0.335917,-0.530393,-0.018600,-0.441837,-0.081096,0.429383
0.211484,0.048585,-0.000656,0.324614,-0.501411,0.048760,-0.473406,-0.083172,0.237636
0.211523,0.044537,-0.001524,0.321252,-0.528457,-0.013817,-0.469238,-0.056951,0.358962
0.211562,0.025605,0.006884,0.301459,-0.507354,0.010258,-0.437903,-0.043397,0.110234
0.211602,0.047846,0.008407,0.329125,-0.514037,0.038421,-0.463508,-0.076939,0.467141
0.211641,0.062047,0.012579,0.302031,-0.500811,0.010829,-0.460916,-0.043453,0.110947
0.211680,0.050778,0.000551,0.298833,-0.537210,0.022870,-0.418616,-0.066770,-0.115200
0.211719,0.047593,-0.004428,0.318880,-0.511673,0.013510,-0.442193,-0.097315,0.209139
0.211758,0.039512,0.009582,0.301550,-0.520071,0.009997,-0.510034,-0.037428,0.134983
0.211797,0.053544,0.021605,0.292184,-0.499790,0.024234,-0.438877,-0.061158,-0.422234
0.211836,0.030285,-0.005039,0.310318,-0.535723,-0.038596,-0.447988,-0.041799,0.078010
0.211875,0.056796,0.016930,0.300714,-0.524905,-0.002832,-0.440725,-0.082049,-0.038619
0.211914,0.027881,-0.000249,0.304113,-0.520197,0.017432,-0.520937,-0.049875,-0.161806
0.211953,0.032457,0.007458,0.290553,-0.490357,0.029522,-0.524233,-0.077644,-0.174058
0.211992,0.053606,0.019289,0.285401,-0.510993,0.012830,-0.475450,-0.038256,-0.074835
0.212031,0.064464,0.024776,0.306667,-0.521783,-0.001422,-0.539778,-0.054989,-0.078194
0.212070,0.045614,0.015244,0.288315,-0.504833,0.014530,-0.442612,-0.100489,0.153637
0.212109,0.061372,0.018650,0.279561,-0.480026,0.010926,-0.555822,-0.083053,-0.044642
0.212148,0.036464,0.024798,0.289371,-0.507922,0.048646,-0.495595,-0.069265,0.166364
0.212188,0.045825,0.009549,0.260398,-0.507230,-0.015882,-0.487590,-0.079076,-0.608765
0.212227,0.049796,-0.003829,0.289290,-0.524002,-0.023362,-0.534652,-0.082481,0.362051
0.212266,0.048735,0.003923,0.280691,-0.522002,-0.018952,-0.515363,-0.074796,-0.377306
0.212305,0.043185,0.012937,0.278124,-0.500050,0.020566,-0.525087,-0.059229,-0.444406
0.212344,0.049094,-0.003868,0.270734,-0.509677,0.024753,-0.590077,-0.071965,0.184319
0.212383,0.033237,0.018010,0.269811,-0.514305,0.011038,-0.518867,-0.100033,0.709930
0.212422,0.049350,-0.005445,0.302251,-0.505702,0.007105,-0.541612,-0.057097,-0.085851
0.212461,0.043444,-0.004013,0.288050,-0.515411,0.005995,-0.540567,-0.095451,0.103538
0.212500,0.060341,-0.009430,0.279887,-0.483389,0.003556,-0.480627,-0.043702,0.262328
0.212539,0.032991,-0.000078,0.264592,-0.495265,0.016482,-0.508700,-0.051113,-0.111883
0.212578,0.027714,-0.004481,0.258762,-0.491494,-0.034788,-0.518258,-0.072325,-0.420435
0.212617,0.052757,0.007467,0.275016,-0.497537,-0.002878,-0.570080,-0.060585,0.114053
0.212656,0.043852,0.022256,0.256938,-0.494059,0.015390,-0.530401,-0.056688,-0.428769
0.212695,0.038252,0.015272,0.250881,-0.530110,0.013013,-0.483301,-0.070934,-0.425810
0.212734,0.046015,-0.010083,0.242780,-0.528046,0.031599,-0.547167,-0.079429,0.024592
0.212773,0.031316,-0.000732,0.273783,-0.508992,-0.014874,-0.579485,-0.047536,-0.172545
0.212812,0.030554,0.005437,0.238625,-0.508423,-0.014954,-0.643373,-0.067286,-0.431474
0.212852,0.032051,0.007172,0.242068,-0.501849,-0.022118,-0.607802,-0.067082,-1.050264
0.212891,0.053836,0.006124,0.241533,-0.513334,-0.001436,-0.546151,-0.090431,-0.176301
0.212930,0.031171,0.001035,0.245241,-0.514187,0.013864,-0.533979,-0.058523,-0.346325
0.212969,0.032047,0.000532,0.248867,-0.503093,0.030685,-0.522566,-0.066120,-0.029481
0.213008,0.044259,-0.008097,0.239864,-0.498864,-0.009801,-0.573437,-0.097597,-0.034839
0.213047,0.048359,0.006640,0.239093,-0.475607,0.020945,-0.594591,-0.028565,0.161842
0.213086,0.044445,0.000021,0.251615,-0.464396,0.017881,-0.509421,-0.050719,-0.395221
0.213125,0.038905,0.004057,0.247591,-0.501004,0.015558,-0.581941,-0.046009,0.143796
0.213164,0.034481,0.002253,0.220954,-0.487068,0.001911,-0.537779,-0.036777,-0.045284
0.213203,0.047825,-0.010783,0.253528,-0.495772,-0.006524,-0.529594,-0.071588,-0.365087
0.213242,0.026437,0.007904,0.252465,-0.491269,0.002531,-0.559066,-0.080022,-0.710265
0.213281,0.042383,-0.018830,0.252597,-0.483623,0.020858,-0.560075,-0.062079,-0.974420
0.213320,0.010057,0.014887,0.245237,-0.457307,0.006189,-0.567409,-0.047577,-0.782491
0.213359,0.052927,0.010974,0.236585,-0.497562,-0.003499,-0.621379,-0.064695,-0.536446
0.213398,0.049535,0.005224,0.212721,-0.477252,0.049537,-0.524217,-0.052089,-0.286821
0.213438,0.043527,-0.000354,0.234361,-0.474711,-0.038510,-0.515233,-0.054509,-0.797969
0.213477,0.059379,0.003208,0.237531,-0.476968,0.008823,-0.532622,-0.081995,-0.219949
0.213516,0.029854,-0.016807,0.229842,-0.490018,0.036137,-0.557951,-0.056674,-0.424435
0.213555,0.047744,-0.016598,0.225336,-0.449856,0.031250,-0.572723,-0.084161,-0.093438
0.213594,0.038666,0.000967,0.248758,-0.468879,-0.019307,-0.593388,-0.081364,-0.581831
0.213633,0.031036,-0.013083,0.211129,-0.490382,0.029430,-0.571943,-0.066595,-0.531357
0.213672,0.018822,-0.013466,0.198744,-0.471512,0.013852,-0.467263,-0.072379,-0.087157
0.213711,0.043591,0.001015,0.206885,-0.471742,0.943172,-0.560594,-0.036803,-0.864720
0.213750,0.049443,0.006475,0.216958,-0.481056,1.012509,-0.500745,-0.099184,-0.027800
0.213789,0.031476,-0.009246,0.217998,-0.472358,0.183423,-0.509638,-0.096445,-0.410988
0.213828,0.046843,-0.023970,0.209548,-0.468167,-0.827477,-0.513977,-0.075862,-0.251990
0.213867,0.041556,0.000709,0.207540,-0.482884,-0.955736,-0.574362,-0.101973,-0.260014
0.213906,0.040765,-0.009546,0.207952,-0.483598,-0.218049,-0.547776,-0.058967,-0.154051
0.213945,0.038275,0.009875,0.205386,-0.472771,0.691114,-0.543844,-0.063545,-0.329278
0.213984,0.034101,-0.015687,0.209873,-0.493101,0.867129,-0.516499,-0.068385,-0.455030
0.214023,0.040939,-0.025554,0.195781,-0.458699,0.209448,-0.502825,-0.093471,-0.007861
0.214062,0.031094,0.004970,0.201774,-0.491938,-0.566350,-0.581426,-0.074513,-0.375019
0.214102,0.021357,0.010755,0.203880,-0.455509,-0.809348,-0.552890,-0.077642,0.014270
0.214141,0.038510,-0.027582,0.181471,-0.481291,-0.201477,-0.515696,-0.067198,-0.386525
0.214180,0.024157,0.004469,0.186032,-0.455076,0.533498,-0.551007,-0.076790,0.543881
0.214219,0.044425,-0.018699,0.190092,-0.465497,0.701860,-0.497586,-0.077133,-0.403444
0.214258,0.042390,-0.015253,0.195880,-0.445922,0.297159,-0.513577,-0.049731,0.318299
0.214297,0.048819,-0.030961,0.179087,-0.468079,-0.465991,-0.453810,-0.053913,0.089550
0.214336,0.035690,-0.003025,0.165843,-0.442224,-0.667591,-0.525981,-0.065375,-0.821117
0.214375,0.025527,-0.015654,0.190035,-0.470048,-0.247200,-0.519510,-0.082574,-0.256524
0.214414,0.034075,-0.006989,0.189283,-0.453701,0.412060,-0.512319,-0.062146,-0.173252
0.214453,0.028650,-0.005662,0.173657,-0.457939,0.635508,-0.494156,-0.069768,-0.253744
0.214492,0.027548,-0.001455,0.192912,-0.439584,0.283914,-0.513890,-0.051356,0.001653
0.214531,0.028044,-0.005163,0.174771,-0.471726,-0.310280,-0.470964,-0.050855,-0.551372
0.214570,0.014599,-0.013561,0.166274,-0.463844,-0.536098,-0.467466,-0.033847,-0.504453
0.214609,0.021580,-0.002616,0.169234,-0.436046,-0.248691,-0.447788,-0.060164,-0.034292
0.214648,0.040919,0.001188,0.168110,-0.446690,0.258827,-0.485685,-0.072910,0.196526
0.214688,0.021599,-0.015364,0.161362,-0.488796,0.531516,-0.420425,-0.074866,-0.450435
0.214727,0.024706,-0.013444,0.162564,-0.452844,0.266324,-0.433889,-0.052154,-0.596834
0.214766,0.007028,-0.020047,0.167949,-0.458706,-0.237347,-0.422422,-0.074797,-0.449527
0.214805,0.026637,-0.015515,0.140883,-0.449170,-0.492460,-0.393999,-0.065674,0.205726
0.214844,0.018497,-0.031614,0.168598,-0.455070,-0.272892,-0.445596,-0.069828,-0.074790
0.214883,0.039641,-0.016458,0.166560,-0.441898,0.186103,-0.463210,-0.032351,0.099035
0.214922,0.026256,-0.002478,0.167357,-0.453981,0.424704,-0.470914,0.026860,-0.503878
0.214961,0.012807,-0.003034,0.135432,-0.446647,0.227059,-0.441954,0.120464,-0.368238
0.215000,0.028166,-0.019127,0.143326,-0.407274,-0.161557,-0.428804,0.140743,-0.111584
0.215039,0.017557,-0.014086,0.153056,-0.444269,-0.386002,-0.454187,0.011693,-0.223737
0.215078,0.013801,-0.014069,0.138023,-0.410070,-0.231730,-0.407682,-0.137044,0.096262
0.215117,0.023019,-0.016460,0.156353,-0.401787,0.157937,-0.414486,-0.204046,-0.369741
0.215156,0.013029,0.005451,0.131279,-0.423895,0.333056,-0.427900,-0.229602,-0.111423
0.215195,0.031434,-0.012463,0.142331,-0.409364,0.226426,-0.391971,-0.136293,-0.463564
0.215234,0.020313,-0.008063,0.123171,-0.414051,-0.113829,-0.399199,-0.010263,-0.312115
0.215273,0.021545,-0.006484,0.123878,-0.403967,-0.317815,-0.379930,0.080616,-0.180826
0.215312,0.031418,-0.033544,0.132794,-0.384437,-0.208008,-0.340432,0.081493,-0.165995
0.215352,0.025557,0.002255,0.120916,-0.396521,0.086465,-0.395567,0.022215,-0.299911
0.215391,0.013000,-0.012886,0.119028,-0.404453,0.276647,-0.327296,-0.072652,0.384564
0.215430,0.013854,-0.021322,0.129816,-0.408702,0.230356,-0.383089,-0.151431,0.045973
0.215469,0.025048,-0.020513,0.102555,-0.429447,-0.045749,-0.412454,-0.180809,0.279801
0.215508,0.011724,-0.001581,0.134170,-0.389585,-0.231207,-0.302096,-0.150614,-0.166158
0.215547,0.024546,-0.013926,0.112463,-0.414714,-0.187398,-0.354998,-0.058875,-0.523602
0.215586,-0.001458,-0.013783,0.093537,-0.379396,0.012512,-0.371305,-0.011427,-0.042652
0.215625,0.014538,-0.003014,0.123196,-0.393931,0.241761,-0.366642,0.043122,1.179006
0.215664,0.011090,-0.001010,0.132047,-0.380929,0.168782,-0.319190,0.002732,0.113179
0.215703,0.017979,-0.011678,0.078497,-0.385639,-0.018598,-0.340576,-0.019755,0.319527
0.215742,0.013089,-0.004359,0.090169,-0.411680,-0.191491,-0.319194,-0.147233,-0.131738
0.215781,0.009963,-0.006423,0.114822,-0.383143,-0.178363,-0.321973,-0.140942,0.036104
0.215820,0.016391,-0.024133,0.130752,-0.385945,0.007046,-0.318242,-0.112507,0.232426
0.215859,0.019667,-0.022016,0.105299,-0.380876,0.115192,-0.341429,-0.080381,0.747298
0.215898,-0.005759,-0.026667,0.114056,-0.375673,0.157346,-0.323662,-0.020992,0.149373
0.215938,0.028981,-0.010214,0.110328,-0.391898,0.011256,-0.285557,0.022378,0.703292
0.215977,0.028490,0.005834,0.117649,-0.377972,-0.122260,-0.292789,-0.023392,0.349104
0.216016,0.030990,-0.022157,0.098431,-0.355541,-0.126588,-0.285880,-0.048592,0.104800
0.216055,0.018852,-0.008980,0.092629,-0.358755,-0.013620,-0.279247,-0.102794,0.138686
0.216094,0.023939,-0.015639,0.088280,-0.330837,0.116236,-0.289944,-0.131224,-0.189389
0.216133,0.027392,-0.008030,0.075579,-0.340102,0.124773,-0.310814,-0.102097,-0.203225
0.216172,0.017794,-0.017900,0.082767,-0.369693,0.003399,-0.287320,-0.098378,-0.127193
0.216211,0.012360,-0.021040,0.073952,-0.334476,-0.133171,-0.257668,-0.024002,-0.678736
0.216250,0.020020,-0.014272,0.089498,-0.350828,-0.111195,-0.290541,0.002572,-0.122977
0.216289,0.000190,-0.001251,0.077426,-0.347667,-0.005793,-0.338143,-0.041064,-0.060087
0.216328,0.006352,-0.013276,0.064476,-0.359928,0.098069,-0.286943,-0.005903,-0.336314
0.216367,0.004194,-0.039667,0.067673,-0.327147,0.118707,-0.276090,-0.054915,0.043535
0.216406,0.020614,-0.008329,0.078782,-0.340175,0.045290,-0.314349,-0.085093,0.209263
0.216445,0.015062,-0.012410,0.078774,-0.337380,-0.069673,-0.253877,-0.087147,0.392448
0.216484,0.009811,-0.016501,0.038584,-0.296016,-0.125371,-0.254233,-0.078365,0.137980
0.216523,0.008151,-0.020469,0.046446,-0.329148,-0.027510,-0.228887,-0.030606,0.186169
0.216562,-0.002872,-0.013899,0.059056,-0.299686,0.100700,-0.293516,0.011265,0.288790
0.216602,0.017678,-0.012539,0.063767,-0.318854,0.115510,-0.275449,0.005069,0.443850
0.216641,0.016571,-0.024206,0.084984,-0.318839,0.025224,-0.191630,-0.030087,0.044552
0.216680,0.012917,-0.010391,0.053534,-0.321790,-0.077055,-0.199020,-0.066300,0.273794
0.216719,0.013313,-0.015638,0.048885,-0.289659,-0.119496,-0.199772,-0.046556,0.257512
0.216758,0.003717,-0.021162,0.050722,-0.297348,-0.024629,-0.213764,-0.088049,0.097792
0.216797,0.000614,-0.024894,0.053696,-0.312322,0.066924,-0.216908,-0.120926,0.251516
0.216836,0.013467,-0.013769,0.031979,-0.272515,0.078337,-0.240509,-0.035580,0.811161
0.216875,0.018525,-0.015463,0.044294,-0.289452,0.043096,-0.260057,-0.044512,0.537244
0.216914,0.026508,-0.017728,0.035890,-0.275513,-0.088444,-0.244012,-0.028439,-0.157973
0.216953,-0.004350,-0.016250,0.037908,-0.294876,-0.049875,-0.225207,-0.059560,0.137647
0.216992,-0.001452,-0.012855,0.046739,-0.295071,-0.012956,-0.264711,-0.041447,0.533855
0.217031,-0.003990,-0.010922,0.043550,-0.285120,0.060204,-0.266110,-0.061983,0.024109
0.217070,0.005857,-0.017986,0.039051,-0.283721,0.080585,-0.229177,-0.085869,-0.112838
0.217109,-0.002588,-0.020305,0.047920,-0.269526,0.019565,-0.241291,-0.056416,-0.609884
0.217148,-0.002542,0.002880,0.035999,-0.259454,-0.042359,-0.204851,-0.048642,0.295219
0.217188,-0.002172,-0.012322,0.015447,-0.285224,-0.089386,-0.227602,-0.057322,-0.399812
0.217227,0.014401,-0.008680,0.016574,-0.247994,0.005685,-0.250898,0.008509,0.312130
0.217266,-0.001432,-0.017565,0.006904,-0.230755,0.005292,-0.201238,-0.037886,0.084295
0.217305,0.000789,-0.009965,0.002664,-0.255475,0.036526,-0.240950,-0.044911,-0.046966
0.217344,0.019643,-0.014213,0.019525,-0.226640,0.019351,-0.261608,-0.059885,0.736236
0.217383,0.011606,-0.012380,0.023719,-0.241922,-0.051056,-0.240341,-0.075981,-0.248531
0.217422,0.017252,-0.028739,0.002208,-0.247708,-0.034675,-0.200359,-0.055086,0.638479
0.217461,0.017738,-0.019897,-0.006391,-0.267621,-0.035420,-0.192976,-0.052485,0.767036
0.217500,-0.005516,-0.023310,0.043080,-0.233538,-0.006050,-0.218632,-0.028382,-0.025575
0.217539,0.015246,-0.007219,-0.013736,-0.221735,0.040191,-0.222490,-0.024777,-0.230873
0.217578,0.009965,-0.002989,0.018215,-0.231948,0.053862,-0.170606,-0.016003,0.250224
0.217617,0.001664,-0.035670,-0.024793,-0.196724,-0.039267,-0.163239,-0.039250,0.366613
0.217656,0.016401,-0.029815,-0.002130,-0.215706,-0.064291,-0.183305,-0.051086,0.105835
0.217695,-0.002809,-0.004631,-0.024699,-0.202170,-0.031257,-0.178490,-0.041949,0.028827
0.217734,0.017745,-0.011263,-0.011591,-0.226021,-0.030700,-0.229072,-0.049863,-0.127587
0.217773,0.005313,-0.032689,-0.011737,-0.185554,0.015623,-0.236056,-0.039827,0.173051
0.217812,0.000781,-0.004664,-0.005738,-0.197031,0.012081,-0.170268,-0.011370,0.413565
0.217852,0.006869,-0.001821,0.003966,-0.196141,0.011552,-0.224810,-0.044400,-0.144190
0.217891,0.003847,-0.017431,-0.020755,-0.187069,-0.100245,-0.217057,-0.019619,0.542610
0.217930,0.006856,-0.017814,-0.012834,-0.171415,0.027129,-0.195345,-0.021994,-0.094571
0.217969,0.011989,-0.018627,0.000347,-0.152356,0.020733,-0.198767,-0.013055,0.264775
0.218008,-0.003386,-0.000703,-0.024396,-0.165632,0.026972,-0.194075,-0.032223,-0.351669
0.218047,-0.004394,-0.020379,0.002538,-0.170439,-0.025961,-0.182045,-0.076772,0.292242
0.218086,0.002653,-0.007109,-0.022750,-0.174664,-0.049859,-0.207072,-0.051645,0.535723
0.218125,0.020758,-0.012959,-0.020881,-0.147285,-0.056942,-0.247389,-0.043235,0.340436
0.218164,0.017644,-0.008219,-0.023038,-0.137830,-0.080562,-0.215237,-0.015722,0.390269
0.218203,0.019302,-0.011555,-0.021972,-0.106233,-0.021023,-0.155852,-0.048742,-0.001963
0.218242,0.012413,-0.018676,-0.020762,-0.134336,0.002517,-0.213995,-0.023765,0.530707
0.218281,0.014541,-0.001467,-0.040314,-0.109561,0.015070,-0.143654,-0.019087,0.057097
0.218320,-0.000452,-0.018073,-0.058302,-0.104756,-0.043989,-0.204119,-0.067574,-0.107191
0.218359,-0.009122,-0.020575,-0.013437,-0.143154,-0.074760,-0.141720,-0.048134,-0.173815
0.218398,-0.004828,-0.021097,-0.021532,-0.099754,-0.022317,-0.191514,-0.007250,0.428004
0.218438,0.008188,-0.021444,-0.039686,-0.108316,-0.014584,-0.187801,-0.028720,-0.146179
0.218477,0.009393,0.007620,-0.034845,-0.114432,0.020412,-0.247979,-0.004063,0.228347
0.218516,0.008703,-0.005284,-0.031426,-0.085827,0.000947,-0.169213,-0.060318,0.471034
0.218555,0.000948,-0.027590,-0.031031,-0.092403,-0.044962,-0.194596,-0.044126,-0.200347
0.218594,-0.000956,-0.033221,-0.064107,-0.073064,-0.055551,-0.200646,-0.034405,0.446777
0.218633,0.008446,-0.026396,-0.034205,-0.060805,0.023815,-0.189390,-0.019532,0.238071
0.218672,0.007201,-0.021395,-0.045301,-0.045586,-0.007303,-0.138442,-0.052261,0.218907
0.218711,0.009597,-0.017124,-0.067003,-0.064655,-0.007903,-0.203913,-0.057970,0.421061
0.218750,0.025690,-0.018119,-0.068644,-0.053220,-0.023489,-0.205575,-0.034391,0.445518
0.218789,0.003484,-0.012235,-0.054594,-0.035181,-0.016728,-0.218295,-0.028002,-0.242589
0.218828,-0.004927,-0.011447,-0.061485,-0.055946,-0.033978,-0.223276,-0.028473,0.231427
0.218867,-0.002508,-0.017005,-0.074530,-0.015383,-0.051453,-0.242127,-0.027220,0.197043
0.218906,-0.001481,-0.006295,-0.059904,-0.032000,-0.003112,-0.191055,-0.045754,-0.036524
0.218945,0.003119,-0.006172,-0.065372,-0.044929,0.000965,-0.243186,-0.025328,0.306063
0.218984,0.014231,-0.024434,-0.068147,-0.004825,-0.023361,-0.217817,-0.063077,0.173718
0.219023,0.008416,-0.006517,-0.061824,-0.014420,-0.019616,-0.264385,-0.079678,0.341307
0.219062,0.008499,-0.009306,-0.062991,0.012079,-0.048723,-0.212840,-0.015362,0.342685
0.219102,0.016033,-0.005039,-0.077203,0.018326,-0.035078,-0.251224,-0.053526,0.515090
0.219141,0.013430,-0.016148,-0.058254,0.002621,-0.016298,-0.223352,-0.000069,-0.335143
0.219180,-0.006219,-0.011991,-0.062364,0.025911,-0.016664,-0.286847,-0.011985,0.760754
0.219219,-0.001868,-0.031787,-0.059763,-0.014170,-0.009995,-0.230324,-0.069852,0.956472
0.219258,0.010687,-0.029661,-0.065719,0.050926,0.009648,-0.236911,-0.042551,-0.172572
0.219297,0.013289,-0.019116,-0.074922,0.046881,-0.025361,-0.261927,0.025958,0.387369
0.219336,0.013757,-0.011271,-0.061347,0.017735,-0.013273,-0.233579,-0.069183,-0.154233
0.219375,0.005411,-0.025930,-0.079224,0.018700,-0.076108,-0.289849,-0.009026,0.480401
0.219414,0.003579,-0.016673,-0.084072,0.055656,-0.059807,-0.234259,0.002283,-0.333998
0.219453,0.005393,-0.016414,-0.067980,0.029621,-0.013696,-0.243876,-0.006283,-0.240341
0.219492,0.005504,-0.017326,-0.067799,0.044732,0.012855,-0.229484,-0.014714,-0.041889
0.219531,0.008117,-0.001820,-0.088943,0.112316,-0.039900,-0.276009,-0.013033,0.375209
0.219570,0.012457,-0.012865,-0.098852,0.079548,-0.034127,-0.227879,-0.038574,0.144455
0.219609,0.001011,-0.010628,-0.109880,0.078409,-0.028626,-0.269613,-0.065152,-0.180565
0.219648,-0.005039,-0.013670,-0.100877,0.111332,-0.007563,-0.290126,-0.038440,0.059758
0.219688,0.017911,-0.003541,-0.121252,0.102878,0.029664,-0.271288,-0.007139,0.480774
0.219727,0.010505,-0.016123,-0.107811,0.101889,-0.020253,-0.293491,-0.025868,-0.469781
0.219766,-0.014437,-0.013852,-0.109059,0.089788,-0.007616,-0.296675,-0.025511,0.698739
0.219805,-0.004596,-0.021858,-0.094385,0.113210,-0.031006,-0.295092,0.002945,0.042084
0.219844,0.003501,-0.018593,-0.105932,0.122274,-0.026593,-0.244157,-0.011648,0.140772
0.219883,0.010912,-0.000101,-0.100348,0.103731,0.005199,-0.256775,-0.027078,-0.112346
0.219922,0.009335,-0.020116,-0.095994,0.129534,-0.009234,-0.371809,-0.027007,0.155141
0.219961,0.016768,-0.011704,-0.105887,0.140337,-0.039405,-0.309192,-0.027436,-0.581009
0.220000,-0.004005,-0.002566,-0.122799,0.133076,0.012214,-0.296316,-0.009231,-0.375971
0.220039,0.018864,-0.025719,-0.097327,0.138843,-0.031133,-0.310774,-0.033775,0.119651
0.220078,0.000683,-0.016243,-0.134231,0.152732,-0.037118,-0.279125,-0.038633,-0.315049
0.220117,0.009156,-0.011816,-0.135262,0.145590,-0.045349,-0.248945,-0.006760,0.184352
0.220156,0.005424,-0.021249,-0.133260,0.132068,0.004278,-0.306666,-0.022131,-0.580566
0.220195,0.017627,-0.017377,-0.137066,0.177699,-0.027762,-0.294973,0.005852,0.019748
0.220234,-0.005410,0.004610,-0.126123,0.184719,-0.021986,-0.322496,-0.023667,-0.025128
0.220273,-0.000214,-0.016199,-0.119836,0.188363,-0.062910,-0.321118,0.006064,-0.071213
0.220312,0.000752,-0.018914,-0.134919,0.198537,-0.024505,-0.330962,-0.029435,-0.438251
0.220352,-0.011817,-0.007700,-0.117466,0.195087,-0.029667,-0.288995,0.017243,-0.024949
0.220391,-0.006322,-0.005277,-0.134400,0.213424,-0.019556,-0.328613,-0.012314,-0.220310
0.220430,0.016376,-0.013556,-0.144584,0.181547,-0.037343,-0.299009,-0.015734,0.205806
0.220469,0.010587,-0.016968,-0.158839,0.212257,-0.017708,-0.329520,0.011206,-0.069808
0.220508,0.020879,-0.033897,-0.155033,0.201168,-0.037042,-0.316973,-0.024513,-0.302338
0.220547,0.001895,-0.020887,-0.163758,0.248252,-0.018252,-0.307903,-0.029087,-0.477625
0.220586,0.006985,-0.029328,-0.161464,0.225466,-0.036657,-0.353933,0.001886,-0.434099
0.220625,0.002228,-0.016315,-0.130165,0.238545,-0.053400,-0.372255,0.006102,-0.051213
0.220664,0.018731,-0.024642,-0.140514,0.258509,-0.017202,-0.331062,0.004648,0.173006
0.220703,0.011026,-0.027287,-0.146881,0.250938,-0.047736,-0.322005,-0.025526,-0.034026
0.220742,0.038014,-0.014295,-0.136822,0.234077,-0.066874,-0.359745,-0.009352,0.026497
0.220781,-0.003149,-0.014106,-0.146742,0.265145,-0.037899,-0.347830,0.019570,-0.520239
0.220820,0.019696,-0.035094,-0.170139,0.244167,-0.040780,-0.329012,-0.013598,-1.008170
0.220859,-0.005728,-0.018762,-0.154706,0.263723,-0.038726,-0.375171,0.001899,0.128412
0.220898,-0.011658,-0.014322,-0.179213,0.267796,-0.052055,-0.327180,0.022088,-0.266146
0.220938,0.012847,-0.023197,-0.155592,0.297479,-0.016062,-0.345355,-0.007248,-1.085545
0.220977,-0.001088,-0.021855,-0.170298,0.267012,-0.025183,-0.344877,0.003153,-0.250519
0.221016,0.019378,-0.010084,-0.173199,0.300373,-0.015771,-0.343739,-0.007008,0.330899
0.221055,0.006433,-0.015831,-0.177430,0.278239,0.008557,-0.311848,0.000455,-0.177724
0.221094,0.012670,-0.023412,-0.173394,0.321061,-0.046514,-0.316759,-0.009516,-0.088357
0.221133,0.003982,-0.021235,-0.159897,0.298670,-0.057636,-0.362698,-0.043592,-0.153794
0.221172,-0.019279,-0.011731,-0.173349,0.313021,-0.002000,-0.394533,0.007059,-0.620936
0.221211,0.000823,-0.017197,-0.184433,0.324947,-0.035058,-0.334875,0.101383,-0.480186
0.221250,0.016914,-0.023089,-0.180846,0.313680,-0.057236,-0.326613,0.140183,-0.151161
0.221289,0.008502,-0.009900,-0.169644,0.325412,-0.053640,-0.375234,0.047721,-0.217116
0.221328,0.001101,-0.017541,-0.207572,0.317433,-0.045951,-0.352036,0.036801,-0.463526
0.221367,0.010357,-0.003672,-0.187736,0.324094,-0.068412,-0.385886,-0.079963,-0.317549
0.221406,-0.002238,-0.032274,-0.181931,0.307852,-0.049488,-0.398737,-0.102358,-0.224126
0.221445,0.000571,-0.008878,-0.174452,0.325548,-0.033394,-0.338310,-0.067676,0.012628
0.221484,0.004070,-0.022032,-0.182305,0.353117,-0.074009,-0.409123,-0.047648,-0.584692
0.221523,0.016327,-0.030938,-0.195140,0.362219,-0.038951,-0.405452,0.027598,-0.029721
0.221562,-0.006401,-0.022593,-0.195279,0.347272,-0.055322,-0.334226,0.073659,-0.214443
0.221602,-0.002606,-0.012645,-0.208857,0.360707,-0.047190,-0.362989,0.066468,0.441113
0.221641,0.006673,-0.021867,-0.187400,0.389696,-0.047742,-0.368082,0.037828,-0.419785
0.221680,0.006471,-0.021905,-0.207102,0.374049,-0.015766,-0.373590,-0.032436,-0.346894
0.221719,0.007516,-0.028142,-0.200664,0.398581,-0.034627,-0.356207,-0.074838,-0.080675
0.221758,0.006966,-0.020415,-0.217816,0.382581,-0.065046,-0.380573,-0.079528,-0.411487
0.221797,0.018845,-0.017098,-0.199557,0.375241,-0.040735,-0.364443,-0.016732,0.017257
0.221836,0.011813,-0.006209,-0.210055,0.379610,-0.056670,-0.415418,-0.003719,-0.222168
0.221875,0.003347,-0.013193,-0.236523,0.386576,-0.076965,-0.395889,0.056274,-1.068859
0.221914,0.006308,-0.021237,-0.202430,0.393628,-0.032917,-0.420321,0.052363,-0.415371
0.221953,0.010554,-0.034765,-0.202752,0.388327,-0.070207,-0.369918,0.006001,-0.150805
0.221992,0.006769,-0.012088,-0.227296,0.406954,-0.032511,-0.337343,-0.014748,-0.138247
0.222031,0.008067,-0.035594,-0.219364,0.401594,-0.079542,-0.397366,-0.056329,-0.263540
0.222070,0.015972,-0.018189,-0.241656,0.395524,-0.066923,-0.341580,-0.055392,-0.086527
0.222109,0.011560,-0.042522,-0.198252,0.427051,-0.034447,-0.454975,-0.033180,-0.254482
0.222148,-0.013369,-0.024196,-0.226330,0.391383,-0.029101,-0.406954,0.013422,-0.082549
0.222188,0.004237,-0.013234,-0.226119,0.394837,-0.028376,-0.422946,0.062506,-0.053669
0.222227,0.003151,-0.015734,-0.230871,0.436303,-0.047825,-0.379715,0.044189,0.271167
0.222266,-0.014198,-0.017540,-0.217003,0.414521,-0.046905,-0.341844,0.024445,0.208858
0.222305,-0.013252,-0.030141,-0.229941,0.395755,-0.064736,-0.444037,0.001057,-0.417715
0.222344,0.026158,-0.024214,-0.236289,0.457337,-0.068186,-0.431246,-0.038455,-0.375356
0.222383,-0.006271,-0.017457,-0.232674,0.447321,-0.086920,-0.398705,-0.013173,0.093136
0.222422,0.007161,-0.016747,-0.237969,0.428140,-0.083139,-0.415149,-0.031565,-0.169930
0.222461,-0.000292,-0.037069,-0.235759,0.437274,-0.043416,-0.386781,0.011140,0.050412
0.222500,-0.004972,-0.036498,-0.265460,0.444763,-0.110840,-0.366387,0.026556,-0.237372
0.222539,0.010038,-0.029195,-0.216780,0.454522,-0.030020,-0.401134,0.029642,0.389699
0.222578,0.001194,-0.021469,-0.250489,0.414033,-0.041578,-0.383282,-0.002935,-0.354154
0.222617,0.026599,-0.026080,-0.241172,0.457096,-0.056074,-0.383877,0.001352,-0.332945
0.222656,0.010477,-0.038514,-0.256579,0.461239,-0.076939,-0.318919,-0.009824,-0.241033
0.222695,0.013418,-0.023135,-0.269261,0.480020,-0.033601,-0.402968,-0.024717,0.012622
0.222734,-0.002993,-0.027449,-0.267194,0.452095,-0.062203,-0.415787,-0.028543,0.077985
0.222773,-0.001713,-0.012829,-0.262088,0.443899,-0.053507,-0.366279,0.034597,0.058615
0.222812,-0.000824,-0.035334,-0.253176,0.468714,-0.022299,-0.369047,0.027965,-0.577343
0.222852,0.022324,-0.032304,-0.225624,0.456050,-0.057316,-0.387248,0.018599,-0.496176
0.222891,0.002866,-0.032752,-0.271771,0.452354,-0.014951,-0.419153,0.007334,-0.343280
0.222930,0.006520,-0.027995,-0.263723,0.461930,-0.039695,-0.404186,0.023994,0.241757
0.222969,-0.009612,-0.037858,-0.282504,0.471852,-0.086326,-0.422979,0.025999,0.531551
0.223008,0.006610,-0.038306,-0.275788,0.439592,-0.052049,-0.367851,0.003015,0.048465
0.223047,-0.004541,-0.029758,-0.285747,0.473755,-0.081619,-0.357690,0.012797,-0.298157
0.223086,0.004750,-0.036956,-0.251770,0.465895,-0.063191,-0.372847,0.013224,0.704516
0.223125,-0.028304,-0.031075,-0.262198,0.475670,-0.059594,-0.384006,0.054115,-0.036984
0.223164,-0.001402,-0.027770,-0.269453,0.474230,-0.080107,-0.362051,0.019769,-0.432131
0.223203,-0.001125,-0.047988,-0.267666,0.468316,-0.067213,-0.360821,0.027049,0.228389
0.223242,-0.004530,-0.017619,-0.257087,0.470199,-0.061451,-0.401928,0.021680,-0.071886
0.223281,-0.006589,-0.051651,-0.286146,0.482521,-0.070030,-0.358111,-0.016033,-0.500774
0.223320,0.000620,-0.030377,-0.295173,0.459157,-0.089358,-0.355931,0.017058,0.322047
0.223359,-0.014044,-0.028532,-0.291520,0.481637,-0.029760,-0.318350,0.000433,0.644219
0.223398,-0.017368,-0.014657,-0.330177,0.449395,-0.074411,-0.338277,0.009642,0.080572
0.223438,0.010443,-0.035755,-0.294500,0.465423,-0.052270,-0.404053,0.015006,0.087952
0.223477,-0.004721,-0.014560,-0.280423,0.464875,-0.045998,-0.348175,-0.008297,-0.204239
0.223516,-0.011906,-0.029539,-0.303826,0.462171,-0.043215,-0.393060,0.027673,-0.039021
0.223555,-0.010533,-0.032091,-0.300842,0.489780,-0.078790,-0.327966,0.017867,0.103315
0.223594,-0.000245,-0.032452,-0.297054,0.480603,-0.044007,-0.399371,-0.018662,-0.470532
0.223633,0.005568,-0.029145,-0.290666,0.454222,-0.054915,-0.342256,0.001193,0.113983
0.223672,-0.006671,-0.020379,-0.270075,0.477555,-0.092026,-0.324075,-0.011552,-0.224658
0.223711,-0.022916,-0.033510,-0.328714,0.486575,-0.105233,-0.319227,0.000785,0.221057
0.223750,-0.019789,-0.035654,-0.318341,0.478496,-0.080367,-0.337059,0.022623,0.011385
0.223789,0.001765,-0.025131,-0.307321,0.448926,-0.067955,-0.344355,0.032647,0.977689
0.223828,-0.004250,-0.032193,-0.297674,0.509643,-0.053880,-0.364030,0.017860,0.598400
0.223867,0.019011,-0.016910,-0.311842,0.463160,-0.105567,-0.337650,0.008676,-0.248981
0.223906,-0.015260,-0.036142,-0.324320,0.463631,-0.052382,-0.390972,0.028975,0.694913
0.223945,0.003077,-0.038835,-0.339528,0.471110,-0.057776,-0.375509,0.022835,0.298839
0.223984,-0.007260,-0.041436,-0.318322,0.476521,-0.072261,-0.358650,0.004613,-0.439611
0.224023,-0.016417,-0.020298,-0.295854,0.467335,-0.069524,-0.387996,0.032819,0.633385
0.224062,-0.010988,-0.034234,-0.302745,0.465642,-0.084908,-0.384422,0.017271,-0.001343
0.224102,-0.007156,-0.035509,-0.332531,0.442685,-0.045834,-0.359366,0.044196,-0.555756
0.224141,-0.011393,-0.029377,-0.325300,0.472719,-0.071670,-0.321292,-0.011867,-0.134511
0.224180,-0.030636,-0.035926,-0.332442,0.455147,-0.050705,-0.370616,0.046164,0.713070
0.224219,-0.018972,-0.032028,-0.304348,0.466745,-0.089244,-0.319866,0.052655,-0.059897
0.224258,-0.006229,-0.037493,-0.350037,0.429244,-0.066085,-0.370626,0.016007,-0.088969
0.224297,-0.008426,-0.035303,-0.334459,0.447017,-0.090199,-0.342115,-0.008112,0.674664
0.224336,-0.021048,-0.035444,-0.337092,0.451536,-0.077789,-0.359568,0.005508,-0.110181
0.224375,-0.013399,-0.043833,-0.338695,0.467026,-0.069490,-0.401695,-0.003486,0.463814
0.224414,-0.005845,-0.034385,-0.337510,0.430405,-0.095945,-0.380933,0.008822,-0.004643
0.224453,-0.010891,-0.039434,-0.350271,0.416791,-0.078793,-0.329187,0.029904,-0.278695
0.224492,0.001089,-0.045591,-0.346128,0.447148,-0.078961,-0.320940,0.030306,0.316255
0.224531,-0.013484,-0.039025,-0.350354,0.424697,-0.085601,-0.420361,0.033046,-0.369518
0.224570,-0.002843,-0.044511,-0.331837,0.449649,-0.057815,-0.329554,0.055275,-0.146705
0.224609,-0.028682,-0.031040,-0.365998,0.435482,-0.103381,-0.401374,0.010166,0.322725
0.224648,-0.018043,-0.027541,-0.359874,0.438436,-0.084138,-0.324062,0.003829,-0.109165
0.224688,-0.018369,-0.036999,-0.328365,0.455303,-0.084480,-0.386325,0.010641,-0.580215
0.224727,-0.011589,-0.045081,-0.355696,0.426949,-0.023106,-0.349495,0.008178,0.090365
0.224766,-0.028225,-0.029588,-0.348947,0.448634,-0.079398,-0.319888,0.002014,0.038657
0.224805,-0.024539,-0.044081,-0.347439,0.403829,-0.032783,-0.334951,0.018923,0.599492
0.224844,-0.018313,-0.046468,-0.335067,0.422335,-0.072345,-0.281171,0.048969,-0.309855
0.224883,-0.028137,-0.028924,-0.372107,0.415059,-0.080706,-0.293539,0.035085,-0.008492
0.224922,-0.013597,-0.036805,-0.368181,0.424556,-0.077362,-0.337104,0.033833,0.366080
0.224961,-0.010644,-0.038474,-0.372056,0.410880,-0.060751,-0.317670,0.019937,0.098315
0.225000,-0.018445,-0.027626,-0.372965,0.411156,-0.054066,-0.350492,0.035923,0.322548
0.225039,-0.016438,-0.038148,-0.381281,0.387933,-0.066005,-0.356215,0.027205,0.589860
0.225078,-0.026470,-0.046799,-0.367805,0.417924,-0.045975,-0.309430,0.042926,-0.221135
0.225117,-0.045503,-0.036574,-0.392055,0.392303,-0.096160,-0.316257,0.038722,-0.424246
0.225156,-0.023274,-0.037363,-0.386697,0.410433,-0.080395,-0.349709,0.035862,0.219780
0.225195,-0.028046,-0.012460,-0.367602,0.403925,-0.045303,-0.338853,-0.001446,-0.517752
0.225234,-0.036661,-0.045200,-0.361457,0.376684,-0.085348,-0.265253,0.023708,0.327319
0.225273,-0.021866,-0.042500,-0.361936,0.382608,-0.074107,-0.331249,0.013289,0.311084
0.225312,-0.018768,-0.030419,-0.396183,0.370985,-0.082983,-0.323104,0.022159,0.520647
0.225352,-0.024238,-0.044620,-0.382934,0.381120,-0.024362,-0.333430,0.039138,0.526162
0.225391,-0.018543,-0.033471,-0.358662,0.367654,-0.060111,-0.273768,0.039762,-0.360888
0.225430,-0.014347,-0.046091,-0.374328,0.390963,-0.078797,-0.285020,0.020749,-0.429642
0.225469,-0.023853,-0.053829,-0.387468,0.317221,-0.054235,-0.327679,0.016386,0.129947
0.225508,-0.025198,-0.044921,-0.389685,0.337050,-0.044120,-0.291603,0.043209,0.061068
0.225547,-0.025982,-0.050781,-0.390210,0.361490,-0.075831,-0.335086,0.059813,0.237368
0.225586,-0.022648,-0.043827,-0.406879,0.331784,-0.047054,-0.273080,0.025193,0.240881
0.225625,-0.043722,-0.032764,-0.391040,0.323227,-0.046842,-0.269624,0.015953,0.338526
0.225664,-0.036946,-0.042024,-0.370415,0.331102,-0.084979,-0.278164,0.048735,0.529144
0.225703,-0.031462,-0.043012,-0.407740,0.342625,-0.068170,-0.260026,0.032799,0.377671
0.225742,-0.036630,-0.031484,-0.378690,0.334998,-0.064009,-0.317267,0.039575,0.250110
0.225781,-0.018172,-0.035536,-0.401452,0.301027,0.377496,-0.284191,0.015472,0.019631
0.225820,-0.028716,-0.053625,-0.412366,0.346031,1.034899,-0.304934,0.020276,-0.349908
0.225859,-0.029251,-0.034407,-0.388220,0.300557,0.639746,-0.273714,0.029765,-0.195280
0.225898,-0.020216,-0.046006,-0.400288,0.319318,-0.462808,-0.279289,0.031955,-0.069461
0.225938,-0.033409,-0.027324,-0.401239,0.294276,-1.093131,-0.286442,0.022443,0.013534
0.225977,-0.011790,-0.048499,-0.419265,0.306717,-0.758826,-0.274537,0.000103,-0.558638
0.226016,-0.023661,-0.031348,-0.385169,0.279412,0.249649,-0.295958,0.015548,-0.585354
0.226055,-0.042260,-0.029450,-0.412861,0.288211,0.851009,-0.266101,0.023505,-0.603359
0.226094,-0.035129,-0.034940,-0.414855,0.275607,0.558099,-0.265804,0.022492,0.892189
0.226133,-0.023867,-0.015395,-0.414888,0.285553,-0.295180,-0.234674,0.017700,0.060046
0.226172,-0.034157,-0.040851,-0.416054,0.300991,-0.905600,-0.204719,0.042696,0.754880
0.226211,-0.047370,-0.030311,-0.379210,0.274664,-0.698109,-0.213735,0.057248,0.250648
0.226250,-0.025390,-0.035791,-0.423005,0.233541,0.077399,-0.264944,0.028923,-0.377283
0.226289,-0.041963,-0.038282,-0.430934,0.268290,0.658336,-0.252687,0.035262,0.328538
0.226328,-0.019804,-0.048913,-0.401628,0.262179,0.504271,-0.280611,0.037552,0.510705
0.226367,-0.034509,-0.039304,-0.414729,0.227498,-0.167602,-0.285737,0.024042,0.111446
0.226406,-0.028537,-0.054506,-0.412016,0.257759,-0.726906,-0.272659,0.025556,-0.191048
0.226445,-0.034364,-0.027905,-0.434057,0.233512,-0.602597,-0.266349,0.026349,0.300937
0.226484,-0.024906,-0.042458,-0.422167,0.203191,-0.027862,-0.231916,0.054958,-0.281742
0.226523,-0.032686,-0.028935,-0.439924,0.247053,0.527992,-0.238109,0.006592,-0.007488
0.226563,-0.030004,-0.030746,-0.438314,0.219557,0.443098,-0.204318,0.039612,0.363971
0.226602,-0.026997,-0.031059,-0.424882,0.222560,-0.147442,-0.191826,0.020710,-0.007621
0.226641,-0.040683,-0.038853,-0.443534,0.195028,-0.585788,-0.215977,0.021129,0.121712
0.226680,-0.043289,-0.033631,-0.428333,0.193485,-0.532983,-0.263530,0.040643,0.491034
0.226719,-0.026994,-0.031906,-0.420205,0.164442,-0.053690,-0.237895,0.000901,0.101575
0.226758,-0.042864,-0.043509,-0.436314,0.178656,0.399320,-0.260054,0.011747,-0.060987
0.226797,-0.026673,-0.049700,-0.447873,0.169429,0.376590,-0.245955,0.020424,-0.207394
0.226836,-0.039684,-0.042257,-0.445955,0.170848,-0.079711,-0.200923,0.020717,0.121652
0.226875,-0.051361,-0.018424,-0.430594,0.161744,-0.456341,-0.174766,0.049729,0.616630
0.226914,-0.025778,-0.033208,-0.450528,0.155231,-0.472707,-0.204271,0.032920,0.464865
0.226953,-0.032426,-0.016588,-0.422959,0.154752,-0.127227,-0.211538,0.038562,0.441674
0.226992,-0.026879,-0.033677,-0.439938,0.158070,0.264712,-0.225737,0.040009,0.026422
0.227031,-0.042194,-0.036827,-0.443312,0.139983,0.312153,-0.313364,0.063678,0.453634
0.227070,-0.025147,-0.035751,-0.448429,0.123334,0.000512,-0.212111,0.023672,0.697099
0.227109,-0.028281,-0.045070,-0.438461,0.143382,-0.386831,-0.173499,0.016705,0.392627
0.227148,-0.052448,-0.036861,-0.457645,0.119102,-0.452174,-0.202622,0.041408,-0.006136
0.227187,-0.060372,-0.040587,-0.438527,0.142212,-0.130252,-0.168079,0.026180,0.219868
0.227227,-0.047068,-0.037413,-0.447609,0.098890,0.214679,-0.196270,0.041370,-0.037614
0.227266,-0.048104,-0.030889,-0.460972,0.075092,0.230356,-0.159467,0.031833,-0.306375
0.227305,-0.036629,-0.018166,-0.440415,0.076643,0.015089,-0.199250,0.003274,0.124543
0.227344,-0.050954,-0.036258,-0.455604,0.073013,-0.284264,-0.218726,0.004420,0.062739
0.227383,-0.052511,-0.028156,-0.453225,0.105602,-0.355984,-0.215360,0.050475,0.104937
0.227422,-0.034167,-0.032281,-0.444952,0.064786,-0.129233,-0.178973,0.029239,0.591170
0.227461,-0.044720,-0.027256,-0.457481,0.065333,0.122680,-0.228944,0.036325,-0.383659
0.227500,-0.050455,-0.014386,-0.452196,0.054886,0.254148,-0.191781,0.019920,0.223027
0.227539,-0.042151,-0.035598,-0.454683,0.024960,0.020194,-0.198957,0.038575,0.326604
0.227578,-0.045002,-0.039795,-0.457172,0.057467,-0.271424,-0.164545,0.030170,0.014283
0.227617,-0.029053,-0.020542,-0.433811,0.010630,-0.294829,-0.208550,0.034565,-0.300106
0.227656,-0.034057,-0.025906,-0.476016,0.032173,-0.150772,-0.167790,0.029659,0.203179
0.227695,-0.042782,-0.032947,-0.445129,0.010520,0.112169,-0.161382,0.026381,-0.158187
0.227734,-0.022029,-0.029917,-0.459503,0.014131,0.131940,-0.137557,0.047926,0.726300
0.227773,-0.050191,-0.034402,-0.461565,-0.002569,0.060033,-0.174507,0.064316,0.476123
0.227813,-0.033896,-0.025744,-0.458618,-0.011693,-0.213213,-0.153883,0.051862,-0.018105
0.227852,-0.048571,-0.024773,-0.456653,-0.022390,-0.246178,-0.183676,0.033630,0.216013
0.227891,-0.050622,-0.027869,-0.466702,-0.006833,-0.217876,-0.212170,0.074876,0.144277
0.227930,-0.040930,-0.029701,-0.462878,-0.027774,0.053242,-0.108599,0.029907,0.045123
0.227969,-0.052007,-0.026310,-0.473117,-0.044368,0.099816,-0.115052,0.044948,0.269280
0.228008,-0.032333,-0.026636,-0.462968,-0.015928,-0.000503,-0.154300,0.026143,0.185955
0.228047,-0.053218,-0.039962,-0.475013,-0.038448,-0.171805,-0.128997,0.000230,0.235568
0.228086,-0.061339,-0.029019,-0.447187,-0.049436,-0.260948,-0.140975,0.043493,-0.046701
0.228125,-0.027855,-0.032998,-0.446411,-0.051219,-0.143192,-0.147873,0.005781,-0.044791
0.228164,-0.047559,-0.016509,-0.448779,-0.056925,0.041991,-0.129065,0.007254,-0.239329
0.228203,-0.058963,-0.026689,-0.464933,-0.090531,0.113962,-0.155480,0.004796,0.178234
0.228242,-0.052564,-0.036488,-0.450731,-0.071751,0.030611,-0.125081,-0.012416,0.373472
0.228281,-0.053103,-0.012661,-0.458863,-0.071421,-0.145612,-0.135000,0.022420,-0.512780
0.228320,-0.059331,-0.020338,-0.441789,-0.050445,-0.237198,-0.117291,0.055654,-0.606281
0.228359,-0.025424,-0.024323,-0.442806,-0.088516,-0.130311,-0.127591,0.036868,0.077728
0.228398,-0.064645,-0.019092,-0.453213,-0.081681,-0.044290,-0.093101,0.012161,-0.535492
0.228437,-0.039693,-0.018087,-0.441053,-0.118802,0.053184,-0.124070,0.011880,-0.372921
0.228477,-0.058645,-0.024875,-0.467016,-0.151634,0.039028,-0.130662,0.028067,-0.037022
0.228516,-0.038800,-0.021699,-0.467496,-0.133054,-0.135044,-0.109649,0.027470,0.111791
0.228555,-0.047115,-0.038636,-0.472411,-0.138226,-0.169859,-0.037415,0.061883,0.140505
0.228594,-0.048871,-0.025597,-0.479651,-0.119072,-0.153410,-0.088006,0.086899,0.127028
0.228633,-0.060053,-0.010823,-0.460204,-0.128375,-0.028532,-0.088586,0.064910,-0.358869
0.228672,-0.047764,-0.014433,-0.456540,-0.149497,0.020796,-0.093536,0.055119,-0.109150
0.228711,-0.044978,-0.026689,-0.455613,-0.148225,0.044297,-0.106407,0.033414,-0.232971
0.228750,-0.050707,-0.021289,-0.449393,-0.176506,-0.096577,-0.083035,-0.027540,-0.662623
0.228789,-0.056725,-0.003118,-0.461834,-0.158579,-0.154098,-0.034206,-0.028779,-0.136510
0.228828,-0.036167,-0.025245,-0.470194,-0.174891,-0.166197,-0.067718,0.027440,-0.844896
0.228867,-0.051473,-0.022236,-0.474763,-0.173438,-0.028944,-0.087089,0.034997,-0.167714
0.228906,-0.041955,-0.012352,-0.461252,-0.180666,-0.008973,-0.103277,0.037539,-0.639054
0.228945,-0.045703,-0.021311,-0.473024,-0.214012,0.000370,-0.009396,0.058509,-0.262171
0.228984,-0.047896,0.007255,-0.467520,-0.198864,-0.092643,-0.069150,0.055962,0.173843
0.229023,-0.043326,-0.042394,-0.462747,-0.171947,-0.116981,-0.042116,0.006411,-0.496966
0.229063,-0.068096,-0.009000,-0.438879,-0.204152,-0.129383,-0.059522,-0.023549,-0.680121
0.229102,-0.058359,-0.024665,-0.465512,-0.210761,-0.032236,-0.117347,-0.011176,-0.194557
0.229141,-0.055223,-0.018014,-0.476545,-0.221551,-0.002910,-0.126544,-0.003582,-0.535506
0.229180,-0.061939,-0.022089,-0.465648,-0.231570,0.014519,-0.088418,0.048760,-0.232279
0.229219,-0.042091,-0.021563,-0.466604,-0.266976,-0.080163,-0.099191,0.052049,-0.264067
0.229258,-0.046456,-0.010997,-0.468710,-0.243804,-0.079487,-0.028177,0.057323,-0.056856
0.229297,-0.038692,0.001451,-0.473651,-0.214852,-0.108219,-0.007097,0.067560,0.221524
0.229336,-0.042600,-0.009377,-0.448397,-0.240259,-0.078440,-0.068528,0.032065,-0.317970
0.229375,-0.060090,-0.010913,-0.452106,-0.237151,-0.000695,-0.093931,0.002584,-0.732536
0.229414,-0.041251,0.000370,-0.451309,-0.281922,-0.031144,-0.116980,-0.001086,0.060755
0.229453,-0.068313,-0.029115,-0.467368,-0.257009,-0.047147,-0.009847,0.046822,-0.665837
0.229492,-0.036023,-0.012230,-0.463819,-0.277437,-0.129658,-0.042141,0.023013,-0.387161
0.229531,-0.033693,-0.015967,-0.456231,-0.296468,-0.110712,0.017404,0.054900,-0.335598
0.229570,-0.045138,-0.000848,-0.453367,-0.280846,-0.072329,-0.028508,0.052067,-0.039639
0.229609,-0.053737,-0.009598,-0.453408,-0.279335,-0.003155,-0.047766,0.036839,0.112934
0.229648,-0.044355,-0.013393,-0.450067,-0.294245,0.002320,-0.011000,0.044619,-0.082828
0.229687,-0.050999,-0.019626,-0.447907,-0.317054,-0.026433,-0.012678,0.003360,0.164034
0.229727,-0.048730,-0.017902,-0.453430,-0.308552,-0.099308,-0.058968,0.019646,0.395244
0.229766,-0.044848,0.008048,-0.462227,-0.327728,-0.143780,-0.024553,0.012957,-0.171304
0.229805,-0.054220,-0.009157,-0.455190,-0.337713,-0.005555,-0.060932,0.035492,-0.698945
0.229844,-0.054695,-0.014469,-0.457211,-0.312196,-0.006748,-0.038439,0.022728,0.049892
0.229883,-0.058782,-0.024529,-0.453337,-0.334495,0.003294,-0.090843,0.039028,-0.277962
0.229922,-0.066310,-0.020798,-0.447648,-0.343207,-0.030687,0.006905,0.041194,-0.377413
0.229961,-0.045963,-0.019565,-0.460562,-0.351429,-0.123555,-0.038520,0.031031,-0.216763
0.230000,-0.056277,-0.013157,-0.477250,-0.343490,-0.108955,-0.026603,0.020112,0.140371
0.230039,-0.053241,-0.003574,-0.447670,-0.369530,-0.043017,-0.060846,0.040479,-0.144729
0.230078,-0.033842,-0.007710,-0.447474,-0.375788,-0.038149,0.009181,0.015641,0.054855
0.230117,-0.030259,-0.009978,-0.448919,-0.364268,-0.012117,0.020036,0.041357,-0.297282
0.230156,-0.029524,-0.012854,-0.444974,-0.380926,-0.043451,-0.047427,0.034656,-0.017459
0.230195,-0.051730,-0.002527,-0.460936,-0.382159,-0.080613,-0.035705,0.039447,-0.553456
0.230234,-0.046945,-0.003527,-0.445218,-0.369340,-0.084273,0.029461,0.012531,-0.512751
0.230273,-0.066645,-0.013633,-0.479596,-0.374818,-0.072419,0.031008,0.089738,0.355958
0.230313,-0.041304,-0.017025,-0.444511,-0.405751,-0.037076,-0.035815,0.038843,0.085228
0.230352,-0.052607,0.000591,-0.441935,-0.386654,0.026079,0.045918,0.050936,-0.893627
0.230391,-0.050791,-0.012094,-0.457871,-0.390132,-0.015716,-0.003285,0.047265,0.298731
0.230430,-0.064670,-0.020013,-0.453700,-0.408762,-0.049430,-0.025932,0.023961,-0.205561
0.230469,-0.047945,-0.001155,-0.463380,-0.398627,-0.054341,-0.013158,0.028101,0.134801
0.230508,-0.063708,0.007306,-0.430168,-0.419109,-0.041504,-0.005553,0.019730,0.783830
0.230547,-0.047230,0.002765,-0.422640,-0.402304,-0.045187,-0.024958,0.032269,-0.258953
0.230586,-0.066081,-0.002232,-0.424256,-0.404367,-0.034217,0.029412,0.046273,-0.299446
0.230625,-0.039072,0.005395,-0.414515,-0.438864,-0.026527,-0.041411,0.036210,-0.278540
0.230664,-0.070642,-0.008277,-0.445123,-0.438486,-0.042321,-0.024149,0.040396,0.172122
0.230703,-0.051307,-0.006073,-0.446178,-0.461372,-0.069745,0.029879,0.043265,-0.095930
0.230742,-0.047455,0.001791,-0.429131,-0.466181,-0.067845,-0.027173,0.027836,-0.555370
0.230781,-0.032761,0.012291,-0.436292,-0.411925,-0.036058,0.029485,0.046866,0.219938
0.230820,-0.054945,-0.007139,-0.420371,-0.440251,-0.035083,0.031558,0.020174,-0.842223
0.230859,-0.051577,-0.012153,-0.431504,-0.429349,-0.029336,-0.069399,0.068038,0.679759
0.230898,-0.042054,-0.000236,-0.434097,-0.434291,-0.036688,-0.004202,0.041494,0.111568
0.230937,-0.039767,-0.005214,-0.425613,-0.464089,-0.075332,-0.065409,0.023781,-0.668206
0.230977,-0.053336,-0.010449,-0.433689,-0.476204,-0.025083,0.009840,0.085985,-0.335119
0.231016,-0.030502,-0.010678,-0.437046,-0.476068,-0.018464,0.011152,0.008077,0.444830
0.231055,-0.029876,0.007845,-0.430312,-0.438087,-0.001049,-0.053766,0.005541,0.081743
0.231094,-0.047703,0.003976,-0.422187,-0.463312,-0.035679,-0.021830,0.038713,0.601695
0.231133,-0.046318,-0.014753,-0.422567,-0.448311,-0.058796,-0.003917,0.025040,-0.150183
0.231172,-0.057848,0.003622,-0.422524,-0.456479,-0.018194,-0.035430,0.027227,0.220247
0.231211,-0.064100,-0.015318,-0.405116,-0.474064,-0.024372,0.021339,0.054065,-0.262661
0.231250,-0.039120,0.014404,-0.390561,-0.496100,-0.019315,-0.032176,-0.001566,-0.255391
0.231289,-0.037191,-0.000288,-0.423835,-0.487923,-0.009746,-0.004556,0.040293,0.818537
0.231328,-0.044712,-0.005168,-0.406837,-0.440259,-0.001127,0.008482,0.045750,0.039123
0.231367,-0.050097,-0.000999,-0.377209,-0.497725,-0.016484,0.018717,-0.002040,-0.439639
0.231406,-0.037013,-0.004408,-0.415779,-0.474281,-0.045767,-0.046858,0.020367,0.081742
0.231445,-0.044749,-0.004868,-0.372573,-0.453783,-0.011593,-0.018165,0.037348,-0.039926
0.231484,-0.053071,0.000144,-0.411364,-0.499084,-0.013020,-0.042658,0.015194,0.154890
0.231523,-0.043415,0.000786,-0.405833,-0.483158,-0.025570,0.013445,0.030181,0.269261
0.231563,-0.049830,0.003721,-0.377392,-0.511273,-0.043013,-0.032236,0.016741,0.723980
0.231602,-0.052371,0.006546,-0.415739,-0.478704,-0.003403,-0.019485,0.042078,0.658961
0.231641,-0.055693,-0.005247,-0.379792,-0.527783,-0.028727,-0.046266,0.007797,0.359155
0.231680,-0.056246,0.015610,-0.372350,-0.491618,-0.054419,-0.041702,0.038536,0.252776
0.231719,-0.051146,0.000216,-0.403174,-0.504564,-0.044301,-0.015256,0.000714,-0.054707
0.231758,-0.052847,-0.004034,-0.374726,-0.510224,-0.033962,0.012553,-0.028374,0.197050
0.231797,-0.041527,-0.003525,-0.401938,-0.508688,-0.014451,-0.043363,0.004223,-0.133563
0.231836,-0.029295,-0.000464,-0.391694,-0.491875,-0.036107,0.002661,0.040322,-0.005122
0.231875,-0.056614,-0.000600,-0.378174,-0.507818,-0.037695,-0.059225,0.004120,-0.693426
0.231914,-0.058660,0.007849,-0.387315,-0.520163,-0.026468,-0.048766,0.030216,-0.553104
0.231953,-0.069644,-0.006522,-0.368781,-0.490833,-0.009541,-0.022217,0.057676,0.433206
0.231992,-0.060061,0.007530,-0.382462,-0.493648,0.009622,-0.024783,0.063261,-0.622953
0.232031,-0.066318,-0.010290,-0.354986,-0.508831,-0.035119,-0.021360,0.015122,0.181385
0.232070,-0.055844,0.001314,-0.376829,-0.489366,-0.053728,-0.084069,0.031208,0.599119
0.232109,-0.035989,-0.004980,-0.371830,-0.522497,-0.055782,-0.007791,0.041749,0.088874
0.232148,-0.064260,-0.005505,-0.371547,-0.506581,0.006315,-0.053875,0.020676,-0.191467
0.232187,-0.050129,0.001832,-0.367757,-0.521515,0.004430,-0.085750,0.024593,0.498728
0.232227,-0.046823,0.008027,-0.340442,-0.512372,-0.029423,-0.071884,0.052902,-0.092449
0.232266,-0.049295,0.013102,-0.366111,-0.495316,0.018437,-0.051252,0.035486,0.598180
0.232305,-0.045965,-0.006860,-0.362838,-0.540042,-0.004560,-0.054881,0.023494,0.063022
0.232344,-0.051079,0.006797,-0.353780,-0.535982,-0.007493,-0.065543,0.031395,-0.081187
0.232383,-0.042364,-0.005416,-0.368575,-0.500993,-0.071077,-0.048157,0.025566,0.553715
0.232422,-0.045256,-0.008976,-0.376722,-0.509983,-0.007393,-0.045243,0.035175,-0.642835
0.232461,-0.043762,-0.014898,-0.353573,-0.507417,0.001831,-0.048155,0.037330,0.052784
0.232500,-0.068723,0.008627,-0.344673,-0.489735,-0.000547,-0.036272,0.019682,0.033299
0.232539,-0.042783,0.007110,-0.329263,-0.499170,-0.009034,-0.021644,-0.012060,0.661933
0.232578,-0.047950,0.011543,-0.332712,-0.524703,-0.001387,-0.060581,0.030986,0.382391
0.232617,-0.064053,-0.000298,-0.363309,-0.499736,-0.027651,-0.063938,0.035615,0.072601
0.232656,-0.056041,0.017171,-0.339010,-0.512299,-0.048794,-0.051916,0.033698,0.408452
0.232695,-0.057081,0.008950,-0.319123,-0.512846,0.010781,-0.062262,0.022331,0.561709
0.232734,-0.041778,0.022638,-0.330174,-0.488926,-0.009598,-0.098592,0.023464,0.632171
0.232773,-0.050831,0.024183,-0.314323,-0.493502,-0.021126,-0.086518,0.030873,0.366854
0.232813,-0.067799,0.000762,-0.306788,-0.507699,-0.029177,-0.118201,0.041819,0.250725
0.232852,-0.056900,0.000320,-0.314075,-0.492642,-0.011643,-0.117592,0.008547,-0.345753
0.232891,-0.049302,0.027696,-0.322272,-0.482130,0.000715,-0.053858,0.019432,0.069219
0.232930,-0.051453,0.013416,-0.329507,-0.495629,-0.019961,-0.083038,0.008486,0.695134
0.232969,-0.054995,-0.001805,-0.311604,-0.490482,0.013290,-0.098003,0.019023,0.044288
0.233008,-0.046939,0.022996,-0.298513,-0.493272,0.004739,-0.047701,0.046810,0.893680
0.233047,-0.068676,0.015185,-0.293076,-0.488670,-0.012916,-0.075808,0.006345,0.318726
0.233086,-0.039512,0.018424,-0.325751,-0.462215,-0.002787,-0.081679,0.038132,0.530751
0.233125,-0.040087,-0.007641,-0.307352,-0.498000,-0.013916,-0.092908,0.041715,0.508842
0.233164,-0.050774,0.011906,-0.298604,-0.472976,0.001885,-0.062351,0.034639,0.432697
0.233203,-0.047138,0.020093,-0.317245,-0.471018,0.009700,-0.096845,0.047145,-0.156888
0.233242,-0.065169,0.008523,-0.292715,-0.488686,0.013561,-0.054771,0.053596,-0.200738
0.233281,-0.057479,0.015937,-0.284597,-0.462018,0.003754,-0.080267,0.045866,0.235696
0.233320,-0.064251,0.003172,-0.290510,-0.443650,-0.007818,-0.107865,0.053022,-0.167039
0.233359,-0.050602,0.019712,-0.278850,-0.466535,0.025838,-0.109405,0.053504,0.316444
0.233398,-0.048126,0.015306,-0.271845,-0.455693,-0.038703,-0.118326,0.017807,0.445197
0.233437,-0.046210,0.005189,-0.279017,-0.458820,-0.008221,-0.125155,0.053188,-0.210616
0.233477,-0.054227,0.021630,-0.262499,-0.454861,-0.020910,-0.078127,0.028007,0.243064
0.233516,-0.046206,0.013768,-0.259798,-0.480709,0.009479,-0.148860,0.031966,0.100001
0.233555,-0.045357,0.003515,-0.277613,-0.473484,-0.004468,-0.088328,0.032714,0.083669
0.233594,-0.055975,-0.000732,-0.265610,-0.444213,0.016157,-0.131453,-0.010026,-0.110594
0.233633,-0.043430,0.011488,-0.279914,-0.434405,0.012506,-0.140711,0.045433,-0.358622
0.233672,-0.048489,0.005836,-0.273773,-0.452185,-0.011486,-0.114810,0.038023,0.160144
0.233711,-0.041120,0.005652,-0.271258,-0.448665,0.026353,-0.109079,0.013735,0.494442
0.233750,-0.043570,-0.000168,-0.267248,-0.433093,0.002436,-0.144920,0.042398,-0.030081
0.233789,-0.037866,0.005387,-0.261102,-0.424589,-0.003914,-0.153453,0.030041,-0.462443
0.233828,-0.053695,0.009759,-0.261648,-0.444555,-0.012068,-0.120639,0.017274,0.282193
0.233867,-0.027752,0.012554,-0.228027,-0.435361,0.002944,-0.149574,-0.018455,0.502565
0.233906,-0.049260,-0.011664,-0.242101,-0.418825,0.010003,-0.136530,0.019378,0.148297
0.233945,-0.054892,0.000310,-0.238097,-0.408598,0.021144,-0.100003,0.022107,-0.094489
0.233984,-0.038684,0.003701,-0.247424,-0.414967,0.034218,-0.184106,0.049207,0.811738
0.234023,-0.053196,-0.000799,-0.226404,-0.413636,0.024122,-0.203952,0.031276,-0.243325
0.234063,-0.044649,0.006404,-0.208447,-0.382815,0.010355,-0.134942,0.024396,0.428182
0.234102,-0.037528,0.002281,-0.225592,-0.385396,0.006565,-0.194464,0.033338,0.738751
0.234141,-0.058844,0.015773,-0.214893,-0.376817,-0.021921,-0.143719,0.004438,-0.257731
0.234180,-0.055551,0.021529,-0.233479,-0.395081,-0.011530,-0.163428,0.020427,0.298153
0.234219,-0.034038,0.008372,-0.218269,-0.364504,-0.015145,-0.093251,0.031413,0.050726
0.234258,-0.043855,0.015932,-0.207831,-0.369565,-0.014980,-0.171710,0.042762,-0.593272
0.234297,-0.066320,-0.002789,-0.215030,-0.363463,0.051677,-0.166377,0.020315,0.130017
0.234336,-0.058855,0.035778,-0.199210,-0.362992,-0.017142,-0.186206,0.026301,0.330812
0.234375,-0.035637,-0.013242,-0.225514,-0.362460,0.024361,-0.162793,0.032455,0.413702
0.234414,-0.042664,0.011544,-0.202544,-0.335306,0.011650,-0.117224,0.054839,0.966376
0.234453,-0.061585,0.018624,-0.203394,-0.366507,0.018242,-0.137137,0.036825,0.323797
0.234492,-0.036878,0.002642,-0.194681,-0.352599,-0.034793,-0.078363,0.019751,0.185024
0.234531,-0.048973,-0.001879,-0.185105,-0.353661,0.020306,-0.107792,0.043260,0.699588
0.234570,-0.048180,0.013126,-0.185386,-0.329799,0.008821,-0.124802,0.046036,0.228371
0.234609,-0.057259,0.019645,-0.177795,-0.310879,0.020811,-0.099684,0.021578,0.778149
0.234648,-0.040391,0.000705,-0.182066,-0.338653,0.023403,-0.159619,0.022776,0.146719
0.234687,-0.050105,0.030315,-0.180351,-0.327988,0.022638,-0.113430,0.025071,0.345082
0.234727,-0.055741,0.015212,-0.164889,-0.297253,0.027309,-0.123266,0.016154,-0.016017
0.234766,-0.027605,0.028774,-0.179247,-0.297825,0.012192,-0.115002,0.046009,0.260440
0.234805,-0.036380,0.009750,-0.175427,-0.316824,0.004755,-0.112681,0.071851,0.258455
0.234844,-0.040583,0.021498,-0.162067,-0.306027,0.019914,-0.113808,0.033333,-0.022708
0.234883,-0.041477,0.009098,-0.160605,-0.308319,0.025027,-0.137101,0.030846,0.204972
0.234922,-0.029955,0.009269,-0.156136,-0.256845,0.029419,-0.086900,0.055467,-0.035428
0.234961,-0.031372,0.021793,-0.145775,-0.295960,0.027110,-0.134732,0.073717,-0.682763
0.235000,-0.057186,0.022678,-0.148263,-0.253844,0.043295,-0.163662,0.059990,0.178520
0.235039,-0.039272,0.017778,-0.139069,-0.266736,0.019928,-0.170956,0.026199,0.515464
0.235078,-0.020699,0.013827,-0.140199,-0.267416,0.014743,-0.142242,0.033392,0.724171
0.235117,-0.037415,-0.003122,-0.125747,-0.218630,0.040748,-0.091333,0.058437,0.326530
0.235156,-0.028653,0.005893,-0.148637,-0.263497,0.082386,-0.089060,0.031441,0.246918
0.235195,-0.037127,0.021368,-0.162372,-0.219805,0.055837,-0.147467,0.031126,-0.088712
0.235234,-0.037167,0.011091,-0.120853,-0.181703,0.034547,-0.052793,0.036969,0.793342
0.235273,-0.062656,0.026260,-0.123010,-0.202725,0.039959,-0.169236,0.032851,0.062455
0.235313,-0.043421,0.013192,-0.125557,-0.229254,0.035387,-0.134379,0.040224,-0.082334
0.235352,-0.029629,0.018562,-0.108433,-0.217235,0.043394,-0.085755,0.030459,0.411743
0.235391,-0.048659,0.027092,-0.130353,-0.193147,0.029438,-0.115853,0.042007,-0.167713
0.235430,-0.048308,0.013078,-0.095961,-0.225206,0.019843,-0.079459,0.025979,-0.058387
0.235469,-0.033697,0.023942,-0.095351,-0.154220,0.885367,-0.122334,0.016870,0.458571
0.235508,-0.022927,0.024227,-0.077377,-0.171766,1.154146,-0.107246,0.040244,-0.494795
0.235547,-0.051865,0.017201,-0.094660,-0.155593,0.281555,-0.116431,0.022233,0.082983
0.235586,-0.037920,0.012137,-0.114356,-0.165623,-0.730888,-0.087383,0.020984,0.749729
0.235625,-0.032104,0.022433,-0.107619,-0.127514,-0.968108,-0.046508,0.000545,0.083956
0.235664,-0.019921,0.012223,-0.098423,-0.157023,-0.291269,-0.040291,-0.003287,0.613371
0.235703,-0.043073,-0.000789,-0.096934,-0.112724,0.706291,0.005271,0.049098,0.136913
0.235742,-0.040867,0.013854,-0.067018,-0.109938,0.955633,-0.053680,0.027500,0.450822
0.235781,-0.044282,0.013092,-0.090129,-0.094789,0.356820,0.011786,0.055815,0.177224
0.235820,-0.055559,0.029363,-0.063942,-0.096011,-0.519375,-0.048376,0.024200,-0.583209
0.235859,-0.045544,0.011302,-0.062670,-0.105650,-0.805981,-0.012779,0.040535,-0.396642
0.235898,-0.053819,0.022406,-0.072206,-0.102514,-0.264013,-0.057135,0.029368,0.057975
0.235937,-0.048324,0.031915,-0.061273,-0.043677,0.500375,0.007421,0.030355,-0.413374
0.235977,-0.031402,0.025463,-0.070152,-0.070631,0.823030,-0.076858,0.034059,-0.077613
0.236016,-0.045205,0.020520,-0.068919,-0.060230,0.378865,0.027984,0.006467,0.108407
0.236055,-0.027324,0.024947,-0.056022,-0.090392,-0.335519,0.019958,0.033434,-0.250251
0.236094,-0.038265,0.018717,-0.064752,-0.022338,-0.667726,0.006331,0.033145,0.259119
0.236133,-0.025770,0.012820,-0.045968,-0.024492,-0.242073,-0.003043,0.018742,0.536439
0.236172,-0.016305,0.008711,-0.079241,-0.037945,0.381169,-0.007427,0.031860,-0.197596
0.236211,-0.032222,0.008619,-0.041762,-0.006217,0.690312,0.028846,0.031354,-0.074708
0.236250,-0.032880,0.013331,-0.040349,-0.012741,0.356989,-0.013714,0.036840,-0.070248
0.236289,-0.034399,0.025216,-0.042491,-0.013964,-0.231518,0.003005,0.027176,-0.067078
0.236328,-0.026777,0.018071,-0.022496,0.035100,-0.514840,0.106607,0.019387,-0.039884
0.236367,-0.038740,0.012610,-0.035900,0.015247,-0.249241,0.060744,0.067384,-0.016939
0.236406,-0.030344,0.027805,-0.024513,0.019785,0.244479,0.035784,0.031019,0.073586
0.236445,-0.044788,0.022642,-0.032507,0.048083,0.590397,0.075497,0.051135,0.012171
0.236484,-0.040571,0.026706,-0.040325,0.029072,0.330380,0.039384,0.012572,-0.200085
0.236523,-0.030854,0.012610,-0.017752,0.065898,-0.104240,0.095222,0.050766,-0.613168
0.236563,-0.028370,0.025129,-0.010349,0.032330,-0.420014,0.079212,0.010355,-0.696142
0.236602,-0.028518,0.010998,-0.020325,0.047289,-0.217360,0.025132,0.029645,-0.292162
0.236641,-0.031176,0.028883,-0.039246,0.085567,0.214076,0.123720,0.035895,-0.148088
0.236680,-0.019494,0.035227,-0.006769,0.084665,0.454762,0.075018,0.046259,-0.203203
0.236719,-0.040816,0.020214,0.000147,0.084049,0.339796,0.108638,0.045896,-0.442764
0.236758,-0.031731,0.018154,0.003309,0.119324,-0.041362,0.078389,0.052069,-0.929151
0.236797,-0.026192,0.016320,-0.002807,0.109968,-0.354144,0.142952,0.032206,-0.595606
0.236836,-0.037137,0.026067,0.023633,0.125714,-0.230933,0.182863,0.038857,-1.208759
0.236875,-0.033107,0.015732,-0.013740,0.137793,0.125540,0.119634,-0.003908,-0.628286
0.236914,-0.022910,0.017244,0.013174,0.141783,0.350829,0.162481,-0.002051,-0.445298
0.236953,-0.032857,0.020121,0.005031,0.128034,0.344084,0.157585,0.025606,0.251018
0.236992,-0.032439,0.010972,0.007748,0.168406,-0.024195,0.134140,0.028321,-0.441772
0.237031,-0.023555,0.032562,0.012983,0.173313,-0.295271,0.186035,0.019645,0.093444
0.237070,-0.029833,0.023713,0.033291,0.186224,-0.182911,0.198721,0.033865,-0.768229
0.237109,-0.039077,0.025596,0.031208,0.186973,0.086479,0.256783,-0.004064,0.456052
0.237148,-0.029344,0.027433,0.015688,0.213803,0.365785,0.199472,0.047237,-0.427961
0.237187,-0.020956,0.034438,0.028810,0.240135,0.294546,0.245880,0.034142,-0.522908
0.237227,-0.033370,0.014644,0.039306,0.212157,0.071485,0.182257,0.007064,-0.558684
0.237266,-0.033951,0.022289,0.018119,0.230804,-0.193249,0.242418,0.024366,-0.563380
0.237305,-0.012896,0.009411,0.047068,0.238458,-0.147022,0.224892,0.032383,-0.429572
0.237344,-0.033928,0.027912,0.044487,0.233675,0.061558,0.257706,0.024219,-0.588575
0.237383,-0.017792,0.019804,0.049708,0.267307,0.277705,0.265327,0.025067,-0.190797
0.237422,-0.037406,0.015253,0.057824,0.240343,0.259159,0.229370,0.059502,-0.480578
0.237461,-0.007464,0.034985,0.029339,0.278437,0.075654,0.290628,0.088004,-0.421695
0.237500,0.000173,0.031235,0.066147,0.278063,-0.102920,0.304878,0.122094,-0.324927
0.237539,-0.027423,0.016298,0.068451,0.275955,-0.130136,0.340254,0.110856,0.675880
0.237578,-0.027965,0.021967,0.041196,0.280814,0.050915,0.295301,0.043406,-0.373329
0.237617,-0.037130,0.025774,0.055133,0.314985,0.218491,0.341632,-0.017904,-0.059830
0.237656,-0.014216,0.022146,0.058078,0.321877,0.224915,0.341788,-0.041609,-0.001901
0.237695,-0.009755,0.027750,0.063162,0.309881,0.088385,0.335780,-0.030303,0.143165
0.237734,-0.026233,0.036912,0.094944,0.322268,-0.078283,0.352942,0.021890,0.119301
0.237773,-0.014582,0.038505,0.082392,0.329070,-0.097072,0.287131,0.052911,-0.723191
0.237813,-0.019144,0.030399,0.089436,0.332710,0.018280,0.434366,0.088825,-0.444482
0.237852,-0.020410,0.032781,0.108113,0.364449,0.164649,0.400015,0.092307,-0.267585
0.237891,-0.010106,0.030480,0.096557,0.374762,0.231043,0.388139,0.038603,-0.400159
0.237930,-0.022793,0.034552,0.093673,0.389541,0.111462,0.431626,-0.020947,-0.532560
0.237969,-0.001368,0.022396,0.103005,0.388275,-0.099066,0.424081,-0.037474,-0.044807
0.238008,-0.017411,0.019475,0.093734,0.402159,-0.127310,0.457252,0.009397,0.029160
0.238047,-0.016922,0.033102,0.117333,0.413457,0.027559,0.469532,0.043588,-0.187577
0.238086,-0.009424,0.037821,0.102116,0.402585,0.150251,0.471454,0.045055,-0.729793
0.238125,-0.017815,0.036603,0.121014,0.416400,0.193929,0.518104,0.120913,-0.074830
0.238164,-0.015330,0.024201,0.076117,0.432099,0.071151,0.452600,0.045874,0.009920
0.238203,-0.012607,0.028253,0.105813,0.417046,0.000949,0.481649,0.040920,0.148357
0.238242,-0.002188,0.025343,0.129721,0.435345,-0.056013,0.522562,0.039307,0.025859
0.238281,-0.018988,0.029843,0.115152,0.471096,0.064214,0.551900,-0.008360,-0.857603
0.238320,-0.009959,0.020357,0.126527,0.455902,0.118108,0.560432,0.004292,-0.278576
0.238359,-0.009159,0.038952,0.106393,0.463995,0.192527,0.534942,0.029007,-0.206303
0.238398,-0.014940,0.031478,0.106546,0.482265,0.098540,0.539127,0.036004,0.285497
0.238437,0.002415,0.032012,0.132196,0.490952,0.008724,0.536312,0.061813,0.566675
0.238477,0.002551,0.035246,0.111531,0.496865,-0.022144,0.546902,0.077069,0.076421
0.238516,-0.013275,0.013771,0.129218,0.474226,0.048701,0.588835,0.079831,-0.511192
0.238555,0.001384,0.041581,0.120317,0.492658,0.100404,0.584501,0.046080,-0.023963
0.238594,-0.006521,0.033087,0.141413,0.500284,0.162963,0.574162,0.007831,-0.189995
0.238633,0.010401,0.029523,0.120297,0.519207,0.140078,0.566827,0.005705,-0.219070
0.238672,-0.011578,0.019755,0.130519,0.547693,-0.001823,0.589961,0.022426,0.358210
0.238711,-0.005138,0.035716,0.161856,0.540288,-0.033568,0.603395,0.024758,-0.377291
0.238750,-0.007106,0.044014,0.145742,0.527808,0.030769,0.630815,0.065266,-0.011883
0.238789,-0.017293,0.023248,0.138890,0.563972,0.107780,0.626825,0.071643,0.976347
0.238828,0.007313,0.028338,0.168709,0.579864,0.139182,0.610989,0.055273,0.863918
0.238867,-0.000710,0.036670,0.168033,0.563258,0.097879,0.664526,0.028608,-0.591539
0.238906,-0.007429,0.020276,0.153080,0.565333,0.069530,0.597901,0.052544,-0.168654
0.238945,-0.009787,0.041767,0.163352,0.599331,0.016284,0.655772,0.027734,-0.052292
0.238984,0.009977,0.023330,0.163965,0.569709,0.009939,0.681335,0.017830,0.019195
0.239023,0.004460,0.016287,0.162610,0.600810,0.113036,0.672468,0.056949,-0.455414
0.239063,0.009570,0.026079,0.165745,0.617502,0.090234,0.683138,0.088367,0.282527
0.239102,0.003800,0.038739,0.168798,0.613923,0.103165,0.750236,0.052534,-0.341960
0.239141,0.009046,0.045308,0.177353,0.607109,0.090442,0.696924,0.049100,0.200778
0.239180,-0.011517,0.046167,0.191942,0.636952,-0.007441,0.650969,0.053067,0.167889
0.239219,0.020661,0.038769,0.178282,0.625144,-0.007340,0.729525,0.023439,-0.604012
0.239258,-0.004023,0.028639,0.167944,0.635206,0.103297,0.715423,0.042144,-0.370549
0.239297,-0.019835,0.027784,0.172615,0.661775,0.091488,0.736376,0.027549,-0.101617
0.239336,-0.010331,0.039723,0.213816,0.677453,0.106844,0.682842,0.056406,0.167051
0.239375,0.021976,0.041908,0.197389,0.650322,0.062661,0.742577,0.016559,0.168137
0.239414,-0.013069,0.052755,0.178705,0.641615,-0.001570,0.684756,0.052671,0.333002
0.239453,0.004656,0.036629,0.198651,0.668418,0.052929,0.738012,0.088258,-0.079755
0.239492,0.012262,0.041798,0.181995,0.697950,0.094140,0.765608,0.049057,0.960037
0.239531,-0.004867,0.037166,0.186903,0.685284,0.104825,0.777361,0.030232,0.335612
0.239570,0.025119,0.025813,0.201104,0.705105,0.089331,0.758095,0.022096,0.627324
0.239609,0.017257,0.056463,0.217351,0.715445,0.058866,0.741061,0.063609,0.228964
0.239648,0.015144,0.027293,0.184867,0.715956,0.026601,0.756944,0.023233,-0.248373
0.239687,0.006014,0.031322,0.196327,0.702993,0.036738,0.752812,0.043651,0.244854
0.239727,0.023907,0.031194,0.223641,0.720210,0.072482,0.818559,0.045153,-0.028015
0.239766,0.021071,0.033700,0.208174,0.732392,0.086920,0.810618,0.036879,0.073622
0.239805,0.006881,0.064791,0.187786,0.710992,0.057178,0.799999,0.056303,-0.120898
0.239844,0.012827,0.036401,0.208896,0.727261,0.056732,0.851371,0.045468,-0.312037
0.239883,0.000790,0.022798,0.236716,0.726265,0.018722,0.812422,0.019957,0.223302
0.239922,0.026943,0.035876,0.209836,0.759046,0.020817,0.872366,0.036126,-0.262049
0.239961,0.005984,0.054267,0.208239,0.727219,0.033002,0.911840,0.025800,-0.304734
0.240000,0.008482,0.046313,0.210807,0.753697,0.104796,0.873870,0.045602,0.551397
0.240039,0.011957,0.028991,0.233920,0.741325,0.072109,0.949269,0.053852,0.453278
0.240078,0.015536,0.021643,0.242643,0.766492,0.107428,0.847628,0.065522,-0.231201
0.240117,0.011149,0.054795,0.201540,0.716682,0.033300,0.847196,0.020738,0.264271
0.240156,0.022254,0.047052,0.237916,0.754873,0.066521,0.869879,0.049756,-0.458852
0.240195,0.016845,0.037668,0.222241,0.792429,0.071617,0.823577,0.033334,0.289002
0.240234,0.010419,0.031577,0.234223,0.767627,0.131377,0.864362,0.063298,0.430698
0.240273,0.022918,0.065710,0.222791,0.791485,0.127980,0.877186,0.016536,-0.250283
0.240313,0.026507,0.052631,0.232528,0.786893,0.056389,0.819887,0.064213,-0.596715
0.240352,0.006886,0.041096,0.226878,0.773620,0.039559,0.836927,0.048736,0.371912
0.240391,0.026024,0.035773,0.233089,0.749028,0.051192,0.861486,0.034540,-0.071663
0.240430,0.029766,0.033017,0.262526,0.798352,0.094249,0.901788,0.053159,-0.390669
0.240469,0.009385,0.036913,0.244876,0.808374,0.113889,0.865688,0.052908,0.681738
0.240508,0.027258,0.042351,0.247099,0.782755,0.084412,0.836064,0.055778,-0.292019
0.240547,0.019826,0.049378,0.268209,0.804684,0.098146,0.883935,0.028699,0.570795
0.240586,0.035204,0.033148,0.261242,0.815306,0.068587,0.838189,0.033452,0.809125
0.240625,0.032589,0.029951,0.260435,0.807378,0.084240,0.893295,0.037700,0.193244
0.240664,0.021426,0.044274,0.243283,0.811504,0.089968,0.844128,0.047799,0.224873
0.240703,0.032573,0.038433,0.270421,0.820663,0.093113,0.848546,0.039721,-0.245913
0.240742,0.028358,0.042459,0.268857,0.792328,0.049993,0.893059,0.049772,-0.181294
0.240781,0.025033,0.045240,0.272574,0.801245,0.075682,0.851997,0.042832,-0.060100
0.240820,0.024755,0.026724,0.260631,0.814234,0.061517,0.870406,0.031970,0.262088
0.240859,0.034287,0.055614,0.249955,0.822474,0.091222,0.882107,0.022151,-0.436611
0.240898,0.039847,0.045807,0.275337,0.785934,0.067922,0.819352,0.027645,0.048192
0.240937,0.033563,0.047031,0.264375,0.827343,0.072274,0.853871,0.023996,0.432464
0.240977,0.009501,0.040900,0.284973,0.819982,0.063684,0.888683,0.043606,-0.177720
0.241016,0.022026,0.036542,0.272410,0.799174,0.083748,0.926192,0.026154,-0.115866
0.241055,0.026979,0.055584,0.274720,0.824095,0.060796,0.901832,0.042338,0.380460
0.241094,0.025830,0.034390,0.272754,0.816776,0.104117,0.895070,0.010659,0.046402
0.241133,0.018104,0.036209,0.276319,0.812508,0.088303,0.889218,0.051006,0.116768
0.241172,0.005336,0.035711,0.287910,0.808252,0.117975,0.850909,0.057941,-0.868763
0.241211,0.018064,0.035502,0.267727,0.800725,0.088485,0.848324,0.022567,0.214078
0.241250,0.037696,0.033487,0.285206,0.791095,0.067745,0.837345,0.023368,0.692556
0.241289,0.028661,0.037879,0.290234,0.829418,0.049921,0.852205,0.080354,-0.057912
0.241328,0.043060,0.027609,0.292431,0.853154,0.065431,0.842163,0.058633,0.922600
0.241367,0.033859,0.040595,0.266330,0.831544,0.068123,0.836819,0.035196,0.308331
0.241406,0.029650,0.047379,0.281243,0.791541,0.030637,0.865958,0.025197,0.290816
0.241445,0.020694,0.034909,0.307288,0.783970,0.043710,0.896027,0.047737,0.065322
0.241484,0.039513,0.054675,0.293255,0.806820,0.040129,0.881902,0.026892,0.461666
0.241523,0.040937,0.042961,0.318878,0.793611,0.063151,0.870483,0.062846,-0.047702
0.241563,0.045053,0.042431,0.311425,0.776791,0.107305,0.861453,-0.009744,0.100638
0.241602,0.020654,0.039433,0.301837,0.807096,0.035627,0.859070,0.012395,-0.401235
0.241641,0.032420,0.040545,0.294583,0.799199,0.094433,0.833616,0.048340,0.474887
0.241680,0.037253,0.036187,0.306048,0.788708,0.048276,0.865321,0.052309,-0.987117
0.241719,0.037871,0.034957,0.291129,0.775292,0.084465,0.858726,0.033942,0.528683
0.241758,0.038379,0.023289,0.305127,0.801534,0.070372,0.842005,0.060298,0.599286
0.241797,0.029569,0.034693,0.305443,0.825497,0.098045,0.866703,0.004155,0.291462
0.241836,0.021590,0.044279,0.310544,0.803408,0.091584,0.854870,0.021684,0.432541
0.241875,0.031798,0.030462,0.301895,0.802376,0.078943,0.821206,0.075340,0.675205
0.241914,0.043321,0.038865,0.295961,0.766529,0.042378,0.802751,0.067956,0.315636
0.241953,0.038370,0.039351,0.298269,0.794643,0.115551,0.794354,0.027493,-0.343709
0.241992,0.038111,0.046233,0.294342,0.751409,0.036213,0.810771,0.058237,0.262145
0.242031,0.039524,0.039458,0.321120,0.779802,0.064492,0.795783,0.026438,0.163890
0.242070,0.039729,0.035443,0.304733,0.767540,0.075729,0.789225,0.035864,-0.152276
0.242109,0.040129,0.024288,0.301289,0.795249,0.056822,0.817890,0.045308,0.449461
0.242148,0.037860,0.049064,0.309517,0.757546,0.057699,0.750682,0.049784,0.484826
0.242188,0.041213,0.027015,0.329871,0.778851,0.059527,0.804334,0.063930,-0.019885
0.242227,0.042589,0.036134,0.332607,0.736461,0.082910,0.756964,0.029771,0.357701
0.242266,0.032777,0.039910,0.321841,0.770346,0.037229,0.771034,0.007881,-0.207692
0.242305,0.047840,0.037787,0.299842,0.753815,0.063018,0.750867,0.040503,0.761795
0.242344,0.034475,0.035155,0.295379,0.757722,0.055016,0.737850,0.041061,-0.364228
0.242383,0.047486,0.047764,0.319550,0.746162,0.058319,0.802121,0.042223,-0.130796
0.242422,0.024815,0.035744,0.320197,0.723275,0.080419,0.752937,0.041842,-0.030520
0.242461,0.037874,0.034563,0.300157,0.726049,0.075274,0.726345,0.053727,0.886910
0.242500,0.027632,0.036066,0.323279,0.728225,0.069101,0.786930,0.012842,-0.093589
0.242539,0.052845,0.027642,0.327602,0.718401,0.041942,0.754065,0.014263,0.291879
0.242578,0.032221,0.019826,0.316495,0.711705,0.075702,0.736002,0.025821,0.364541
0.242617,0.039859,0.035991,0.334732,0.708928,0.061807,0.740566,0.043297,0.552164
0.242656,0.041149,0.033930,0.327169,0.736357,0.069811,0.712857,0.036192,0.241110
0.242695,0.035711,0.031187,0.322886,0.700277,0.053524,0.709490,0.025350,0.298921
0.242734,0.042041,0.040149,0.318660,0.675314,0.029837,0.742070,0.055028,0.021913
0.242773,0.040997,0.037625,0.318595,0.726902,0.055473,0.695455,-0.004999,0.210452
0.242812,0.031965,0.027146,0.316047,0.699987,0.066014,0.711516,0.031958,0.507595
0.242852,0.056149,0.048916,0.322200,0.697051,0.072602,0.711285,0.037021,0.727836
0.242891,0.031491,0.058804,0.347120,0.701073,0.037704,0.709324,0.028239,-0.394809
0.242930,0.050689,0.013068,0.332591,0.682252,0.030752,0.677408,0.019969,-0.084719
0.242969,0.043367,0.031617,0.328557,0.695007,0.078370,0.621716,0.035639,0.160370
0.243008,0.036804,0.020073,0.329156,0.682823,0.067167,0.666563,0.037210,-0.154710
0.243047,0.047056,0.029055,0.360355,0.664902,0.077864,0.609275,0.009867,0.640751
0.243086,0.044982,0.030432,0.354007,0.657135,0.065119,0.636272,0.003955,0.149046
0.243125,0.063872,0.031693,0.368289,0.631685,0.096842,0.622374,0.019375,-0.099677
0.243164,0.035534,0.038041,0.344069,0.647719,0.082883,0.643518,0.049364,-0.080274
0.243203,0.041399,0.018804,0.350387,0.607251,0.046952,0.603481,0.057407,0.093644
0.243242,0.028983,0.032811,0.343261,0.626514,0.071063,0.613696,0.065343,0.251816
0.243281,0.028107,0.027485,0.354114,0.612253,0.057297,0.612177,0.032345,0.289131
0.243320,0.063181,0.019459,0.347047,0.611118,0.047963,0.668528,0.026189,0.276570
0.243359,0.034680,0.025637,0.348232,0.590101,0.061445,0.599180,0.032378,0.014678
0.243398,0.040001,0.029166,0.362949,0.585803,0.057408,0.570655,0.019915,0.021198
0.243438,0.046096,0.027802,0.324483,0.581790,0.051840,0.600743,0.038133,0.924770
0.243477,0.054878,0.017358,0.334975,0.582090,0.057150,0.555431,0.022308,0.456831
0.243516,0.026029,0.032418,0.337329,0.552821,0.024870,0.582982,0.012295,0.214640
0.243555,0.041988,0.027543,0.341322,0.594651,0.058185,0.567044,0.026845,0.318349
0.243594,0.038772,0.028555,0.358707,0.551808,0.047902,0.516451,0.041922,0.276049
0.243633,0.029738,0.022285,0.356323,0.578996,0.098677,0.527900,0.027662,-0.219704
0.243672,0.041944,0.036569,0.342302,0.566834,0.113905,0.533087,0.050543,0.531680
0.243711,0.049690,0.012550,0.361438,0.551268,0.024345,0.518330,0.052309,0.268785
0.243750,0.044461,0.030816,0.343013,0.549480,0.052636,0.607898,0.034256,0.197150
0.243789,0.031971,0.010913,0.373803,0.517725,0.015412,0.514249,0.039845,0.412262
0.243828,0.042277,0.014583,0.354742,0.526246,0.032462,0.546154,0.034798,-0.349734
0.243867,0.041087,0.023445,0.342670,0.529541,0.064609,0.458565,0.018011,-1.058882
0.243906,0.046536,0.028572,0.379139,0.494326,0.049600,0.538020,-0.008535,-0.706836
0.243945,0.024838,0.006339,0.354653,0.500293,0.055838,0.431023,0.028920,-0.236565
0.243984,0.050151,0.029518,0.373383,0.474322,0.069773,0.519405,0.016721,-0.050432
0.244023,0.040570,0.010198,0.382817,0.492670,0.067926,0.530114,-0.000667,0.122562
0.244062,0.022045,0.027480,0.346220,0.464735,0.034516,0.516074,0.034856,-0.008901
0.244102,0.022814,0.015741,0.359394,0.481772,0.055367,0.430177,-0.004293,-0.555418
0.244141,0.049443,0.034967,0.357920,0.492343,0.048556,0.470649,0.012338,0.248287
0.244180,0.028835,0.016103,0.359704,0.462583,0.018742,0.446741,0.006476,-0.146602
0.244219,0.043549,0.007524,0.360915,0.478505,0.044809,0.476332,0.030495,0.522966
0.244258,0.027582,0.006838,0.352269,0.434556,0.033468,0.468794,0.027403,0.016619
0.244297,0.060426,0.011453,0.360265,0.429901,0.042489,0.469507,0.012184,-0.159802
0.244336,0.046061,0.020376,0.380714,0.416301,0.065354,0.406047,0.014313,-0.187947
0.244375,0.045833,0.030000,0.367564,0.410768,0.034937,0.390022,0.018451,-0.270720
0.244414,0.035817,0.027728,0.371307,0.398563,0.043241,0.410191,0.034218,0.421304
0.244453,0.036390,0.014800,0.366199,0.370673,0.025782,0.442474,-0.001476,0.204387
0.244492,0.055690,0.015073,0.363396,0.373162,0.047589,0.387310,0.014827,0.772117
0.244531,0.014591,0.020426,0.372572,0.359876,0.047410,0.350208,0.012160,0.478393
0.244570,0.021915,0.019170,0.368460,0.349888,0.096621,0.383330,-0.010723,0.044799
0.244609,0.049535,0.023429,0.374969,0.355689,0.056025,0.361629,-0.019441,-0.250049
0.244648,0.041394,0.029109,0.370953,0.332029,0.031699,0.384725,0.001098,-0.164908
0.244688,0.049491,0.018930,0.372250,0.320848,0.025740,0.360887,0.031983,0.201092
0.244727,0.041715,0.020226,0.386591,0.337158,0.061297,0.387148,0.010797,-0.182756
0.244766,0.033663,0.023772,0.370265,0.305476,0.059338,0.383668,-0.027410,-0.166527
0.244805,0.037141,0.026394,0.385047,0.310923,0.015476,0.335048,0.006331,-0.508465
0.244844,0.031701,0.021300,0.380845,0.300756,0.975898,0.359238,-0.020877,-0.190077
0.244883,0.034761,0.006906,0.354849,0.286925,1.089194,0.397123,0.020756,-0.388989
0.244922,0.018914,0.011847,0.392234,0.277392,0.216138,0.401443,0.010493,-1.228775
0.244961,0.056153,0.017058,0.361332,0.289011,-0.743042,0.370084,-0.008360,-0.035709
0.245000,0.031818,0.015837,0.372683,0.278228,-0.921974,0.366643,0.045566,-0.136967
0.245039,0.032075,0.027324,0.361019,0.237660,-0.191811,0.303394,0.012198,-0.255741
0.245078,0.031967,0.031264,0.350210,0.238494,0.712649,0.327034,0.032784,-0.918414
0.245117,0.022170,0.021984,0.363721,0.211593,0.911737,0.385017,0.034615,0.002364
0.245156,0.013973,0.016498,0.385699,0.237269,0.289140,0.321644,0.001768,-0.149238
0.245195,0.033018,0.023745,0.382160,0.181906,-0.530477,0.302162,0.025003,0.458588
0.245234,0.042460,0.006465,0.368123,0.201940,-0.745769,0.385044,0.007848,-0.369672
0.245273,0.030413,-0.006578,0.365385,0.217250,-0.255705,0.342644,0.006516,-0.379413
0.245312,0.045860,0.027882,0.381860,0.189914,0.530173,0.292460,0.114628,0.059636
0.245352,0.030253,0.021780,0.376757,0.154745,0.793790,0.301735,0.210271,0.202443
0.245391,0.013877,0.014327,0.380340,0.150372,0.321571,0.335884,0.158858,-0.681768
0.245430,0.009060,0.024921,0.401693,0.199605,-0.400354,0.279260,0.015374,-0.354896
0.245469,0.026555,0.001907,0.358200,0.175963,-0.659446,0.313169,-0.086528,-0.255535
0.245508,0.043368,0.029168,0.375691,0.151558,-0.250794,0.307700,-0.112972,-0.373133
0.245547,0.032456,0.006706,0.388930,0.152157,0.448674,0.318084,-0.140975,-0.361329
0.245586,0.037122,0.002735,0.389550,0.134865,0.671757,0.252521,-0.014945,0.071613
0.245625,0.023572,0.028484,0.389541,0.123956,0.325066,0.329157,0.058250,-0.019004
0.245664,0.027612,-0.000322,0.376676,0.124887,-0.276543,0.224863,0.150387,-0.345097
0.245703,0.041320,0.018947,0.380139,0.101156,-0.529695,0.274812,0.110979,-0.089487
0.245742,0.033168,0.020858,0.368962,0.087174,-0.213678,0.284982,0.018649,-1.159089
0.245781,0.026524,0.016889,0.396674,0.100394,0.311067,0.315317,-0.052583,-0.154446
0.245820,0.048452,0.015504,0.384030,0.065625,0.544326,0.188762,-0.144279,-1.002080
0.245859,0.021708,0.015027,0.382549,0.076050,0.346030,0.255667,-0.101445,-0.342601
0.245898,0.023714,-0.002501,0.383454,0.053348,-0.142976,0.254532,-0.071156,0.350416
0.245938,0.021845,0.016447,0.391278,0.068938,-0.405548,0.242216,0.013806,0.497974
0.245977,0.012575,0.031372,0.384772,0.041612,-0.211572,0.232383,0.052716,-0.392455
0.246016,0.024731,0.007703,0.377033,0.031357,0.201189,0.227096,0.075538,-0.230432
0.246055,0.030084,0.017242,0.375175,0.008703,0.442996,0.218571,0.054175,-0.043261
0.246094,0.027960,-0.000260,0.382017,0.012411,0.308323,0.282560,-0.024832,0.079610
0.246133,0.044584,0.006859,0.380289,-0.010326,-0.124603,0.190829,-0.062451,-0.171581
0.246172,0.022595,0.012055,0.383155,0.006547,-0.338189,0.208044,-0.104515,0.216291
0.246211,0.038742,0.012066,0.380957,-0.015116,-0.211439,0.206144,-0.060263,-0.144669
0.246250,0.034224,0.007129,0.395785,-0.023688,0.145271,0.239782,0.028618,-0.779304
0.246289,0.039307,0.018706,0.399100,-0.028676,0.381763,0.182823,0.012086,0.233938
0.246328,0.049305,0.009275,0.400678,-0.026327,0.310096,0.228337,0.067120,0.242814
0.246367,0.031162,0.010131,0.377422,-0.031085,-0.032987,0.251374,0.016933,-0.453658
0.246406,0.033233,0.015353,0.387107,-0.031929,-0.260951,0.168216,-0.003042,-0.559729
0.246445,0.031532,0.016141,0.382102,-0.054226,-0.213453,0.152814,-0.072799,0.000390
0.246484,0.020616,0.012954,0.400548,-0.070102,0.082516,0.235988,-0.084423,0.039114
0.246523,0.026487,0.017326,0.406358,-0.062812,0.287144,0.200774,-0.042114,0.431765
0.246562,0.052986,0.012683,0.395887,-0.077195,0.233103,0.211980,-0.019215,0.112130
0.246602,0.022337,0.015616,0.415677,-0.081659,-0.025806,0.179360,0.032981,-0.662626
0.246641,0.038791,0.009127,0.386108,-0.087087,-0.208789,0.171360,0.018451,-0.256538
0.246680,0.033240,0.009231,0.397959,-0.087959,-0.186012,0.167351,0.016007,-0.188554
0.246719,0.023347,0.004140,0.400554,-0.143564,0.042109,0.164272,0.001502,0.162199
0.246758,0.029382,0.022174,0.378820,-0.143831,0.233704,0.180886,-0.049990,-0.752513
0.246797,0.037004,0.003686,0.397703,-0.137920,0.210951,0.182374,-0.039852,0.102460
0.246836,0.019079,0.012186,0.383820,-0.139272,-0.012025,0.169981,-0.047674,0.817364
0.246875,0.036158,0.027597,0.386794,-0.138940,-0.119136,0.190326,-0.026283,0.034893
0.246914,0.033004,0.010819,0.410210,-0.172646,-0.129467,0.165633,-0.004971,0.125427
0.246953,0.027635,0.013867,0.398569,-0.163404,0.033943,0.158996,0.038455,0.091246
0.246992,0.043564,0.032328,0.414049,-0.178491,0.238713,0.097275,0.020792,-0.712528
0.247031,0.017080,0.022323,0.393204,-0.162181,0.197100,0.116474,0.010362,-0.120361
0.247070,0.037712,0.019134,0.389147,-0.181781,0.019769,0.199503,-0.010265,-0.316504
0.247109,0.026122,0.006718,0.379452,-0.181943,-0.145075,0.160774,-0.064736,-0.213493
0.247148,0.034027,0.009506,0.399054,-0.164378,-0.119242,0.136906,-0.025460,-0.477469
0.247188,0.025017,0.010019,0.380268,-0.191507,-0.006877,0.131098,-0.018308,-0.423704
0.247227,0.043545,0.022462,0.404213,-0.220191,0.169636,0.162817,0.030666,0.232020
0.247266,0.040444,0.003727,0.419700,-0.199796,0.189280,0.062726,0.030720,-0.169297
0.247305,0.049652,0.013737,0.392047,-0.237704,0.034829,0.113108,-0.017014,-0.073400
0.247344,0.053294,0.014589,0.391434,-0.241275,-0.093616,0.111882,-0.002230,0.359389
0.247383,0.038687,0.006395,0.397440,-0.232443,-0.131800,0.143550,-0.049513,0.196894
0.247422,0.037254,0.018513,0.398687,-0.231505,-0.002009,0.129940,-0.023485,0.237540
0.247461,0.036422,0.019556,0.401265,-0.259948,0.146925,0.073082,-0.023293,0.282955
0.247500,0.030166,0.009914,0.402801,-0.243884,0.160656,0.093060,-0.043041,-0.140878
0.247539,0.027023,0.022746,0.403632,-0.255110,0.076302,0.083448,-0.030738,0.641784
0.247578,0.049777,0.020686,0.402718,-0.257914,-0.074090,0.147772,-0.001602,0.110654
0.247617,0.042197,0.023236,0.398767,-0.283404,-0.084371,0.085217,-0.007970,-0.110204
0.247656,0.036967,-0.007724,0.403507,-0.265745,0.026007,0.047718,0.040315,0.077694
0.247695,0.036059,0.007141,0.436682,-0.286159,0.096735,0.143922,-0.025587,0.141674
0.247734,0.027735,-0.012168,0.383698,-0.269977,0.134652,0.051690,-0.030322,0.052502
0.247773,0.032680,0.005473,0.383154,-0.304639,0.064472,0.038231,-0.029349,0.385285
0.247812,0.026727,0.011169,0.382210,-0.298181,-0.070994,0.082150,-0.024613,-0.278073
0.247852,0.037872,0.008505,0.375295,-0.316362,-0.068463,0.036524,-0.026284,-0.329205
0.247891,0.031386,0.018121,0.383595,-0.318902,-0.022696,0.061167,-0.040887,-0.023616
0.247930,0.034944,0.012961,0.398149,-0.304101,0.047978,0.021802,0.011439,0.254398
0.247969,0.037253,0.017416,0.384095,-0.316454,0.113207,0.078061,-0.021467,-0.148930
0.248008,0.026523,-0.000570,0.380211,-0.324700,0.062887,0.059745,-0.028199,0.219070
0.248047,0.048135,0.008820,0.396698,-0.344606,-0.039087,0.093800,-0.043956,-0.023241
0.248086,0.036323,0.003325,0.382508,-0.329074,-0.064759,0.065755,-0.067007,0.287170
0.248125,0.019371,0.009163,0.403444,-0.358548,-0.030480,0.053468,-0.017255,-0.463672
0.248164,0.035477,0.041222,0.366843,-0.351344,0.051856,0.076362,-0.030512,0.501989
0.248203,0.037383,0.011394,0.380651,-0.334092,0.076787,0.024878,-0.024222,0.605801
0.248242,0.036718,0.023386,0.383502,-0.375339,0.038772,0.056828,-0.033729,0.484188
0.248281,0.038173,0.006782,0.397756,-0.360048,-0.003214,-0.009236,-0.047261,-0.105389
0.248320,0.039804,0.002531,0.391817,-0.364258,-0.031920,0.052572,-0.023259,0.094870
0.248359,0.008091,0.001427,0.376787,-0.379578,-0.007923,-0.030473,-0.009088,0.008463
0.248398,0.018818,-0.003489,0.396638,-0.403758,0.040142,0.006711,-0.046376,0.799491
0.248438,0.035776,0.007497,0.378620,-0.417670,0.102129,0.009260,-0.049988,0.055869
0.248477,0.040942,0.009449,0.359232,-0.402673,0.078395,0.016721,0.000532,-0.784882
0.248516,0.029779,0.016852,0.377187,-0.373170,0.008206,0.022469,-0.033604,-0.232145
0.248555,0.019743,0.012066,0.383002,-0.417719,-0.018359,0.029214,-0.023743,0.411159
0.248594,0.019271,-0.001453,0.399304,-0.406172,-0.034235,-0.006928,-0.002508,-0.590318
0.248633,0.047581,0.008508,0.381246,-0.392283,0.012869,-0.005417,-0.050852,-0.435946
0.248672,0.007424,0.026289,0.381204,-0.403176,0.088165,-0.041831,-0.053356,0.196875
0.248711,0.051955,0.017790,0.394450,-0.424671,0.064117,-0.029541,-0.065117,0.174082
0.248750,0.019011,0.018324,0.385115,-0.435768,0.044039,-0.020422,-0.026972,-0.108113
0.248789,0.041532,0.003258,0.399117,-0.397748,-0.005307,-0.006043,-0.053483,-0.233236
0.248828,0.024162,0.016236,0.368367,-0.436292,-0.021728,-0.046875,-0.027646,0.150630
0.248867,0.031390,0.011933,0.402115,-0.423673,-0.005977,-0.053819,-0.061106,0.319267
0.248906,0.036050,0.026615,0.372381,-0.427579,0.052421,-0.078618,-0.038794,0.092741
0.248945,0.041448,0.020591,0.391007,-0.437509,0.080664,-0.019562,-0.043387,0.374037
0.248984,0.041906,0.011764,0.397122,-0.397460,0.043223,-0.034296,-0.071034,-0.213491
0.249023,0.048227,0.014828,0.377251,-0.440557,-0.047015,-0.092893,-0.054431,0.148329
0.249062,0.030415,0.018372,0.366859,-0.435149,0.000488,-0.008436,-0.011050,0.152979
0.249102,0.034662,0.005729,0.355628,-0.437434,0.011204,-0.040407,-0.062586,0.206690
0.249141,0.036487,0.019581,0.368205,-0.464301,0.035288,-0.022972,-0.030895,-0.110895
0.249180,0.041145,0.022638,0.370243,-0.427653,0.065351,-0.084569,-0.061796,-0.625033
0.249219,0.036630,0.010784,0.360764,-0.453028,0.000031,-0.076714,-0.045856,0.228556
0.249258,0.022518,-0.003649,0.372405,-0.439808,0.015923,-0.075469,-0.003311,-0.213046
0.249297,0.020390,0.023794,0.391611,-0.448500,-0.008488,-0.103465,0.148347,0.140175
0.249336,0.038255,0.021848,0.362388,-0.460278,0.002962,-0.089441,0.153200,0.259832
0.249375,0.048649,0.010230,0.399840,-0.471896,0.033712,-0.088572,0.097734,0.096729
0.249414,0.049726,0.007894,0.373976,-0.443489,0.027952,-0.135987,-0.039281,0.042140
0.249453,0.060863,0.013982,0.374431,-0.487972,0.025160,-0.120710,-0.172924,0.245153
0.249492,0.035822,0.012852,0.374708,-0.476965,-0.048622,-0.121122,-0.238305,-0.145640
0.249531,0.044590,0.009054,0.372531,-0.469331,0.008050,-0.159959,-0.183969,0.885273
0.249570,0.036811,-0.002136,0.363971,-0.476849,0.026496,-0.093748,-0.074312,0.241555
0.249609,0.036367,-0.002059,0.365806,-0.470543,0.062557,-0.198576,0.063507,0.245600
0.249648,0.041944,0.005713,0.359444,-0.472066,0.064915,-0.121618,0.103649,0.094726
0.249688,0.052036,0.006993,0.359457,-0.477654,0.031355,-0.145131,0.053250,-0.124397
0.249727,0.041926,0.025483,0.370154,-0.481743,0.006534,-0.196257,-0.001174,-0.318405
0.249766,0.047267,-0.000625,0.368880,-0.485563,-0.007742,-0.141602,-0.165162,0.024925
0.249805,0.033308,0.002721,0.355913,-0.467915,-0.025174,-0.172827,-0.192676,0.531052
0.249844,0.040646,0.012383,0.374624,-0.464387,0.035878,-0.159914,-0.185203,0.445273
0.249883,0.058165,0.005750,0.365503,-0.484544,0.045451,-0.109826,-0.062104,0.052773
0.249922,0.053447,-0.009328,0.361918,-0.485431,-0.021400,-0.154983,0.011359,0.399702
0.249961,0.034343,0.000230,0.386955,-0.521500,-0.020740,-0.171436,0.028385,-0.207638
0.250000,0.029871,0.016200,0.359849,-0.485665,0.000739,-0.245667,0.065875,-0.185973
0.250039,0.051668,0.010927,0.333986,-0.527016,0.042751,-0.147899,0.002683,0.022118
0.250078,0.054053,0.010662,0.361783,-0.526830,-0.015530,-0.245652,-0.087591,0.726962
0.250117,0.045209,0.004880,0.350187,-0.499124,0.002163,-0.115910,-0.117134,-0.003167
0.250156,0.043562,0.013076,0.365387,-0.492173,0.030506,-0.149362,-0.130784,-0.117937
0.250195,0.046752,0.018709,0.355449,-0.489269,-0.015378,-0.194546,-0.115419,0.602637
0.250234,0.043297,0.002801,0.366453,-0.499704,-0.000576,-0.218150,-0.004822,0.402893
0.250273,0.044480,0.010861,0.335827,-0.532598,0.003480,-0.233886,0.003354,0.616294
0.250312,0.039244,0.012134,0.341405,-0.500258,0.000237,-0.218868,0.021940,0.767868
0.250352,0.051476,-0.002530,0.349601,-0.501574,0.032812,-0.221128,-0.020475,-0.427738
0.250391,0.036785,0.001554,0.359975,-0.514280,0.052135,-0.205363,-0.084405,0.293438
0.250430,0.066108,0.016163,0.362234,-0.509021,0.018282,-0.230469,-0.105423,0.651113
0.250469,0.041831,0.020573,0.329482,-0.507516,-0.010736,-0.267745,-0.085415,0.800088
0.250508,0.066891,0.015363,0.341368,-0.481739,0.009493,-0.165016,-0.071494,-0.240146
0.250547,0.049002,0.007918,0.346407,-0.536085,-0.001218,-0.239069,-0.014668,0.290779
0.250586,0.045319,0.005949,0.350836,-0.527830,0.000604,-0.206612,0.018316,-0.024883
0.250625,0.051255,-0.005723,0.330746,-0.516634,0.033044,-0.247920,0.000001,0.494572
0.250664,0.049875,0.000829,0.325978,-0.525747,0.013444,-0.262508,-0.033378,0.179536
0.250703,0.045150,0.007629,0.333426,-0.510055,-0.020788,-0.262650,-0.059567,0.644149
0.250742,0.036909,0.002449,0.342332,-0.531605,-0.008739,-0.275992,-0.107346,0.420715
0.250781,0.056532,0.015129,0.335597,-0.528424,-0.011199,-0.294346,-0.113030,0.033996
0.250820,0.035134,0.015710,0.356068,-0.502671,0.015942,-0.234936,-0.114418,0.311381
0.250859,0.055345,-0.009443,0.351846,-0.497586,0.048892,-0.288841,-0.048861,-0.195655
0.250898,0.036217,0.014395,0.326894,-0.477589,0.046710,-0.256489,-0.044300,0.091625
0.250937,0.039878,0.012030,0.324783,-0.511314,-0.030424,-0.316365,-0.007153,0.478684
0.250977,0.044609,0.011220,0.350680,-0.490625,0.004550,-0.311142,-0.011256,0.430979
0.251016,0.044534,0.006975,0.352667,-0.507927,0.000967,-0.302098,-0.069031,0.285062
0.251055,0.022930,0.007164,0.339759,-0.510490,0.011667,-0.315884,-0.082117,0.286023
0.251094,0.050654,0.017727,0.322270,-0.489798,0.016974,-0.309022,-0.116483,0.181220
0.251133,0.038388,0.003838,0.329061,-0.530583,-0.028114,-0.315007,-0.072767,0.104368
0.251172,0.055644,0.012806,0.324331,-0.492117,-0.030606,-0.365986,-0.078891,0.304029
0.251211,0.058525,-0.001177,0.306841,-0.525928,0.021404,-0.296099,-0.040172,0.575303
0.251250,0.036889,0.011869,0.343016,-0.508414,-0.001024,-0.281184,-0.041389,0.105008
0.251289,0.033748,0.004014,0.323932,-0.517264,0.032218,-0.299681,-0.046312,-0.014598
0.251328,0.038513,0.009703,0.305681,-0.525574,-0.015091,-0.372161,-0.049503,0.409544
0.251367,0.076208,0.022465,0.313878,-0.502653,0.003861,-0.327084,-0.088081,0.064741
0.251406,0.045474,0.013160,0.299785,-0.506349,-0.021688,-0.340604,-0.084221,0.136907
0.251445,0.051868,0.008262,0.311893,-0.476253,-0.000813,-0.329963,-0.078611,-0.109727
0.251484,0.038715,0.005805,0.321252,-0.472585,0.015616,-0.373760,-0.048290,0.216116
0.251523,0.057538,0.004690,0.314900,-0.533745,-0.023947,-0.321641,-0.030987,0.749900
0.251563,0.037332,0.003982,0.307962,-0.532336,0.048653,-0.315024,-0.069346,0.018987
0.251602,0.062058,0.019795,0.309001,-0.509546,-0.013366,-0.311964,-0.051413,-0.269052
0.251641,0.054290,0.009595,0.327585,-0.524780,0.040486,-0.349705,-0.062090,0.645857
0.251680,0.033352,0.008996,0.305740,-0.525826,0.023790,-0.335786,-0.060598,0.574442
0.251719,0.049592,0.017167,0.308756,-0.500909,-0.012486,-0.363846,-0.034694,0.851123
0.251758,0.046825,0.003536,0.289683,-0.522402,-0.021759,-0.371712,-0.075264,-0.061601
0.251797,0.039806,-0.005685,0.307964,-0.523666,0.015541,-0.383916,-0.086801,0.317626
0.251836,0.039542,-0.003036,0.309691,-0.502705,0.034250,-0.347031,-0.067075,0.050342
0.251875,0.041146,0.008163,0.280901,-0.513794,-0.005776,-0.407700,-0.036633,0.063647
0.251914,0.046815,0.000557,0.291638,-0.532725,0.019330,-0.298148,-0.063935,-0.303196
0.251953,0.040126,0.007960,0.286168,-0.494346,0.037816,-0.349913,-0.049671,0.564488
0.251992,0.052576,0.004176,0.309875,-0.497538,0.062867,-0.351454,-0.087873,-0.179166
0.252031,0.035218,0.022333,0.281030,-0.518901,-0.008218,-0.349315,-0.096622,-0.570667
0.252070,0.046108,0.014880,0.277078,-0.514586,-0.012079,-0.377281,-0.061094,0.307491
0.252109,0.049805,0.007057,0.279271,-0.498753,-0.007859,-0.382442,-0.099434,0.196118
0.252148,0.048293,0.009571,0.281502,-0.505119,0.021643,-0.331548,-0.058834,-0.464042
0.252188,0.049889,-0.003172,0.286601,-0.489356,0.005323,-0.335405,-0.079105,0.422391
0.252227,0.032811,0.005508,0.268803,-0.509945,-0.019298,-0.334527,-0.037469,0.111501
0.252266,0.043413,0.004703,0.297456,-0.508746,-0.010677,-0.418191,-0.052041,-1.142291
0.252305,0.041143,0.009956,0.284066,-0.516147,0.017591,-0.369469,-0.049504,0.132693
0.252344,0.034510,0.001920,0.276364,-0.489004,0.017791,-0.323820,-0.056891,0.321153
0.252383,0.044429,0.009675,0.277195,-0.490412,0.015749,-0.395684,-0.063189,-0.334519
0.252422,0.025208,0.003806,0.277910,-0.491935,0.007860,-0.342686,-0.056139,0.268746
0.252461,0.038022,0.014897,0.268392,-0.501230,0.007563,-0.337196,-0.074865,-0.384191
0.252500,0.043663,0.004811,0.268702,-0.506252,0.002013,-0.321546,-0.084170,-0.363727
0.252539,0.046562,-0.008999,0.259493,-0.515764,0.041736,-0.374941,-0.081544,0.173918
0.252578,0.068608,-0.002204,0.261678,-0.486956,-0.001085,-0.291097,-0.078522,0.100607
0.252617,0.032397,-0.010287,0.238020,-0.472638,0.001171,-0.367033,-0.068182,-0.375764
0.252656,0.040206,0.011653,0.290981,-0.472695,-0.025793,-0.312249,-0.057145,-0.581422
0.252695,0.048170,0.001157,0.259624,-0.492475,0.025607,-0.365006,-0.059727,0.039996
0.252734,0.039666,0.002888,0.292519,-0.484518,-0.010507,-0.368714,-0.083428,0.175127
0.252773,0.043338,0.010704,0.258027,-0.510177,-0.014118,-0.349466,-0.053790,0.044477
0.252812,0.030753,0.001889,0.251712,-0.510202,0.004436,-0.345956,-0.071566,-0.173429
0.252852,0.048265,0.005393,0.246582,-0.490866,-0.005567,-0.327849,-0.044175,-0.487369
0.252891,0.034559,-0.010377,0.256957,-0.510525,0.002910,-0.335250,-0.050238,-0.195436
0.252930,0.053735,0.010511,0.256559,-0.507279,-0.018352,-0.343901,-0.057061,0.163819
0.252969,0.044051,0.003320,0.229269,-0.476065,0.009731,-0.347864,-0.042126,-0.327715
0.253008,0.027167,-0.014791,0.264648,-0.506090,-0.015389,-0.362510,-0.082116,-0.177299
0.253047,0.055337,0.009786,0.223776,-0.484540,0.015540,-0.335076,-0.061278,0.549759
0.253086,0.037469,0.012469,0.257701,-0.464701,-0.005666,-0.329221,-0.054029,-0.282511
0.253125,0.045096,-0.003657,0.259494,-0.494491,0.000452,-0.364709,-0.069799,-1.017311
0.253164,0.043029,0.006128,0.252845,-0.509837,0.012042,-0.323828,-0.079939,-0.067559
0.253203,0.049053,-0.000549,0.233198,-0.500669,0.005552,-0.316826,-0.052169,0.328759
0.253242,0.032080,-0.013979,0.217864,-0.471493,-0.008732,-0.336652,-0.041655,-0.673851
0.253281,0.065372,-0.014985,0.220747,-0.485704,0.009477,-0.358998,-0.073164,-0.821559
0.253320,0.033177,-0.012091,0.258240,-0.498724,-0.011223,-0.282456,-0.097975,-0.317054
0.253359,0.049848,0.011726,0.240518,-0.492663,0.045645,-0.276975,-0.044887,-0.203716
0.253398,0.035626,0.010319,0.208375,-0.488763,-0.001267,-0.289114,-0.077263,-0.977688
0.253437,0.027295,-0.013316,0.233317,-0.484552,-0.024080,-0.310252,-0.037943,-0.377862
0.253477,0.039019,-0.006740,0.217364,-0.498009,-0.000877,-0.304432,-0.056996,-0.280589
0.253516,0.028991,-0.009569,0.221232,-0.462575,-0.003174,-0.287222,-0.059916,-0.622436
0.253555,0.044098,-0.006002,0.227142,-0.480880,-0.016557,-0.275278,-0.084344,-1.032997
0.253594,0.041219,0.007535,0.213467,-0.450121,0.018237,-0.278983,-0.055770,-0.421969
0.253633,0.025113,0.001003,0.203150,-0.505082,-0.021035,-0.298473,-0.048123,-0.685563
0.253672,0.031483,-0.006616,0.208728,-0.461086,-0.012668,-0.209480,-0.037617,-0.334854
0.253711,0.036789,-0.010826,0.236805,-0.475360,0.009530,-0.299169,-0.072420,-0.904671
0.253750,0.044105,-0.006738,0.224161,-0.450884,0.007695,-0.250435,-0.055749,-0.463167
0.253789,0.034317,-0.006863,0.215233,-0.471818,-0.005426,-0.264207,-0.067475,-0.594515
0.253828,0.049358,-0.005982,0.218129,-0.467510,0.037178,-0.271178,-0.060040,0.041825
0.253867,0.024053,-0.010802,0.219773,-0.475705,0.005632,-0.252219,-0.058998,-0.302376
0.253906,0.037113,-0.014269,0.199588,-0.482959,0.004656,-0.249609,-0.073534,-0.662266
0.253945,0.043573,-0.022436,0.199885,-0.490005,0.029150,-0.181003,-0.088715,-0.239591
0.253984,0.041037,-0.000679,0.186608,-0.460290,0.006891,-0.185936,-0.091685,0.300398
0.254023,0.036079,-0.016628,0.199241,-0.482145,-0.008505,-0.221540,-0.082381,-0.375309
0.254063,0.035556,-0.011795,0.211886,-0.472715,-0.005700,-0.229477,-0.037212,-0.240506
0.254102,0.017928,0.001046,0.191698,-0.455649,0.017188,-0.160792,-0.066227,-0.116861
0.254141,0.031042,-0.002338,0.187505,-0.476863,0.023242,-0.159856,-0.079099,0.485675
0.254180,0.028377,-0.005318,0.193174,-0.472524,0.031277,-0.184271,-0.070514,0.083495
0.254219,0.027858,-0.023766,0.173685,-0.457353,0.001160,-0.187206,-0.071720,-0.562863
0.254258,0.044752,0.001419,0.195274,-0.461577,0.002001,-0.130343,-0.099144,0.101900
0.254297,0.040883,-0.010339,0.202177,-0.434629,0.012952,-0.147340,-0.083900,-0.192511
0.254336,0.048823,-0.005936,0.177480,-0.477686,-0.013550,-0.136492,-0.064971,-0.196194
0.254375,0.031206,-0.005481,0.207868,-0.453744,0.045272,-0.179956,-0.001164,-0.302022
0.254414,0.024266,-0.002171,0.167417,-0.458195,0.039673,-0.101379,-0.081989,0.530480
0.254453,0.018221,-0.004800,0.164218,-0.478099,-0.007948,-0.138303,-0.100423,-0.490777
0.254492,0.017733,-0.005914,0.190656,-0.437090,-0.024512,-0.141870,-0.058177,0.033588
0.254531,0.035457,-0.002505,0.170941,-0.468545,-0.017972,-0.159291,-0.052530,-0.228933
0.254570,0.026582,-0.003572,0.182733,-0.444342,0.038572,-0.073352,-0.050223,0.091845
0.254609,0.032157,0.001111,0.178354,-0.450139,0.000945,-0.115970,-0.028281,-0.171712
0.254648,0.027400,-0.014071,0.185094,-0.457506,-0.021083,-0.090949,-0.069147,-0.272815
0.254688,0.026577,-0.019020,0.159553,-0.447453,0.018734,-0.041452,-0.059065,0.207129
0.254727,0.040335,-0.013318,0.170844,-0.436320,0.036296,-0.110471,-0.037700,-0.368645
0.254766,0.032961,-0.007424,0.153876,-0.409652,-0.010195,-0.121665,-0.055438,-0.261836
0.254805,0.014545,0.004619,0.186879,-0.413963,-0.015932,-0.058900,-0.076084,0.260682
0.254844,0.023397,-0.006108,0.138062,-0.439459,0.054175,-0.051784,-0.087351,0.022477
0.254883,0.021328,-0.017057,0.152871,-0.418325,0.010131,-0.059331,-0.086264,-0.079922
0.254922,0.033913,-0.009300,0.153287,-0.430090,0.013681,-0.143325,-0.080092,-0.600704
0.254961,0.014098,-0.004864,0.138915,-0.454346,0.037225,-0.069586,-0.067234,0.357255
0.255000,0.020489,0.001206,0.131621,-0.415129,0.013660,-0.084746,-0.074298,0.389961
0.255039,0.020889,0.003766,0.154796,-0.451863,0.042855,-0.071258,-0.073716,1.025706
0.255078,0.029123,-0.013184,0.144839,-0.443689,-0.032951,-0.006788,-0.080637,0.239836
0.255117,0.034809,-0.022454,0.141888,-0.415879,-0.031625,-0.040430,-0.061770,0.221644
0.255156,0.022023,0.008459,0.153297,-0.425317,0.013445,-0.049950,-0.038196,-0.384473
0.255195,0.014338,-0.009353,0.130246,-0.457318,0.012151,-0.032540,-0.072487,-1.098335
0.255234,0.014543,-0.011082,0.131115,-0.426404,0.001712,-0.052498,-0.062776,-0.292798
0.255273,0.038005,-0.001726,0.124310,-0.398787,0.032785,-0.014411,-0.067307,-0.216344
0.255312,0.017699,-0.022851,0.114851,-0.404848,0.000371,-0.037477,-0.059596,0.649691
0.255352,0.033644,-0.008606,0.129737,-0.408242,-0.027685,0.019002,-0.037152,0.418706
0.255391,0.022396,-0.015177,0.132544,-0.423061,-0.009024,0.010766,-0.084093,0.334856
0.255430,0.039597,-0.005686,0.113545,-0.395777,0.038916,-0.022506,-0.091908,-0.400506
0.255469,0.016546,-0.015296,0.132100,-0.412953,0.055121,0.057636,-0.068772,0.230868
0.255508,0.017965,-0.022470,0.125140,-0.433455,-0.007674,0.021561,-0.067447,0.297378
0.255547,0.017467,-0.017703,0.108613,-0.396668,0.028064,0.044197,-0.073826,0.059452
0.255586,0.011938,-0.026917,0.116611,-0.409635,0.012394,0.065570,-0.105882,0.364370
0.255625,0.037347,0.000346,0.131532,-0.399744,0.020717,0.016329,-0.066795,0.001429
0.255664,0.017022,-0.024574,0.119555,-0.387328,0.020281,0.037807,-0.105515,-0.083743
0.255703,0.019202,-0.011808,0.134639,-0.403384,0.033191,0.102891,-0.082736,0.013992
0.255742,0.010910,-0.014831,0.119481,-0.388837,-0.028964,0.033664,-0.073665,0.183602
0.255781,0.024950,-0.004672,0.097673,-0.354815,0.007858,0.060145,-0.068017,0.325338
0.255820,0.027995,-0.000122,0.105730,-0.410407,0.025503,0.074934,-0.038555,-0.436391
0.255859,0.001658,-0.003426,0.099948,-0.388652,0.011732,0.031219,-0.071222,-0.016235
0.255898,0.019647,-0.032374,0.110947,-0.357549,0.005128,0.113897,-0.081973,-0.338003
0.255937,0.004210,-0.003995,0.080936,-0.394622,-0.021349,0.064214,-0.068942,-0.387435
0.255977,0.018953,-0.034082,0.100897,-0.352462,-0.003902,0.143060,-0.088339,0.149667
0.256016,0.022851,-0.012144,0.090123,-0.399362,-0.021218,0.060483,-0.078389,0.008787
0.256055,0.011787,-0.013818,0.074142,-0.364601,-0.010216,0.134914,-0.048999,0.002838
0.256094,0.021509,-0.004348,0.078298,-0.349069,0.008459,0.155945,-0.028200,0.344399
0.256133,0.007648,-0.000841,0.108945,-0.354042,-0.011424,0.071117,-0.069171,-0.605103
0.256172,-0.003477,-0.018888,0.094157,-0.369357,-0.017490,0.080581,-0.066670,-0.420931
0.256211,0.014184,-0.015099,0.099434,-0.372775,0.009938,0.135291,-0.056515,-0.322596
0.256250,0.006167,-0.015355,0.084764,-0.330934,0.023960,0.120463,-0.055127,-0.164918
0.256289,0.025676,-0.021312,0.078770,-0.363884,-0.020282,0.124712,-0.051216,-0.051567
0.256328,0.004699,-0.020982,0.067128,-0.342926,-0.013425,0.158269,-0.043910,-0.494090
0.256367,0.001983,-0.017857,0.078588,-0.354576,-0.026164,0.139892,-0.062745,-0.249075
0.256406,0.003517,-0.006526,0.063036,-0.322451,0.046351,0.114840,-0.071440,-0.197386
0.256445,0.022105,-0.023344,0.065866,-0.352202,0.003514,0.177798,-0.047858,-0.424671
0.256484,0.022672,0.001473,0.075399,-0.335471,0.005984,0.190456,-0.050334,-0.319477
0.256523,0.019173,-0.002573,0.067058,-0.352527,-0.004853,0.141296,-0.090895,0.632820
0.256563,0.001835,-0.020971,0.060757,-0.360108,0.017310,0.117188,-0.044878,-0.319396
0.256602,0.019919,-0.019211,0.064541,-0.312275,-0.045776,0.162682,-0.066780,0.153178
0.256641,0.020746,-0.000023,0.038428,-0.308077,0.036278,0.163882,-0.036475,0.311187
0.256680,0.001083,-0.021344,0.057408,-0.329776,0.028888,0.159905,-0.052182,-0.340095
0.256719,-0.007490,-0.017980,0.064975,-0.310192,0.023956,0.155329,-0.044805,0.054649
0.256758,0.009233,-0.012147,0.047708,-0.318272,0.005358,0.155981,-0.035482,0.487091
0.256797,0.005561,-0.008211,0.044137,-0.304008,-0.012032,0.144502,-0.049396,0.228111
0.256836,0.003643,-0.007868,0.046158,-0.277359,0.022594,0.222798,-0.042707,-0.371770
0.256875,-0.002657,-0.000065,0.054612,-0.285838,0.001820,0.137245,-0.041838,0.026525
0.256914,-0.000018,-0.015037,0.040128,-0.291546,-0.023788,0.180496,-0.019285,-0.307530
0.256953,0.010683,0.000630,0.042567,-0.284959,-0.011319,0.134019,-0.071355,-0.265361
0.256992,0.013225,-0.020520,0.040243,-0.269849,-0.006524,0.215891,-0.065275,-0.040164
0.257031,0.001170,-0.008002,0.039055,-0.260169,0.001115,0.212760,-0.043123,-0.316364
0.257070,0.011563,-0.013869,0.016583,-0.277695,0.015750,0.202015,-0.050360,0.749603
0.257109,0.029117,0.004064,0.009523,-0.258432,0.028865,0.170636,-0.015253,-0.531726
0.257148,0.018566,-0.013425,0.031220,-0.259057,-0.009461,0.224435,-0.083145,0.400734
0.257188,0.006545,-0.005430,0.030690,-0.274205,0.067866,0.264071,-0.046177,-0.219297
0.257227,0.010720,-0.014210,0.041553,-0.275204,1.063614,0.255371,-0.070949,-0.346292
0.257266,0.008002,-0.027276,0.021196,-0.246687,0.954242,0.138922,-0.044266,0.536721
0.257305,-0.004777,-0.003306,0.029993,-0.246144,0.006448,0.234520,-0.034939,0.163867
0.257344,0.027644,-0.012685,0.018423,-0.222106,-0.915735,0.232923,-0.048969,-0.511466
0.257383,0.008171,-0.009670,0.024563,-0.230208,-0.949206,0.156249,-0.076962,-0.330726
0.257422,0.008747,-0.024815,0.013034,-0.244705,-0.054859,0.261114,-0.078310,0.104167
0.257461,0.013450,-0.004726,0.018588,-0.207854,0.758687,0.208264,-0.086026,0.255982
0.257500,0.001094,0.005257,0.018772,-0.206807,0.839089,0.218144,-0.053831,0.473879
0.257539,-0.000172,-0.036607,0.005522,-0.216336,0.052502,0.192456,-0.042709,0.069426
0.257578,0.015291,-0.023300,-0.012914,-0.213188,-0.717354,0.151298,-0.075587,-0.018709
0.257617,-0.006947,-0.021989,0.007531,-0.210644,-0.772899,0.105863,-0.033891,0.472976
0.257656,0.018278,-0.011065,0.003835,-0.228963,-0.139858,0.208793,-0.046025,0.392856
0.257695,-0.005965,-0.034777,-0.024076,-0.176378,0.600846,0.165707,-0.029826,0.331511
0.257734,0.009080,-0.009867,-0.006665,-0.181015,0.723170,0.201257,-0.020811,0.357882
0.257773,-0.014055,-0.031498,-0.006639,-0.175940,0.155414,0.198081,-0.045476,0.690214
0.257813,-0.001377,-0.002722,-0.000744,-0.205350,-0.525418,0.208184,-0.029721,0.088228
0.257852,-0.003072,-0.009350,-0.012111,-0.199258,-0.667323,0.167014,-0.052270,0.597656
0.257891,0.006729,-0.019972,-0.002157,-0.171256,-0.164907,0.184467,-0.038787,-0.426217
0.257930,0.019472,-0.006210,-0.017402,-0.187518,0.429332,0.164932,-0.045190,0.283186
0.257969,0.005768,-0.030484,-0.020236,-0.171737,0.605333,0.136410,-0.058183,0.079611
0.258008,0.012601,-0.013955,-0.029388,-0.170794,0.155991,0.197780,-0.039683,0.136478
0.258047,-0.003687,-0.019542,-0.033921,-0.129666,-0.402177,0.165730,-0.067329,0.330650
0.258086,0.003957,-0.008296,-0.017872,-0.151400,-0.551477,0.200844,-0.060167,0.250213
0.258125,-0.002061,-0.015567,-0.026165,-0.163559,-0.213970,0.189539,-0.013875,0.100910
0.258164,0.007162,-0.020579,-0.038310,-0.139968,0.334469,0.199757,-0.041459,0.827366
0.258203,0.017612,-0.015815,-0.032180,-0.133934,0.516359,0.149336,-0.004974,-0.537880
0.258242,0.016930,-0.027276,-0.017505,-0.101519,0.186630,0.221113,-0.028135,0.446318
0.258281,0.010436,-0.022140,-0.020016,-0.117774,-0.323072,0.203844,-0.048346,0.678181
0.258320,0.002457,-0.016302,-0.016124,-0.109586,-0.512366,0.158106,-0.044913,0.416302
0.258359,-0.010663,-0.033127,-0.027787,-0.119825,-0.175229,0.202812,-0.065476,-0.196895
0.258398,0.013545,-0.019308,-0.030056,-0.090427,0.260622,0.151397,-0.032817,0.885839
0.258437,0.020536,-0.022401,-0.042112,-0.113866,0.396444,0.136553,-0.057969,0.101391
0.258477,-0.000974,-0.013385,-0.055351,-0.105178,0.159074,0.179032,-0.031923,0.033114
0.258516,-0.002349,-0.014737,-0.037762,-0.097368,-0.223123,0.165199,-0.042975,-0.512786
0.258555,0.008303,-0.009584,-0.046234,-0.107732,-0.446782,0.165250,-0.071555,0.278630
0.258594,-0.003177,-0.017994,-0.042049,-0.064553,-0.206061,0.170105,-0.046716,0.042619
0.258633,-0.001181,-0.022443,-0.036249,-0.078121,0.167949,0.150195,-0.036353,-0.099741
0.258672,-0.006734,-0.013336,-0.054820,-0.047228,0.357548,0.198531,-0.034795,0.238606
0.258711,0.007537,-0.020679,-0.080850,-0.080286,0.210076,0.128438,-0.068858,-0.350435
0.258750,-0.004749,-0.016866,-0.043011,-0.073703,-0.176355,0.192669,-0.055868,0.488728
0.258789,0.002794,-0.027468,-0.064271,-0.037956,-0.362037,0.154711,-0.033057,0.379350
0.258828,0.010876,-0.022349,-0.050234,-0.016245,-0.185630,0.179276,-0.024024,-0.647541
0.258867,0.006582,0.005126,-0.062502,-0.035616,0.091663,0.108653,-0.075734,0.059091
0.258906,0.002879,-0.014444,-0.064870,-0.036171,0.263737,0.169478,-0.004592,0.111437
0.258945,0.010397,-0.024593,-0.096050,-0.060479,0.137139,0.103307,-0.009937,0.071291
0.258984,-0.007491,-0.009707,-0.056134,-0.022731,-0.114520,0.133134,-0.024218,-0.151914
0.259023,0.002100,-0.002123,-0.071275,-0.011093,-0.244680,0.183943,-0.026701,-0.276614
0.259062,0.006386,-0.021328,-0.073026,-0.021421,-0.188718,0.158829,-0.039536,0.009417
0.259102,-0.002767,-0.008342,-0.051339,-0.004443,0.051237,0.125589,-0.044843,0.292067
0.259141,-0.003614,-0.018327,-0.082087,-0.006606,0.228180,0.095204,-0.066550,-0.255437
0.259180,-0.003693,-0.014595,-0.068534,-0.003628,0.146725,0.155021,-0.013839,-0.010933
0.259219,0.016692,-0.018934,-0.068577,0.025242,-0.099134,0.147651,-0.051581,-0.156845
0.259258,0.008950,-0.001049,-0.080054,0.025657,-0.258133,0.125353,-0.026374,-0.719600
0.259297,0.014130,-0.028061,-0.076999,0.028308,-0.151923,0.120948,-0.029708,-0.022492
0.259336,-0.008633,-0.015954,-0.079791,0.014527,-0.005170,0.065741,-0.015520,0.013195
0.259375,-0.003418,-0.010433,-0.084439,0.053093,0.133600,0.123415,-0.034442,-0.289338
0.259414,-0.008264,-0.013816,-0.089390,0.053842,0.132823,0.059136,-0.051320,-0.081887
0.259453,-0.010629,-0.026108,-0.095144,0.066515,-0.063498,0.099496,-0.052269,0.118176
0.259492,0.020553,-0.002174,-0.130536,0.073954,-0.170568,0.064605,-0.066674,0.557941
0.259531,0.006934,-0.012612,-0.080858,0.061573,-0.183674,0.047094,-0.037347,-0.120251
0.259570,0.015816,-0.010900,-0.091002,0.076804,-0.011450,0.035051,-0.012515,0.376993
0.259609,-0.004567,-0.022426,-0.092914,0.070366,0.095785,0.019033,-0.015290,0.297978
0.259648,0.000837,-0.006523,-0.124141,0.072689,0.082669,0.040729,-0.013915,0.214456
0.259688,-0.000183,-0.008930,-0.089535,0.098574,-0.029710,0.104440,-0.042245,-0.047615
0.259727,0.015172,-0.020271,-0.084414,0.094478,-0.149969,0.068932,-0.029029,0.263790
0.259766,0.016366,-0.005970,-0.100733,0.117182,-0.174849,0.018972,-0.016233,0.119203
0.259805,0.003260,-0.009640,-0.112290,0.102300,-0.027554,0.084547,-0.016670,-0.123771
0.259844,0.015093,-0.016930,-0.125941,0.098721,0.119157,0.058246,-0.017088,0.199908
0.259883,0.019346,-0.021342,-0.104075,0.128628,0.072125,0.040467,-0.043335,-0.150297
0.259922,0.010886,-0.018091,-0.109706,0.088134,-0.048004,0.034533,-0.018413,0.017682
0.259961,0.028381,0.005118,-0.100428,0.120554,-0.111290,0.068685,0.013554,-0.064805
0.260000,0.004285,-0.011562,-0.127739,0.137128,-0.162721,0.043260,0.077537,0.190163
0.260039,0.000716,-0.022320,-0.122019,0.156666,-0.015339,0.027638,0.123149,-0.218243
0.260078,-0.000353,-0.006021,-0.138809,0.167492,0.071493,0.033308,0.019010,0.092508
0.260117,0.001140,-0.011217,-0.131525,0.129533,0.067838,0.022715,-0.081196,0.148399
0.260156,0.011492,-0.003254,-0.132828,0.175440,-0.010242,0.003084,-0.120885,-0.616345
0.260195,0.016159,-0.021201,-0.110579,0.161992,-0.101962,0.020499,-0.145300,-0.212090
0.260234,0.019566,-0.023452,-0.115502,0.177327,-0.123423,-0.034298,-0.066818,0.354134
0.260273,0.010193,-0.011877,-0.111456,0.180966,-0.051540,0.007549,0.019354,-0.650039
0.260313,0.010683,-0.024964,-0.137726,0.186255,0.035124,0.055299,0.062014,-0.763826
0.260352,0.001665,-0.028738,-0.115856,0.191294,0.046451,-0.031888,0.070612,-0.024839
0.260391,0.016262,-0.020788,-0.145541,0.191254,-0.047079,-0.027412,0.063166,0.390641
0.260430,0.002965,-0.005477,-0.146676,0.188553,-0.104325,-0.102620,-0.043665,-0.380937
0.260469,-0.000188,-0.010796,-0.149950,0.190944,-0.086332,-0.035565,-0.081568,-0.115266
0.260508,0.009848,-0.027499,-0.138386,0.206815,-0.070515,-0.060043,-0.081345,-0.218837
0.260547,0.004050,-0.013186,-0.157285,0.222361,-0.011247,-0.003868,-0.083670,-0.393774
0.260586,0.018186,-0.008433,-0.131583,0.213208,0.035289,-0.056909,-0.031981,-0.172661
0.260625,0.005507,-0.019754,-0.128105,0.207669,-0.016672,-0.042178,0.022708,0.528315
0.260664,0.016233,-0.010417,-0.143840,0.223938,-0.103941,-0.067286,0.029819,-0.040789
0.260703,0.022680,-0.023461,-0.144381,0.258317,-0.066285,-0.082167,0.044885,-0.677803
0.260742,0.006875,-0.020478,-0.155343,0.216802,-0.063867,-0.063192,-0.017347,-0.523069
0.260781,0.003665,-0.031305,-0.161848,0.271575,0.000467,-0.084378,0.001452,0.045469
0.260820,-0.000363,-0.020502,-0.139551,0.272643,0.040322,-0.023186,-0.095626,-0.083639
0.260859,0.001096,-0.007274,-0.138686,0.297648,-0.023146,-0.042717,-0.052401,-0.215917
0.260898,-0.001275,-0.014036,-0.174238,0.250873,-0.033900,-0.082652,-0.012273,-0.502311
0.260937,0.003449,-0.028084,-0.169510,0.268242,-0.085926,-0.002121,0.026637,-0.299947
0.260977,0.005967,-0.011610,-0.178001,0.269714,-0.074908,-0.076520,0.038741,-0.460549
0.261016,0.001520,-0.021803,-0.153169,0.281706,-0.013326,-0.044043,0.029454,-0.093725
0.261055,0.006277,-0.005410,-0.155442,0.303584,-0.033791,-0.058400,-0.020467,-0.584102
0.261094,0.011533,-0.024764,-0.170550,0.279979,-0.056169,-0.104689,-0.050297,-0.403917
0.261133,0.015614,-0.017129,-0.174390,0.280865,-0.086919,-0.090937,-0.055576,-0.436724
0.261172,-0.001698,-0.013620,-0.189261,0.300273,-0.083440,-0.140093,-0.035680,-0.560528
0.261211,0.001375,-0.002832,-0.190600,0.297240,-0.088846,-0.079145,-0.028087,-0.156590
0.261250,0.017060,-0.001316,-0.175641,0.306336,-0.025518,-0.140153,0.018089,0.268447
0.261289,0.008462,-0.023685,-0.185990,0.328794,-0.012813,-0.109595,0.017072,-0.672163
0.261328,-0.002648,-0.013594,-0.205798,0.318121,-0.031478,-0.068544,0.002417,-0.601393
0.261367,0.005228,-0.022049,-0.166328,0.321061,-0.081053,-0.144947,0.020998,-0.006115
0.261406,0.015864,-0.027422,-0.194967,0.317431,-0.091162,-0.142021,0.000746,0.204021
0.261445,-0.001379,-0.013124,-0.196128,0.319521,-0.082090,-0.077102,-0.011304,-0.628740
0.261484,-0.010924,-0.017619,-0.190989,0.359302,-0.023527,-0.115749,-0.065463,-0.149775
0.261523,0.012202,-0.025708,-0.218603,0.334259,-0.013459,-0.134774,0.026214,0.051228
0.261562,0.015871,-0.028775,-0.212639,0.343995,0.005820,-0.112910,0.007694,-0.626486
0.261602,0.018538,-0.014844,-0.192760,0.335022,-0.083207,-0.161583,-0.011789,-0.050439
0.261641,0.021382,-0.037403,-0.173606,0.386042,-0.063684,-0.051243,0.019801,0.085223
0.261680,0.022058,-0.023622,-0.190931,0.355189,-0.063929,-0.100862,0.034280,-0.625271
0.261719,0.014977,-0.020867,-0.202139,0.413344,-0.056634,-0.166128,-0.002698,-0.256346
0.261758,0.010564,-0.023470,-0.225126,0.373730,-0.003024,-0.157739,-0.009826,-0.528556
0.261797,0.009975,-0.005016,-0.203366,0.382136,-0.037344,-0.152009,0.020395,0.178461
0.261836,0.007300,-0.019398,-0.198283,0.373469,-0.098042,-0.132531,-0.044946,-0.161080
0.261875,-0.004754,-0.022150,-0.204935,0.377909,-0.067691,-0.173761,0.011194,-0.094350
0.261914,0.004767,-0.019811,-0.211813,0.389364,-0.069851,-0.106074,0.019424,-0.494182
0.261953,0.005705,-0.019034,-0.222026,0.422392,-0.025265,-0.151214,0.034499,0.495624
0.261992,0.004403,-0.016905,-0.219649,0.377943,-0.028372,-0.170241,0.001452,-0.110908
0.262031,0.005539,-0.022357,-0.243698,0.431812,-0.053154,-0.127952,-0.005677,0.212881
0.262070,0.005201,-0.028770,-0.211876,0.403052,-0.030313,-0.127728,-0.019402,0.078026
0.262109,-0.000621,-0.015650,-0.226636,0.420244,-0.052501,-0.173161,-0.020407,0.409566
0.262148,0.014442,-0.019182,-0.216023,0.382175,-0.057265,-0.167969,0.009359,-0.368157
0.262188,-0.016742,-0.033307,-0.222973,0.430044,-0.033365,-0.161827,-0.003399,-0.313213
0.262227,0.010189,-0.030520,-0.231372,0.428830,-0.088348,-0.161437,-0.009389,-0.616029
0.262266,0.003840,-0.024350,-0.236053,0.428583,-0.025278,-0.161042,0.002425,0.208688
0.262305,0.004471,-0.015374,-0.252798,0.420906,-0.059111,-0.150865,-0.013531,-0.351465
0.262344,0.020863,-0.010237,-0.260022,0.443830,-0.016740,-0.183866,0.050030,0.009820
0.262383,0.000684,-0.035977,-0.235680,0.447305,-0.050253,-0.176406,0.033377,-0.405197
0.262422,-0.002420,-0.026386,-0.248426,0.442363,-0.065357,-0.199327,0.015135,-0.153665
0.262461,0.006701,-0.029407,-0.252731,0.440008,-0.016814,-0.163362,-0.023324,-0.532909
0.262500,0.006538,-0.018245,-0.248073,0.431899,-0.048913,-0.147218,0.019946,-0.265014
0.262539,-0.009854,-0.031239,-0.226270,0.411969,-0.081873,-0.170363,0.041250,-0.492532
0.262578,0.000880,-0.048615,-0.267118,0.442739,-0.059415,-0.151323,0.016830,-0.329662
0.262617,0.011403,-0.023540,-0.233465,0.418612,-0.073189,-0.164660,0.027508,-0.161092
0.262656,0.010088,-0.019265,-0.260834,0.441212,-0.059038,-0.138718,0.020897,-0.370513
0.262695,-0.007114,-0.038156,-0.256940,0.450302,-0.020163,-0.167985,0.016026,-0.087865
0.262734,0.012011,-0.018491,-0.239277,0.470196,-0.055205,-0.141259,-0.027489,-0.692691
0.262773,-0.021968,-0.012467,-0.246254,0.489726,-0.058189,-0.159165,-0.011032,-0.416565
0.262813,0.013554,-0.028128,-0.260044,0.482882,-0.078918,-0.185977,0.024327,-0.098386
0.262852,-0.004220,-0.028334,-0.269509,0.473254,-0.094124,-0.161247,0.003924,-0.479507
0.262891,0.010624,-0.038153,-0.266369,0.446330,-0.056684,-0.166071,0.052325,-0.207035
0.262930,0.002141,-0.029149,-0.280579,0.438574,-0.039286,-0.160028,-0.006587,0.634317
0.262969,0.017462,-0.024073,-0.268388,0.447033,-0.089106,-0.187908,0.035777,-0.188695
0.263008,-0.009951,-0.031825,-0.266768,0.474349,-0.043280,-0.165487,0.039793,0.232339
0.263047,0.004663,-0.011252,-0.265002,0.455225,-0.054047,-0.112223,0.019462,-0.129736
0.263086,-0.008792,-0.028656,-0.269544,0.464181,-0.050951,-0.168435,-0.031496,-0.244545
0.263125,0.015581,-0.038232,-0.291937,0.442764,-0.041737,-0.138181,-0.015142,-0.649711
0.263164,-0.003528,-0.026155,-0.283052,0.451043,-0.065929,-0.183340,0.003385,-0.618040
0.263203,0.003655,-0.016759,-0.293009,0.489525,-0.048020,-0.175761,0.002940,-0.019354
0.263242,-0.009979,-0.034081,-0.291755,0.493760,-0.073271,-0.224924,-0.006145,0.008214
0.263281,-0.007998,-0.041606,-0.281777,0.479859,-0.029401,-0.175772,0.036133,0.247020
0.263320,-0.004834,-0.029682,-0.294097,0.474434,-0.093279,-0.202876,0.003325,-0.144902
0.263359,0.005872,-0.032336,-0.307443,0.473229,-0.052608,-0.156242,0.018312,-0.034172
0.263398,-0.025875,-0.021523,-0.285510,0.490102,-0.047139,-0.133741,0.037505,0.095522
0.263437,0.003546,-0.029700,-0.274620,0.447948,-0.049452,-0.169636,0.017326,-0.621950
0.263477,-0.000223,-0.028493,-0.288472,0.477165,-0.054708,-0.177453,0.015403,-0.862964
0.263516,-0.003699,-0.020912,-0.287357,0.472207,-0.041338,-0.198721,0.025829,0.310416
0.263555,-0.017224,-0.034781,-0.285719,0.465555,-0.071239,-0.167869,0.005024,-0.493244
0.263594,-0.008356,-0.039331,-0.294190,0.490109,-0.029312,-0.163481,0.004280,0.686988
0.263633,-0.005326,-0.036111,-0.292178,0.479657,-0.109801,-0.184669,0.002768,-0.491233
0.263672,-0.009844,-0.033107,-0.298765,0.479665,-0.102024,-0.164450,0.015507,-0.220423
0.263711,-0.003558,-0.030616,-0.318632,0.487337,-0.030873,-0.161437,0.013135,-0.204579
0.263750,-0.008805,-0.044579,-0.329164,0.474969,-0.073097,-0.137020,0.005814,-0.278756
0.263789,-0.018851,-0.046658,-0.316119,0.478170,-0.049009,-0.142677,0.023126,-0.210983
0.263828,0.000461,-0.032297,-0.307400,0.472268,-0.051129,-0.182094,0.020595,0.210130
0.263867,-0.004550,-0.033954,-0.339603,0.476884,-0.025457,-0.229649,0.017666,0.298669
0.263906,-0.004531,-0.032754,-0.329565,0.504310,-0.053291,-0.171212,0.008075,0.107633
0.263945,0.004066,-0.044057,-0.297419,0.493420,-0.034362,-0.167428,0.016145,-0.368180
0.263984,-0.000733,-0.048816,-0.297598,0.473622,-0.065236,-0.230647,0.051095,0.506650
0.264023,0.001812,-0.023665,-0.311125,0.463848,-0.062281,-0.170886,0.016387,-0.246405
0.264062,-0.013056,-0.039909,-0.317973,0.459698,-0.047160,-0.173967,0.024082,0.217880
0.264102,-0.012044,-0.057285,-0.312865,0.448974,-0.092879,-0.173974,0.026315,0.354200
0.264141,-0.000646,-0.034060,-0.331339,0.497133,-0.060595,-0.186022,-0.000866,-0.043764
0.264180,-0.019511,-0.039524,-0.324474,0.463277,-0.046281,-0.183413,0.016986,0.405740
0.264219,-0.018077,-0.041563,-0.327417,0.457487,-0.053241,-0.180954,0.023676,0.347852
0.264258,-0.017392,-0.034005,-0.323857,0.474899,-0.067509,-0.183245,0.018079,-0.063126
0.264297,-0.005229,-0.031634,-0.342701,0.466165,-0.025080,-0.171465,0.025102,0.221361
0.264336,-0.015014,-0.041134,-0.332537,0.453505,-0.022368,-0.169645,0.027818,0.128998
0.264375,-0.008217,-0.013371,-0.334086,0.447921,-0.061364,-0.169977,0.026603,0.157161
0.264414,-0.019148,-0.052834,-0.338294,0.453683,-0.044632,-0.198442,0.008827,-0.762161
0.264453,-0.001500,-0.046863,-0.336428,0.453255,-0.074046,-0.118440,0.042598,0.002789
0.264492,-0.014710,-0.033468,-0.332711,0.457825,-0.083358,-0.162250,0.017288,-0.225665
0.264531,-0.005380,-0.024441,-0.332085,0.435566,-0.046198,-0.114501,0.029629,0.862802
0.264570,-0.000905,-0.026684,-0.347779,0.455665,-0.064775,-0.150232,0.026273,0.084155
0.264609,-0.016582,-0.047621,-0.344794,0.449002,-0.062888,-0.161381,0.031940,-0.149134
0.264648,-0.031100,-0.023211,-0.359539,0.433089,-0.059361,-0.143603,0.031665,0.238923
0.264688,-0.009046,-0.029480,-0.334734,0.417114,-0.068866,-0.196152,0.021363,0.248236
0.264727,-0.005613,-0.040303,-0.346454,0.414032,-0.080414,-0.126842,0.032147,0.060635
0.264766,-0.002760,-0.040369,-0.347546,0.436862,-0.076754,-0.156017,0.029946,0.078165
0.264805,-0.019027,-0.037311,-0.353323,0.435160,-0.074967,-0.168551,0.022335,-0.043620
0.264844,-0.006059,-0.036937,-0.370028,0.434623,-0.058735,-0.077600,0.007313,0.395820
0.264883,-0.015699,-0.029856,-0.373288,0.440151,-0.034184,-0.150428,0.021582,0.634989
0.264922,-0.021454,-0.034960,-0.349196,0.433839,-0.106693,-0.195388,0.070846,-0.086799
0.264961,-0.018089,-0.029723,-0.374208,0.407099,-0.096763,-0.174398,0.110416,0.577341
0.265000,0.001076,-0.054698,-0.385902,0.395335,-0.052582,-0.162070,0.028445,0.241146
0.265039,-0.014711,-0.020042,-0.388354,0.423776,-0.061199,-0.217947,0.037962,0.355933
0.265078,-0.023406,-0.035686,-0.369507,0.415918,-0.057518,-0.095040,0.011521,0.479850
0.265117,-0.026465,-0.029204,-0.377851,0.392895,-0.049233,-0.138668,-0.042756,0.142290
0.265156,-0.023276,-0.022601,-0.373177,0.363796,-0.078662,-0.157580,-0.041181,0.060526
0.265195,-0.028904,-0.048240,-0.344400,0.381504,-0.094480,-0.106877,-0.025815,0.024624
0.265234,-0.015605,-0.032196,-0.381833,0.395563,-0.081942,-0.097526,0.019041,-0.166978
0.265273,-0.018560,-0.041439,-0.372525,0.390080,-0.075950,-0.131993,0.080116,-0.174738
0.265313,-0.037076,-0.037525,-0.369414,0.370322,-0.077601,-0.130581,0.073546,-0.265734
0.265352,-0.054187,-0.032994,-0.369480,0.376308,-0.095963,-0.169803,0.052168,0.319163
0.265391,-0.023952,-0.035614,-0.374835,0.375878,-0.103420,-0.146483,0.050337,-0.064463
0.265430,-0.038616,-0.025368,-0.363016,0.373084,-0.112324,-0.153095,-0.016064,0.288372
0.265469,-0.012268,-0.021030,-0.389535,0.399313,-0.070558,-0.075429,-0.021760,-0.007466
0.265508,-0.016901,-0.046812,-0.364935,0.361219,-0.068666,-0.129063,-0.000957,-0.187543
0.265547,-0.012288,-0.030454,-0.379484,0.355670,-0.082906,-0.069764,0.037545,0.035536
0.265586,-0.013823,-0.025021,-0.381948,0.324764,-0.034997,-0.138724,0.059868,0.312248
0.265625,-0.025375,-0.033636,-0.406418,0.372193,-0.023766,-0.100615,0.092133,0.194827
0.265664,-0.015355,-0.043390,-0.405987,0.346982,-0.080767,-0.147564,0.014890,0.340453
0.265703,-0.021843,-0.017913,-0.389865,0.316587,-0.067891,-0.095865,-0.006938,0.231345
0.265742,-0.031128,-0.036043,-0.376680,0.332725,-0.094508,-0.096860,0.002588,-0.177128
0.265781,-0.013413,-0.047044,-0.421010,0.315050,-0.054850,-0.129471,-0.013001,0.017824
0.265820,-0.033219,-0.022662,-0.402317,0.319064,-0.066036,-0.099565,0.013204,-0.127580
0.265859,-0.020091,-0.043986,-0.412336,0.314056,-0.066778,-0.100810,0.020192,0.677447
0.265898,-0.036206,-0.032111,-0.389340,0.312358,-0.105686,-0.130308,0.043331,0.295104
0.265937,-0.022428,-0.034967,-0.419469,0.312162,-0.051383,-0.130719,0.067914,0.171253
0.265977,-0.040650,-0.030801,-0.426716,0.290564,-0.085886,-0.065754,0.047399,0.517518
0.266016,-0.025710,-0.044694,-0.417128,0.313276,-0.092425,-0.070280,0.022340,0.296254
0.266055,-0.030876,-0.032477,-0.405634,0.294327,-0.068151,-0.072805,0.026081,0.128418
0.266094,-0.044104,-0.033500,-0.416696,0.313956,-0.065554,-0.043641,0.029579,0.026808
0.266133,-0.041495,-0.047251,-0.421981,0.300772,-0.086919,-0.072378,0.010779,-0.255204
0.266172,-0.026710,-0.039317,-0.413137,0.280316,-0.103128,-0.065004,0.027994,0.422568
0.266211,-0.033003,-0.044763,-0.418539,0.264230,-0.075107,-0.110337,0.040832,0.027746
0.266250,-0.027796,-0.029950,-0.418216,0.259615,-0.061960,-0.127326,0.039256,-0.375123
0.266289,-0.018262,-0.037099,-0.445521,0.243377,-0.066329,0.000469,0.032036,0.317154
0.266328,-0.045320,-0.026061,-0.436771,0.201226,-0.109893,-0.073839,0.020827,0.359686
0.266367,-0.020914,-0.028494,-0.437300,0.249280,-0.043508,-0.135619,0.017862,-0.474154
0.266406,-0.054318,-0.043390,-0.426058,0.235705,-0.083149,-0.062099,-0.009916,-0.037360
0.266445,-0.027434,-0.037855,-0.421231,0.201630,-0.088706,-0.115467,-0.012602,0.024406
0.266484,-0.043995,-0.036010,-0.418961,0.211547,-0.100113,-0.054427,0.023195,0.124402
0.266523,-0.025908,-0.034505,-0.429494,0.200900,-0.077977,-0.080882,0.009847,-0.167492
0.266562,-0.050871,-0.024739,-0.424339,0.219319,-0.053167,-0.049656,0.053426,0.128416
0.266602,-0.052365,-0.029041,-0.454947,0.198524,-0.081856,-0.091289,0.075592,-0.663055
0.266641,-0.017484,-0.041502,-0.439088,0.192810,-0.043928,-0.081578,0.076373,0.440312
0.266680,-0.050297,-0.028329,-0.420766,0.211945,-0.081665,-0.013540,0.038428,0.106692
0.266719,-0.063846,-0.024587,-0.434449,0.184074,-0.080081,-0.081330,0.018089,-0.752068
0.266758,-0.024233,-0.040860,-0.433487,0.185883,-0.079098,-0.046371,0.031391,0.172492
0.266797,-0.033760,-0.040499,-0.451342,0.161563,-0.060106,-0.047874,0.032431,0.287396
0.266836,-0.025510,-0.030787,-0.422377,0.151195,-0.072658,-0.035302,0.038094,0.278152
0.266875,-0.046760,-0.028247,-0.441486,0.158477,-0.078534,-0.048347,0.041722,0.526780
0.266914,-0.034839,-0.024684,-0.422576,0.154074,-0.062042,-0.014932,0.043114,0.904504
0.266953,-0.038197,-0.027645,-0.440815,0.166848,-0.076313,-0.044262,0.056163,0.276277
0.266992,-0.030211,-0.024066,-0.429529,0.132666,-0.075963,-0.039779,0.014703,0.388422
0.267031,-0.040722,-0.014280,-0.428652,0.120868,-0.050596,-0.054296,0.033892,-0.159205
0.267070,-0.039021,-0.022625,-0.452620,0.120480,-0.078926,0.012603,0.026147,0.281134
0.267109,-0.036060,-0.037929,-0.425494,0.121128,-0.063777,-0.007561,0.015493,0.168292
0.267148,-0.040754,-0.037996,-0.459111,0.124749,-0.066952,-0.010197,0.026191,0.170836
0.267188,-0.047592,-0.021758,-0.438821,0.125469,-0.104357,0.005532,0.013419,-0.245604
0.267227,-0.042489,-0.037076,-0.472052,0.095912,-0.060895,-0.021082,0.041157,-0.373309
0.267266,-0.010865,-0.033862,-0.442522,0.091094,-0.069350,-0.024066,0.003302,-0.089712
0.267305,-0.038151,-0.031337,-0.450571,0.102619,-0.058874,-0.040433,0.058547,0.340257
0.267344,-0.031870,-0.023973,-0.461522,0.082934,-0.058370,-0.021046,0.035730,-0.163354
0.267383,-0.045814,-0.036680,-0.464422,0.090707,-0.088729,0.031075,0.021478,0.222646
0.267422,-0.033614,-0.040632,-0.431604,0.063375,-0.077133,-0.037361,0.007726,0.175162
0.267461,-0.032829,-0.046003,-0.448264,0.094175,-0.088354,-0.002152,0.035624,0.237589
0.267500,-0.057782,-0.034131,-0.467125,0.071921,-0.088758,0.001140,0.026768,0.244097
0.267539,-0.034055,-0.027765,-0.455775,0.035655,-0.092661,0.006257,0.048590,0.151407
0.267578,-0.052380,-0.015790,-0.428861,0.030273,-0.066722,0.004050,0.063070,-0.362242
0.267617,-0.055266,-0.037447,-0.451306,0.033386,-0.056032,0.036892,0.050162,0.188979
0.267656,-0.061109,-0.017962,-0.452919,0.035118,-0.055596,-0.004747,0.042413,-0.508339
0.267695,-0.045782,-0.025827,-0.434197,0.042045,-0.097300,-0.047267,0.048884,0.619904
0.267734,-0.033577,-0.044592,-0.447415,0.022500,-0.066865,0.032910,0.038354,0.545949
0.267773,-0.042849,-0.027106,-0.475217,0.006765,-0.070188,0.064848,0.031512,0.498164
0.267813,-0.058497,-0.015407,-0.450081,0.021718,-0.098263,-0.014698,0.074984,0.375071
0.267852,-0.042658,-0.046297,-0.454214,0.014805,-0.070486,0.033270,0.070826,-0.036310
0.267891,-0.037961,-0.020314,-0.455906,-0.023961,-0.042317,0.055904,0.045049,0.184822
0.267930,-0.049327,-0.025563,-0.451614,-0.037608,-0.049540,0.052348,0.035357,0.321679
0.267969,-0.026733,-0.015305,-0.419311,-0.032716,-0.065601,0.018388,0.021699,-0.417304
0.268008,-0.022837,-0.032535,-0.431601,-0.031712,-0.016651,0.067591,0.005072,-0.552684
0.268047,-0.035802,-0.023934,-0.458061,-0.024267,-0.083953,0.051279,0.014552,-0.499898
0.268086,-0.049797,-0.032761,-0.447606,-0.037372,-0.054336,-0.023308,0.029489,0.129854
0.268125,-0.033750,-0.034724,-0.467422,-0.014639,-0.082739,0.010308,0.051105,0.296561
0.268164,-0.051453,-0.023057,-0.457854,-0.065041,-0.095510,0.040123,0.046282,-0.080469
0.268203,-0.038335,-0.023917,-0.467826,-0.058039,-0.066688,0.058195,0.020928,0.220165
0.268242,-0.051980,-0.020536,-0.477905,-0.085163,-0.111135,0.083322,0.044238,-0.369061
0.268281,-0.044538,-0.026302,-0.473422,-0.080998,-0.036461,0.045200,0.023373,0.327177
0.268320,-0.052910,-0.024382,-0.459825,-0.071998,-0.059681,0.113564,0.032986,0.051673
0.268359,-0.066868,-0.018500,-0.473359,-0.072813,-0.046060,0.120384,0.017706,0.196919
0.268398,-0.056760,-0.019451,-0.459749,-0.116476,-0.039247,0.041073,0.012077,0.098155
0.268437,-0.028688,-0.033095,-0.457424,-0.092901,-0.046058,0.118920,0.025953,0.749618
0.268477,-0.032791,-0.032173,-0.451323,-0.113818,-0.051381,0.058586,0.023092,-0.439659
0.268516,-0.041461,-0.014279,-0.478708,-0.078963,-0.031159,0.098013,0.032794,-0.464869
0.268555,-0.055259,-0.025221,-0.483526,-0.126463,-0.076327,0.062210,0.048509,0.192811
0.268594,-0.044139,-0.029736,-0.459544,-0.122756,-0.022499,0.100572,0.025709,-0.758058
0.268633,-0.033218,-0.015850,-0.488707,-0.139688,-0.061294,0.085710,0.031841,-0.258254
0.268672,-0.053053,-0.032856,-0.474097,-0.134112,-0.046846,0.026258,0.031144,-0.348158
0.268711,-0.065094,-0.012718,-0.477445,-0.178700,-0.055026,0.148714,0.048140,-0.192620
0.268750,-0.053014,-0.017258,-0.488622,-0.183630,-0.073033,0.036327,0.018809,0.099530
0.268789,-0.042721,-0.022872,-0.466075,-0.181790,-0.103564,0.076216,0.015950,0.299371
0.268828,-0.040892,-0.027858,-0.446633,-0.166681,-0.052968,0.072673,0.005357,-0.731812
0.268867,-0.067142,-0.017588,-0.462198,-0.167911,-0.072626,0.025666,0.055549,-0.560398
0.268906,-0.045191,-0.030470,-0.470442,-0.193125,-0.073060,0.115834,0.036540,0.140737
0.268945,-0.047246,-0.025588,-0.458616,-0.229467,-0.092757,0.091539,0.028291,-0.331996
0.268984,-0.051792,-0.024279,-0.460024,-0.195763,-0.051874,0.063683,0.018709,-0.413519
0.269023,-0.045451,-0.031025,-0.465180,-0.206510,0.802435,0.113445,0.044764,-0.527355
0.269062,-0.058567,-0.022171,-0.459188,-0.219555,1.049023,0.069532,0.045842,-0.296523
0.269102,-0.049404,-0.031610,-0.467040,-0.233521,0.177063,0.128032,0.043408,-0.767097
0.269141,-0.041640,-0.024655,-0.451746,-0.239950,-0.854820,0.111211,0.035894,-0.569066
0.269180,-0.050765,-0.030430,-0.437829,-0.236777,-1.067415,0.100906,0.052580,-0.107759
0.269219,-0.039160,-0.032951,-0.493798,-0.268099,-0.305790,0.101692,0.037531,0.219733
0.269258,-0.051093,-0.011821,-0.469905,-0.217517,0.632261,0.028234,0.032142,0.126019
0.269297,-0.035964,-0.013243,-0.466333,-0.246233,0.839196,0.108907,0.041455,-0.653947
0.269336,-0.043307,-0.009122,-0.454659,-0.264105,0.218362,0.109179,0.062561,-0.224969
0.269375,-0.064548,-0.025148,-0.461020,-0.259327,-0.635023,0.129366,0.004233,-0.021011
0.269414,-0.029362,-0.016688,-0.494795,-0.277136,-0.891972,0.141908,0.052552,-0.567198
0.269453,-0.044565,0.000485,-0.448682,-0.299932,-0.338430,0.100673,0.021634,-0.192237
0.269492,-0.052654,-0.013431,-0.464579,-0.262922,0.451957,0.090147,0.045891,-0.761683
0.269531,-0.047915,-0.018189,-0.468117,-0.294351,0.749899,0.038792,0.048104,-0.008086
0.269570,-0.052976,-0.017452,-0.492834,-0.301785,0.215864,0.111332,0.015347,0.641943
0.269609,-0.050509,-0.019669,-0.464555,-0.289562,-0.502747,0.159319,0.019983,0.604327
0.269648,-0.048007,-0.010008,-0.461862,-0.291249,-0.754134,0.097070,0.036226,-0.079854
0.269688,-0.041681,-0.017081,-0.456020,-0.306539,-0.327677,0.124084,0.043945,-0.542662
0.269727,-0.050093,-0.015992,-0.443215,-0.327118,0.276269,0.145305,0.038626,0.107705
0.269766,-0.052537,-0.021473,-0.451916,-0.330725,0.552218,0.110222,0.017966,-0.330298
0.269805,-0.061411,-0.013401,-0.467685,-0.307227,0.236825,0.132680,0.036243,-0.028148
0.269844,-0.046330,-0.012811,-0.459900,-0.318248,-0.360138,0.087025,0.032413,0.165494
0.269883,-0.059644,-0.009198,-0.447721,-0.337094,-0.632883,0.057994,0.027931,-0.496045
0.269922,-0.034625,-0.008663,-0.445254,-0.353111,-0.353720,0.109272,0.048769,-0.224025
0.269961,-0.045972,-0.028107,-0.461354,-0.352262,0.202803,0.132847,-0.033062,0.091233
0.270000,-0.049996,0.001526,-0.462802,-0.352058,0.464096,0.118351,0.066926,-0.488194
0.270039,-0.055638,-0.003962,-0.454976,-0.366411,0.236722,0.112890,0.045391,-0.692114
0.270078,-0.054245,-0.007356,-0.459865,-0.346338,-0.229439,0.140359,0.033632,-0.100677
0.270117,-0.071357,-0.001734,-0.446417,-0.358079,-0.451772,0.124369,0.017385,0.010526
0.270156,-0.050165,-0.004176,-0.447600,-0.343021,-0.340434,0.088558,0.031465,-0.248951
0.270195,-0.048009,0.001315,-0.465590,-0.346923,0.085632,0.138409,0.026455,-0.366789
0.270234,-0.038912,-0.014759,-0.459204,-0.376311,0.380616,0.073416,0.067765,-0.106618
0.270273,-0.041681,-0.005745,-0.461542,-0.345047,0.230941,0.133522,0.039900,-0.058481
0.270313,-0.048382,-0.014174,-0.444635,-0.404308,-0.190055,0.102102,0.039814,-0.190343
0.270352,-0.053152,-0.005822,-0.437342,-0.389514,-0.449673,0.120415,0.046957,-0.044953
0.270391,-0.050747,-0.006941,-0.462486,-0.375849,-0.322884,0.145429,0.039222,-0.643192
0.270430,-0.055200,-0.014950,-0.441525,-0.388843,0.064729,0.072583,0.017794,-0.039937
0.270469,-0.054631,-0.006790,-0.426912,-0.403361,0.283301,0.092827,0.001453,-0.405200
0.270508,-0.054321,-0.001992,-0.471340,-0.410747,0.162855,0.063805,0.001251,-0.917776
0.270547,-0.057631,0.000944,-0.436867,-0.397342,-0.153486,0.142146,0.060822,-0.273992
0.270586,-0.054311,0.004469,-0.432462,-0.430025,-0.333435,0.107367,0.070222,-0.049166
0.270625,-0.046448,-0.009906,-0.430026,-0.402436,-0.263934,0.060478,0.025040,-0.236905
0.270664,-0.049225,-0.002613,-0.423130,-0.417639,0.041881,0.060536,0.021953,0.254933
0.270703,-0.055973,-0.005719,-0.436257,-0.428053,0.206160,0.116915,0.031983,-0.562741
0.270742,-0.051120,0.007199,-0.434926,-0.420027,0.188661,0.030313,0.031217,-0.343359
0.270781,-0.058839,0.001760,-0.436831,-0.450633,-0.064758,0.145137,0.025787,0.254360
0.270820,-0.025540,-0.002307,-0.425676,-0.448417,-0.272681,0.041329,0.056122,-0.298777
0.270859,-0.064638,-0.019175,-0.440683,-0.435968,-0.268809,0.116071,0.020744,-0.380939
0.270898,-0.041568,-0.007754,-0.434751,-0.436165,-0.033045,0.116114,0.027803,-0.393553
0.270937,-0.057889,0.004674,-0.411233,-0.437474,0.170204,0.098259,0.041825,0.074308
0.270977,-0.071962,-0.001150,-0.429768,-0.447258,0.147745,0.061833,0.034209,-0.296333
0.271016,-0.061281,0.006965,-0.423354,-0.456988,-0.005776,0.018106,0.048487,0.564925
0.271055,-0.041288,-0.000828,-0.422487,-0.481278,-0.231119,0.096435,0.037330,0.177609
0.271094,-0.049142,0.006547,-0.423112,-0.490741,-0.227879,0.089637,0.044877,0.258795
0.271133,-0.059566,0.012736,-0.430223,-0.484392,-0.033129,0.033937,0.035740,0.184757
0.271172,-0.054092,-0.013179,-0.407140,-0.474031,0.115455,0.091955,0.050287,-0.322620
0.271211,-0.070034,-0.001576,-0.408901,-0.458552,0.127000,0.051645,0.035978,0.237935
0.271250,-0.046146,0.014792,-0.430156,-0.495644,-0.038683,0.086564,0.053323,0.219448
0.271289,-0.043303,0.013500,-0.382150,-0.486134,-0.163837,0.118243,0.046708,0.314189
0.271328,-0.052187,0.003596,-0.422232,-0.488260,-0.208277,0.032208,0.012833,-0.175926
0.271367,-0.065239,-0.003501,-0.400985,-0.508534,-0.074643,0.051677,0.056867,-0.134098
0.271406,-0.055493,0.002778,-0.401251,-0.473910,0.094156,0.059345,0.005404,0.078792
0.271445,-0.048286,0.009602,-0.394444,-0.483061,0.074350,0.038625,0.016435,0.293959
0.271484,-0.027843,-0.000923,-0.407511,-0.463811,-0.024562,0.021230,0.034053,-0.127941
0.271523,-0.064838,-0.000012,-0.409269,-0.493284,-0.144416,-0.049275,0.016531,0.072096
0.271562,-0.034282,-0.003732,-0.382897,-0.472237,-0.156955,0.016455,0.038715,-0.181716
0.271602,-0.062542,-0.003562,-0.412378,-0.476037,-0.087736,0.096503,0.039468,0.216970
0.271641,-0.057905,-0.009354,-0.414388,-0.474279,0.053822,0.027572,0.052136,-0.192039
0.271680,-0.032846,0.009253,-0.379118,-0.511371,0.107855,0.018969,0.050898,0.351076
0.271719,-0.031627,0.019505,-0.366473,-0.510066,0.046664,0.052515,0.070451,0.361681
0.271758,-0.046687,0.018041,-0.378993,-0.502692,-0.101152,-0.014459,0.036903,0.324105
0.271797,-0.055097,0.010905,-0.369462,-0.485232,-0.125273,0.011848,0.025606,0.284725
0.271836,-0.058261,0.004978,-0.393421,-0.509290,-0.061007,-0.035741,0.039139,-0.076316
0.271875,-0.047654,0.010450,-0.378358,-0.521859,0.025504,-0.023666,0.023948,-0.527003
0.271914,-0.044464,-0.003070,-0.376503,-0.500546,0.048561,-0.028920,0.030525,0.409187
0.271953,-0.060367,0.001693,-0.373711,-0.534644,-0.002617,0.024628,-0.004700,0.036869
0.271992,-0.061122,0.004143,-0.384484,-0.512840,-0.121144,-0.004290,0.018701,0.188283
0.272031,-0.067034,0.015714,-0.356945,-0.496024,-0.127435,-0.048953,0.026194,-0.240766
0.272070,-0.054866,0.013830,-0.360900,-0.490647,-0.074519,-0.015948,0.003610,-0.277244
0.272109,-0.051215,0.004818,-0.366019,-0.494476,0.040310,0.016639,0.037277,-0.117451
0.272148,-0.040029,0.005167,-0.377637,-0.508749,0.065594,-0.025665,0.018006,0.238196
0.272188,-0.030640,0.027503,-0.370953,-0.497701,0.017545,-0.027753,0.022857,0.476761
0.272227,-0.045309,-0.004126,-0.380642,-0.498506,-0.062865,-0.015663,0.018055,-0.085096
0.272266,-0.053362,0.004276,-0.343651,-0.524579,-0.136857,-0.042665,0.018297,0.470951
0.272305,-0.055581,0.024678,-0.355351,-0.533592,-0.037440,-0.027118,0.043785,-0.515219
0.272344,-0.044874,0.030732,-0.379987,-0.502217,0.021297,-0.063525,0.043597,0.068917
0.272383,-0.056616,0.011366,-0.377439,-0.532427,0.051325,-0.103632,0.015227,0.053352
0.272422,-0.061970,0.016407,-0.340915,-0.483107,-0.012237,-0.139118,-0.014206,0.036365
0.272461,-0.053282,-0.020771,-0.353079,-0.485584,-0.059799,0.009649,0.021077,0.181530
0.272500,-0.047490,-0.004705,-0.341137,-0.515478,-0.087127,-0.068153,0.057150,-0.353700
0.272539,-0.044238,-0.001039,-0.339719,-0.495185,-0.096053,-0.069977,0.019130,-0.053764
0.272578,-0.059660,0.003471,-0.340794,-0.526834,0.037436,-0.051623,0.044238,0.301133
0.272617,-0.033435,0.019952,-0.330529,-0.505085,0.032045,-0.144478,0.053656,-0.063532
0.272656,-0.039704,0.001237,-0.334406,-0.483229,0.010931,-0.153860,0.028012,0.665234
0.272695,-0.035018,0.000451,-0.315037,-0.479208,-0.010738,-0.081194,0.015099,0.668302
0.272734,-0.070774,-0.006284,-0.330479,-0.495948,-0.049048,-0.064531,0.003388,0.204738
0.272773,-0.036609,0.006362,-0.316559,-0.500471,-0.035503,-0.148467,0.009325,-0.201568
0.272813,-0.040134,-0.009211,-0.326906,-0.504203,0.002930,-0.106542,0.027921,0.379313
0.272852,-0.048787,0.020508,-0.316617,-0.517851,0.057331,-0.117108,0.076652,0.067551
0.272891,-0.056326,0.006494,-0.303576,-0.500120,0.006320,-0.141183,0.029779,0.092597
0.272930,-0.060941,0.002556,-0.310224,-0.505288,-0.013583,-0.145934,0.032397,0.155015
0.272969,-0.041003,-0.005873,-0.303739,-0.484381,-0.035744,-0.104875,0.029195,0.190820
0.273008,-0.020457,-0.002209,-0.295390,-0.469253,-0.034404,-0.119075,0.044462,0.580847
0.273047,-0.036669,0.004855,-0.315798,-0.498911,0.032826,-0.146780,0.015013,-0.489202
0.273086,-0.053340,0.008875,-0.303594,-0.480021,0.069885,-0.179071,0.055755,0.052156
0.273125,-0.026493,0.011621,-0.289622,-0.495938,0.032119,-0.194131,0.051731,0.432001
0.273164,-0.042516,-0.000130,-0.299324,-0.470210,-0.017700,-0.187654,0.011620,0.370280
0.273203,-0.045107,0.025130,-0.311639,-0.442853,-0.024843,-0.189418,0.024766,-0.131327
0.273242,-0.042873,0.009285,-0.292116,-0.490872,-0.001386,-0.198459,0.047928,-0.194650
0.273281,-0.048552,0.011577,-0.297523,-0.481193,-0.010207,-0.175663,0.030936,-0.084102
0.273320,-0.052586,0.009863,-0.270202,-0.462122,0.031003,-0.221647,0.035126,0.562429
0.273359,-0.052008,0.009553,-0.298475,-0.491491,0.020385,-0.249084,0.004289,-0.841049
0.273398,-0.071301,0.005552,-0.298924,-0.465970,-0.021071,-0.258350,0.037992,0.040487
0.273438,-0.047481,0.017584,-0.273498,-0.482270,0.007973,-0.201342,0.055542,0.447587
0.273477,-0.046516,-0.006593,-0.244169,-0.422885,0.011156,-0.195055,0.033090,0.718964
0.273516,-0.064174,0.003583,-0.276615,-0.427126,-0.007758,-0.268676,0.011671,-0.575856
0.273555,-0.041289,-0.000811,-0.282212,-0.463848,0.058645,-0.218923,0.047817,0.023428
0.273594,-0.046077,0.012988,-0.265692,-0.466482,0.023064,-0.252922,0.039925,-0.096780
0.273633,-0.049181,0.000098,-0.270326,-0.458030,0.009299,-0.240748,0.012934,0.416588
0.273672,-0.044540,0.005608,-0.249396,-0.446087,-0.011787,-0.277988,0.015119,0.365560
0.273711,-0.043774,0.019481,-0.252381,-0.459758,0.013974,-0.212610,0.080010,0.240039
0.273750,-0.050049,0.001220,-0.247897,-0.440465,-0.010725,-0.270866,0.046033,0.521848
0.273789,-0.028475,0.000973,-0.237912,-0.411020,0.034038,-0.267326,0.047851,0.022405
0.273828,-0.053354,0.021636,-0.258098,-0.432521,0.010168,-0.312857,0.030953,-0.532083
0.273867,-0.047929,0.019731,-0.250497,-0.403241,0.021806,-0.283487,0.005804,-0.340318
0.273906,-0.043551,0.019033,-0.225889,-0.417013,-0.005601,-0.262792,0.033229,-0.123822
0.273945,-0.049906,0.000330,-0.225602,-0.438716,0.007471,-0.272002,0.022652,0.118675
0.273984,-0.026018,0.000716,-0.258533,-0.417019,-0.012765,-0.278279,0.046684,0.581078
0.274023,-0.033964,0.011833,-0.244107,-0.409766,0.036843,-0.294866,0.050172,-0.237623
0.274062,-0.051899,0.000380,-0.235288,-0.392647,0.027148,-0.249601,0.045365,0.207722
0.274102,-0.026350,0.019464,-0.251312,-0.392094,0.054581,-0.276662,0.019319,0.166801
0.274141,-0.021951,0.002135,-0.228888,-0.400303,-0.006458,-0.321298,-0.022865,-0.538604
0.274180,-0.039764,0.008152,-0.210352,-0.379344,-0.017630,-0.315952,0.052275,0.021076
0.274219,-0.047505,0.007292,-0.209282,-0.390454,0.002441,-0.350603,-0.002818,0.414237
0.274258,-0.031115,0.008341,-0.192154,-0.365188,0.059350,-0.332083,0.053320,0.918409
0.274297,-0.047639,0.015809,-0.219697,-0.372264,0.026814,-0.291782,0.026420,0.148246
0.274336,-0.046242,-0.000895,-0.210022,-0.358116,0.011729,-0.326863,0.028033,0.175986
0.274375,-0.064834,0.003557,-0.185877,-0.366687,-0.014612,-0.289950,0.034531,0.262569
0.274414,-0.036296,0.010057,-0.174235,-0.359676,0.016257,-0.307435,0.046641,0.430035
0.274453,-0.043670,0.010626,-0.190791,-0.332048,0.018054,-0.330056,0.022691,0.000023
0.274492,-0.067040,0.010744,-0.191459,-0.374777,0.037560,-0.370095,0.024959,-0.385942
0.274531,-0.047724,0.024735,-0.189849,-0.340836,0.044586,-0.313041,0.028773,0.144029
0.274570,-0.060381,0.004560,-0.194366,-0.364504,0.036501,-0.338682,-0.001309,0.797666
0.274609,-0.027297,-0.004137,-0.189127,-0.330482,-0.000035,-0.332756,0.076108,0.232578
0.274648,-0.043781,0.014781,-0.157409,-0.327579,0.026715,-0.306388,0.082253,1.061904
0.274687,-0.060178,0.011708,-0.183902,-0.332308,0.029442,-0.337362,0.078819,0.333660
0.274727,-0.034358,0.012611,-0.182243,-0.321148,0.016175,-0.371283,0.045007,0.109404
0.274766,-0.041139,0.024825,-0.162311,-0.324393,0.021890,-0.289754,0.051575,0.515029
0.274805,-0.049743,0.009767,-0.171373,-0.312716,0.053528,-0.417385,-0.019896,0.343217
0.274844,-0.048828,0.004348,-0.185116,-0.303343,0.034373,-0.416594,-0.012818,0.501271
0.274883,-0.051032,0.021831,-0.162620,-0.281001,0.046672,-0.339736,-0.015492,0.354169
0.274922,-0.047569,0.008289,-0.147446,-0.254448,0.051951,-0.324502,0.061819,0.321202
0.274961,-0.047844,0.001899,-0.139843,-0.300223,-0.000414,-0.339205,0.082502,-0.649094
0.275000,-0.043858,0.017365,-0.168863,-0.261761,0.018825,-0.361642,0.130656,0.187892
0.275039,-0.048580,0.029333,-0.140380,-0.241687,0.024073,-0.342819,0.068930,0.283939
0.275078,-0.050416,0.023858,-0.154067,-0.231552,0.037088,-0.381788,-0.016222,0.100662
0.275117,-0.026122,0.006382,-0.148852,-0.258224,0.007544,-0.359430,-0.001183,-0.165189
0.275156,-0.052023,0.008983,-0.147404,-0.213210,0.026623,-0.341961,-0.023026,0.125522
0.275195,-0.042230,0.029433,-0.128885,-0.242996,0.048494,-0.370220,0.005660,0.575174
0.275234,-0.036051,0.010242,-0.120410,-0.229224,0.031136,-0.388343,0.034188,0.236134
0.275273,-0.059393,0.010118,-0.126294,-0.220036,0.048751,-0.327930,0.062907,0.994760
0.275313,-0.046521,0.018560,-0.159929,-0.218895,0.042017,-0.316938,0.066028,0.297636
0.275352,-0.041464,0.017125,-0.128170,-0.202062,0.053713,-0.379793,0.057569,-0.157943
0.275391,-0.021980,0.012052,-0.118827,-0.220198,0.010241,-0.416446,0.052504,-0.053842
0.275430,-0.058859,0.017516,-0.110311,-0.180772,0.046612,-0.388347,0.034258,-0.004572
0.275469,-0.024102,0.018608,-0.119806,-0.176738,0.063917,-0.409275,0.006674,0.640567
0.275508,-0.041141,0.014072,-0.133698,-0.196146,0.029803,-0.373468,0.030895,0.189923
0.275547,-0.034373,0.011033,-0.109624,-0.179164,0.020631,-0.434489,0.033088,0.458745
0.275586,-0.033521,0.008232,-0.126251,-0.164101,0.054826,-0.358398,0.020182,-0.208104
0.275625,-0.040616,0.022929,-0.103977,-0.153216,0.036569,-0.347135,0.072368,0.779889
0.275664,-0.037664,0.020110,-0.108697,-0.128722,0.057200,-0.342315,0.051109,-0.484252
0.275703,-0.060121,0.015919,-0.098361,-0.129926,0.022448,-0.355863,0.042217,0.335657
0.275742,-0.039091,0.027260,-0.076819,-0.108546,-0.001206,-0.359260,0.020954,0.221094
0.275781,-0.025243,0.023175,-0.084440,-0.126826,0.014308,-0.314712,0.002776,-0.016916
0.275820,-0.056216,0.014315,-0.078857,-0.096882,0.046098,-0.373020,-0.002359,0.327391
0.275859,-0.041676,0.012967,-0.101941,-0.072201,0.007325,-0.312527,0.038265,-0.128464
0.275898,-0.035552,0.016826,-0.067728,-0.090667,0.068827,-0.327433,0.061788,-0.412753
0.275938,-0.032289,0.025137,-0.065702,-0.089999,0.001720,-0.376534,0.044853,0.303428
0.275977,-0.053804,0.023829,-0.089115,-0.068605,0.047404,-0.264053,0.069176,0.380456
0.276016,-0.034920,0.008521,-0.043062,-0.083650,0.025298,-0.312266,0.012721,0.521820
0.276055,-0.050398,0.013416,-0.070178,-0.045029,0.050314,-0.319682,0.021149,-0.284559
0.276094,-0.039906,0.032711,-0.057824,-0.053540,0.043631,-0.340759,0.003962,0.360282
0.276133,-0.030041,0.021575,-0.067986,-0.012816,0.039842,-0.316290,0.035964,0.101260
0.276172,-0.031954,0.013253,-0.051758,-0.037581,0.035794,-0.322551,0.015266,-0.339546
0.276211,-0.046902,0.021041,-0.043830,-0.013185,0.052228,-0.303132,0.032217,-0.105766
0.276250,-0.045032,0.006938,-0.032765,-0.018729,0.083891,-0.346207,0.059956,-0.642664
0.276289,-0.041199,0.006400,-0.034828,-0.014052,0.053987,-0.305503,0.009739,-0.415552
0.276328,-0.042257,0.020958,-0.045560,0.010741,0.044285,-0.351496,0.060873,0.053585
0.276367,-0.008318,0.024596,-0.048587,0.014139,0.057422,-0.306700,0.036943,-0.329342
0.276406,-0.037013,0.025938,-0.039371,-0.015971,0.036131,-0.272592,0.041448,-0.208388
0.276445,-0.013467,0.026900,-0.021094,0.027851,0.057746,-0.265821,0.039797,-0.192435
0.276484,-0.046066,0.027421,-0.045040,0.040401,0.009983,-0.261915,0.026306,0.071855
0.276523,-0.050820,0.041572,-0.024456,0.045881,0.079885,-0.265187,0.040118,-0.124403
0.276562,-0.015012,0.010831,0.000808,0.065917,0.077547,-0.305261,0.050577,-0.471023
0.276602,-0.039812,0.032799,-0.022775,0.069299,0.044644,-0.246877,0.036611,-0.365859
0.276641,-0.044930,0.020996,-0.001992,0.073529,0.008408,-0.208296,0.056301,0.084141
0.276680,-0.038984,0.019157,-0.003606,0.084188,0.032260,-0.266126,0.021273,-0.514256
0.276719,-0.021361,0.015349,-0.004334,0.110199,0.033247,-0.229406,-0.000408,0.387698
0.276758,-0.025218,0.035976,0.018953,0.074535,0.074274,-0.288821,0.049614,0.106496
0.276797,-0.024073,0.025470,0.008129,0.105805,0.054047,-0.184636,0.027017,-0.460691
0.276836,-0.040184,0.022618,0.004036,0.095304,0.062743,-0.160818,0.046649,-0.059581
0.276875,-0.034516,0.030660,-0.007321,0.137719,0.061727,-0.213143,0.031547,-0.061512
0.276914,-0.038217,0.025201,0.013436,0.172993,0.088397,-0.257644,0.057302,0.270386
0.276953,-0.018891,0.019741,0.003029,0.149262,0.073980,-0.196448,0.052253,-0.039837
0.276992,-0.028668,0.018464,0.028215,0.156442,0.077228,-0.181252,0.018010,-0.037389
0.277031,-0.011215,0.026282,0.026152,0.167353,0.069235,-0.221773,0.044515,-0.722937
0.277070,-0.038166,0.015538,-0.001435,0.198504,0.045133,-0.234519,0.023010,0.302085
0.277109,-0.025486,0.023136,0.039635,0.188962,0.044952,-0.117857,0.027981,-0.073715
0.277148,-0.035529,0.044941,-0.006937,0.174272,0.036181,-0.178532,0.039823,-0.113891
0.277187,-0.008390,0.023260,0.049121,0.214706,0.007778,-0.192446,0.045267,-0.221333
0.277227,-0.012719,0.016076,0.026569,0.200760,0.105945,-0.153919,0.058236,-0.186313
0.277266,-0.022877,0.048855,0.040639,0.200917,0.075804,-0.138275,0.040491,-0.412405
0.277305,-0.041115,0.038721,0.043097,0.239660,0.063634,-0.123068,0.032216,0.398122
0.277344,-0.025782,0.023326,0.086908,0.254350,0.063882,-0.172261,0.049042,0.494686
0.277383,-0.019045,0.030531,0.060037,0.239732,0.025602,-0.190903,0.019262,-0.621282
0.277422,-0.017597,0.032780,0.078314,0.234516,0.058712,-0.170791,0.034617,-0.424212
0.277461,-0.021714,0.036221,0.049502,0.264388,0.045453,-0.165343,0.036593,0.013746
0.277500,-0.015246,0.037391,0.046575,0.266372,0.019651,-0.132919,0.073622,0.230156
0.277539,-0.013002,0.024825,0.051166,0.297039,0.047203,-0.091763,0.036042,-0.244987
0.277578,-0.011131,0.037896,0.069355,0.325334,0.055855,-0.089454,0.042177,0.194106
0.277617,-0.021430,0.024655,0.062785,0.317692,0.071521,-0.054193,0.047315,-0.175374
0.277656,-0.022534,0.035554,0.075806,0.324905,0.059140,-0.061573,0.062068,-0.170043
0.277695,-0.002237,0.034081,0.058601,0.317773,0.054588,-0.105629,0.074920,-0.103311
0.277734,-0.021369,0.040581,0.075348,0.349062,0.072484,-0.015307,0.005980,-0.772341
0.277773,-0.006821,0.020402,0.077720,0.337499,0.023160,-0.126345,0.050281,-0.425021
0.277813,-0.011599,0.026007,0.093391,0.354286,0.064520,-0.073615,0.028062,-0.916601
0.277852,-0.013589,0.038975,0.082839,0.341612,0.041759,-0.001627,0.022815,0.013707
0.277891,-0.031153,0.029633,0.081728,0.378385,0.076187,0.000750,0.060621,0.078132
0.277930,-0.008773,0.028244,0.104596,0.368596,0.065833,0.003281,0.116698,-0.270440
0.277969,-0.013645,0.024941,0.100928,0.379990,0.081408,-0.015221,0.116902,-0.460596
0.278008,-0.013894,0.029919,0.108965,0.407166,0.042763,0.036268,0.152938,-0.854761
0.278047,-0.011616,0.032035,0.114408,0.416725,0.076538,0.060367,0.103429,-0.269734
0.278086,-0.009723,0.041455,0.097800,0.425902,0.063765,0.069363,0.010153,-0.757119
0.278125,-0.009300,0.051140,0.098383,0.441708,0.080728,0.069304,-0.037986,0.118554
0.278164,-0.019138,0.042821,0.095501,0.419726,0.071760,0.068332,-0.031707,0.121102
0.278203,0.004620,0.025099,0.087027,0.434582,0.067752,0.057667,-0.007069,0.273413
0.278242,-0.011138,0.027441,0.104353,0.437954,0.050086,0.089501,0.040078,-0.588254
0.278281,-0.013591,0.035917,0.118271,0.473899,0.053126,0.062086,0.113484,-0.056667
0.278320,-0.009326,0.019732,0.118766,0.471801,0.066794,0.147606,0.126924,-0.110994
0.278359,-0.010664,0.033618,0.103706,0.468836,0.060866,0.097319,0.088834,-0.725440
0.278398,-0.013990,0.027097,0.128020,0.465680,0.072878,0.116053,0.015546,-0.362605
0.278438,-0.017787,0.023984,0.136461,0.491025,0.078299,0.141488,-0.030621,-0.341110
0.278477,-0.007155,0.043080,0.123572,0.489030,0.047720,0.166144,-0.009588,0.278195
0.278516,0.002292,0.028856,0.115385,0.501430,0.074429,0.173509,0.014144,-0.472202
0.278555,-0.001754,0.018345,0.138374,0.526095,0.071202,0.152410,0.022928,0.126066
0.278594,0.001355,0.028517,0.139205,0.540370,0.085342,0.184069,0.052986,-0.936627
0.278633,-0.005821,0.022939,0.153014,0.553361,0.087270,0.186512,0.098500,0.463261
0.278672,-0.003302,0.025347,0.129359,0.525225,0.071005,0.174920,0.088951,-0.007286
0.278711,-0.008362,0.038030,0.142447,0.577889,0.086683,0.154669,0.011425,0.113055
0.278750,-0.009941,0.033904,0.143317,0.536910,0.070828,0.211782,0.007311,-0.309897
0.278789,-0.003601,0.040434,0.158051,0.565332,0.049162,0.218958,0.001547,-0.080510
0.278828,-0.003216,0.025880,0.159994,0.590473,0.083570,0.255242,0.028619,-0.167067
0.278867,-0.004106,0.046262,0.154565,0.583032,0.100943,0.242616,0.034016,0.154396
0.278906,-0.000968,0.034252,0.186900,0.565390,0.034214,0.237554,0.092488,0.110186
0.278945,0.014495,0.031297,0.161816,0.607265,0.054008,0.272975,0.038368,0.287262
0.278984,0.010447,0.039693,0.144124,0.598012,0.077822,0.218577,0.073197,-0.233499
0.279023,-0.010114,0.035576,0.157625,0.590422,0.076951,0.256026,0.037441,0.265912
0.279062,0.002522,0.057949,0.177159,0.607700,0.080569,0.275238,0.036628,0.210134
0.279102,-0.007824,0.044299,0.165845,0.619354,0.098215,0.286556,0.028945,0.343365
0.279141,0.015720,0.034987,0.166661,0.633557,0.068013,0.288293,-0.020550,0.801135
0.279180,-0.010743,0.036982,0.173000,0.609015,0.082962,0.241956,0.032830,-0.057505
0.279219,0.010962,0.048963,0.177951,0.668405,0.046985,0.327899,0.016923,0.052636
0.279258,-0.007522,0.047648,0.175171,0.625202,0.062649,0.352937,0.071308,0.274313
0.279297,-0.003025,0.029207,0.168688,0.641636,0.087372,0.295405,0.072998,0.330234
0.279336,0.006866,0.018244,0.180065,0.652532,0.101590,0.322109,0.071861,0.119211
0.279375,0.017686,0.039974,0.185811,0.652046,0.034937,0.303882,0.046765,-0.532846
0.279414,0.006735,0.040054,0.202127,0.655521,0.046814,0.319818,0.048503,-0.221528
0.279453,0.009040,0.044227,0.192588,0.656212,0.088987,0.318385,0.018072,-0.637152
0.279492,0.009195,0.034539,0.210015,0.672766,0.054480,0.328764,0.000227,0.066795
0.279531,0.005414,0.033728,0.213120,0.695256,0.089602,0.375629,0.045729,0.544510
0.279570,0.030135,0.042572,0.175044,0.717007,0.103704,0.353952,0.100684,0.509159
0.279609,-0.009750,0.047108,0.233837,0.703583,0.063103,0.384837,0.037377,-0.220517
0.279648,0.013670,0.032243,0.210078,0.698744,0.086063,0.363321,0.044452,0.045178
0.279687,0.009384,0.025951,0.212628,0.711759,0.074121,0.363256,0.022814,0.571257
0.279727,0.015280,0.043403,0.200391,0.737802,0.090312,0.380608,0.037608,0.673281
0.279766,0.022758,0.039279,0.204771,0.738371,0.068090,0.381360,0.025795,0.068242
0.279805,-0.001995,0.043377,0.202613,0.713375,0.072875,0.428730,0.021516,0.443867
0.279844,0.025451,0.039233,0.218051,0.748666,0.052561,0.454030,0.017605,-0.021601
0.279883,0.010361,0.027095,0.202098,0.735657,0.070799,0.426851,0.022112,0.434198
0.279922,0.022411,0.040497,0.214132,0.752872,0.070776,0.376710,0.038151,0.297768
0.279961,0.007071,0.045267,0.196723,0.724675,0.054722,0.446235,0.045796,-0.157697
0.280000,0.009668,0.047078,0.227468,0.776871,0.070197,0.444282,0.061846,0.435770
0.280039,0.013467,0.040101,0.225557,0.743941,0.084039,0.444366,0.011611,0.131290
0.280078,0.013125,0.033361,0.228569,0.757345,0.081668,0.485659,0.050138,-0.630036
0.280117,0.020987,0.039853,0.215404,0.738633,0.092284,0.448403,0.036044,0.100509
0.280156,0.028025,0.043027,0.224529,0.736056,0.041679,0.427769,0.044598,0.505737
0.280195,0.037229,0.042332,0.229359,0.774176,0.070634,0.463957,0.032749,-0.073494
0.280234,0.024147,0.040133,0.237146,0.767165,0.104963,0.446484,0.072924,-0.284073
0.280273,0.017064,0.051201,0.229501,0.743515,0.063803,0.447359,0.036590,0.589618
0.280313,0.022656,0.036684,0.255687,0.793195,0.083226,0.414122,0.035200,0.161310
0.280352,0.013500,0.029619,0.243457,0.773661,0.093442,0.474122,0.019706,0.320181
0.280391,0.010957,0.042394,0.232693,0.764004,0.067491,0.489585,0.064267,0.370325
0.280430,0.009781,0.049251,0.241939,0.773582,1.003960,0.464828,0.060938,0.242151
0.280469,0.026016,0.019978,0.230591,0.794517,1.156130,0.513894,0.038543,0.238453
0.280508,0.044484,0.035749,0.242575,0.760031,0.294872,0.502282,0.051608,-0.290180
0.280547,0.030485,0.034554,0.267586,0.800078,-0.710735,0.531471,0.030892,-0.320846
0.280586,0.022761,0.045664,0.235456,0.783816,-0.925991,0.543448,0.027740,0.426277
0.280625,0.021402,0.045029,0.274644,0.797597,-0.181741,0.506497,0.029611,0.225660
0.280664,0.016547,0.041856,0.247638,0.785397,0.753673,0.539950,0.024596,-0.034393
0.280703,0.028806,0.034614,0.260013,0.818417,1.060414,0.498196,0.034638,0.285229
0.280742,0.010492,0.021886,0.274660,0.801590,0.333375,0.482906,0.068939,0.561324
0.280781,0.023777,0.030875,0.265538,0.792313,-0.523061,0.527068,0.017379,-0.783165
0.280820,0.023379,0.048495,0.258969,0.806495,-0.713554,0.546248,0.001022,-0.205897
0.280859,0.039747,0.054630,0.253938,0.817185,-0.246349,0.523051,0.068319,-0.280878
0.280898,0.017212,0.034238,0.289036,0.796937,0.568545,0.501284,0.044100,0.183780
0.280938,0.035777,0.030214,0.265963,0.813135,0.825797,0.530647,0.066150,0.476524
0.280977,0.036432,0.031784,0.278838,0.801715,0.338919,0.539002,0.029479,0.092917
0.281016,0.033708,0.039823,0.294547,0.794301,-0.359363,0.524305,0.070087,0.011684
0.281055,0.030395,0.057858,0.286276,0.808280,-0.618465,0.532277,0.021589,0.148261
0.281094,0.033677,0.031448,0.269196,0.810728,-0.235602,0.502166,0.002651,0.435878
0.281133,0.022222,0.038758,0.287681,0.810701,0.413241,0.531625,-0.013972,0.412883
0.281172,0.027783,0.042023,0.276581,0.811558,0.682390,0.584084,0.021482,0.533299
0.281211,0.025707,0.034732,0.282829,0.813158,0.371326,0.512219,0.071635,0.407554
0.281250,0.016752,0.044979,0.292389,0.812605,-0.248327,0.576309,0.042069,0.124093
0.281289,0.036231,0.051656,0.273345,0.815199,-0.501855,0.506122,0.051454,-0.316161
0.281328,0.027510,0.052426,0.281256,0.808418,-0.256297,0.540329,0.057729,-0.065927
0.281367,0.041965,0.035739,0.284157,0.788439,0.307839,0.538080,0.040235,-0.052606
0.281406,0.019101,0.034883,0.284889,0.783126,0.599967,0.535527,0.014302,0.277165
0.281445,0.037509,0.056418,0.291666,0.827822,0.339255,0.631309,0.069803,0.001340
0.281484,0.046946,0.050325,0.292092,0.795981,-0.160116,0.584962,0.051671,0.155472
0.281523,0.018603,0.038221,0.309584,0.808694,-0.438420,0.533122,0.040914,0.598686
0.281562,0.025745,0.041462,0.278014,0.808106,-0.214672,0.551885,0.073839,-0.163873
0.281602,0.037535,0.017000,0.286295,0.817448,0.224852,0.561527,0.014347,0.031978
0.281641,0.037697,0.034668,0.313772,0.806466,0.515222,0.559227,0.054132,0.107915
0.281680,0.022841,0.044249,0.272989,0.787637,0.325274,0.569008,0.038612,-0.074395
0.281719,0.036422,0.036657,0.315129,0.789095,-0.052571,0.535411,0.030745,-0.101070
0.281758,0.037014,0.045390,0.304537,0.791546,-0.339908,0.533205,0.039610,0.366007
0.281797,0.020191,0.031533,0.313886,0.809757,-0.185317,0.556068,0.028341,0.594042
0.281836,0.023862,0.033127,0.306106,0.784648,0.168393,0.565637,0.019768,0.176142
0.281875,0.050051,0.036694,0.324014,0.795370,0.449346,0.609430,0.072311,-0.011992
0.281914,0.039988,0.038023,0.304246,0.784929,0.289362,0.570800,0.030327,0.031775
0.281953,0.039494,0.036571,0.289204,0.790889,0.003726,0.571676,0.040821,0.793158
0.281992,0.033926,0.051317,0.304849,0.774290,-0.227246,0.528144,0.043229,0.205240
0.282031,0.050169,0.038007,0.299330,0.778631,-0.160952,0.621991,0.005486,0.300017
0.282070,0.034319,0.038424,0.293942,0.779345,0.128364,0.609264,0.026830,0.248508
0.282109,0.038760,0.024519,0.290229,0.756640,0.366624,0.550523,0.015004,-0.146960
0.282148,0.026175,0.043088,0.312338,0.762212,0.301829,0.601270,0.041385,0.613916
0.282187,0.045193,0.048169,0.312824,0.763137,-0.021798,0.586830,0.016985,0.665189
0.282227,0.040492,0.026222,0.298810,0.746466,-0.164863,0.532411,0.017595,-0.956200
0.282266,0.025440,0.044888,0.317327,0.766871,-0.122565,0.527685,0.053290,-0.211952
0.282305,0.031699,0.050116,0.306504,0.747257,0.066782,0.567036,0.046282,1.083022
0.282344,0.041060,0.018620,0.333585,0.766542,0.317666,0.519503,0.051757,0.334022
0.282383,0.035377,0.046820,0.323300,0.753696,0.255413,0.560863,0.011377,0.298387
0.282422,0.039065,0.032429,0.328521,0.774751,0.086822,0.536193,0.034038,0.557436
0.282461,0.032089,0.040190,0.335691,0.743325,-0.152315,0.493577,0.037421,0.500921
0.282500,0.033814,0.029026,0.317129,0.762598,-0.122817,0.555443,0.059821,-0.060886
0.282539,0.033442,0.029120,0.289761,0.732539,0.028598,0.505722,0.039699,0.385711
0.282578,0.045291,0.025583,0.313939,0.727767,0.240866,0.500051,0.004567,0.370009
0.282617,0.053764,0.033816,0.324043,0.750003,0.238648,0.513493,0.034563,0.313771
0.282656,0.050097,0.026952,0.342048,0.761117,0.085527,0.514779,0.031246,0.334611
0.282695,0.049202,0.043443,0.330746,0.718123,-0.103262,0.561196,0.018999,0.834537
0.282734,0.037775,0.025648,0.334187,0.700926,-0.115959,0.525714,0.009927,0.350696
0.282773,0.028079,0.022936,0.341929,0.689521,0.038182,0.516897,0.004333,0.002028
0.282813,0.023177,0.044376,0.329843,0.682847,0.189462,0.530759,0.031996,0.491460
0.282852,0.033527,0.037963,0.350542,0.656135,0.246582,0.479124,0.016168,-0.223155
0.282891,0.042625,0.029355,0.326393,0.656865,0.094236,0.471939,0.045162,0.119210
0.282930,0.051475,0.029999,0.328615,0.676602,-0.023810,0.491628,0.012382,0.517148
0.282969,0.045028,0.024984,0.347023,0.712227,-0.079878,0.492473,0.067846,0.086331
0.283008,0.027801,0.034745,0.356055,0.674846,-0.001974,0.525291,0.049548,-0.184746
0.283047,0.042716,0.020295,0.354112,0.665580,0.186806,0.434216,0.036737,0.155870
0.283086,0.037147,0.024718,0.337942,0.668295,0.191098,0.504469,0.018987,-0.075678
0.283125,0.029459,0.031278,0.335397,0.668347,0.094371,0.527550,0.028835,0.393141
0.283164,0.029673,0.027369,0.345177,0.660086,0.002448,0.465156,0.022800,-0.064675
0.283203,0.057234,0.033731,0.327331,0.652549,-0.037654,0.513274,0.012878,0.497926
0.283242,0.051520,0.042283,0.363751,0.609793,0.022673,0.485446,0.041533,-0.075008
0.283281,0.042654,0.020104,0.330825,0.606187,0.116118,0.542823,0.065929,0.306885
0.283320,0.031669,0.020381,0.356270,0.617138,0.164086,0.487183,0.043833,0.175404
0.283359,0.047156,0.028496,0.331121,0.596991,0.119722,0.530539,0.036647,0.491325
0.283398,0.037103,0.021914,0.355088,0.579554,-0.023474,0.465158,0.052023,0.299150
0.283438,0.039972,0.032013,0.351153,0.620835,-0.049226,0.487582,-0.004276,-0.187088
0.283477,0.052965,0.029589,0.342795,0.581276,-0.002591,0.441750,0.002885,-0.220375
0.283516,0.036286,0.035443,0.335961,0.568371,0.106470,0.496946,0.021544,0.028241
0.283555,0.030163,0.017002,0.361396,0.556754,0.133510,0.470269,0.046063,-0.029753
0.283594,0.030307,0.026400,0.366256,0.572563,0.119606,0.452437,0.051859,0.124638
0.283633,0.043400,0.034555,0.363204,0.545260,0.034526,0.456545,0.008298,-0.279453
0.283672,0.041120,0.039139,0.359017,0.550896,-0.055524,0.460806,0.025883,0.053431
0.283711,0.052899,0.019715,0.343934,0.530985,0.024720,0.447896,0.002947,-0.271978
0.283750,0.023187,0.039168,0.357926,0.540033,0.104679,0.463690,0.044647,-0.762785
0.283789,0.044363,0.027091,0.375513,0.526969,0.139349,0.468010,0.023761,0.114158
0.283828,0.043131,0.031965,0.345952,0.513846,0.084854,0.468270,0.020770,-0.448259
0.283867,0.042319,0.030681,0.342185,0.536096,0.057446,0.441014,0.021605,-0.322486
0.283906,0.031447,0.021962,0.356303,0.506956,-0.025769,0.428286,0.014038,0.076798
0.283945,0.043327,0.023019,0.345079,0.498105,0.025452,0.402253,0.025632,0.305919
0.283984,0.036461,0.027291,0.381155,0.482504,0.091045,0.422200,0.007237,0.190781
0.284023,0.033822,0.038860,0.361273,0.476361,0.125205,0.491832,0.025777,-0.235103
0.284062,0.036610,0.035016,0.386260,0.455054,0.103461,0.467899,0.024399,-0.042645
0.284102,0.042448,0.031214,0.357048,0.472929,0.029376,0.397034,0.022373,-0.277104
0.284141,0.031028,0.007790,0.361520,0.458865,0.029400,0.424330,-0.015422,0.245343
0.284180,0.041041,0.028543,0.375197,0.441087,-0.012418,0.413241,0.017912,0.436759
0.284219,0.030844,0.020522,0.370474,0.446782,0.083394,0.407459,-0.004327,0.256580
0.284258,0.045133,0.019744,0.358105,0.417900,0.069523,0.430669,0.042094,-0.244236
0.284297,0.037046,0.017419,0.366386,0.400328,0.084605,0.439545,0.050222,-0.233126
0.284336,0.032789,0.030442,0.370419,0.418644,0.040108,0.446228,-0.006944,-0.191895
0.284375,0.033076,0.021847,0.353233,0.376096,0.015647,0.410235,-0.002829,-0.489622
0.284414,0.037642,0.016074,0.360309,0.396443,0.011046,0.405557,0.025936,-0.345212
0.284453,0.051542,0.015370,0.372346,0.390150,0.075761,0.407390,0.040472,-0.396523
0.284492,0.050379,0.018769,0.363383,0.392931,0.075954,0.433029,0.027853,-0.396985
0.284531,0.043797,0.031212,0.370530,0.374073,0.060194,0.439836,0.022547,0.149762
0.284570,0.041915,0.008521,0.367721,0.365458,0.020588,0.441426,0.032790,-0.271939
0.284609,0.029422,0.024777,0.381286,0.336444,0.023693,0.379501,-0.005279,-0.024791
0.284648,0.039727,0.019404,0.363328,0.365889,0.033539,0.319428,0.008461,-0.001896
0.284687,0.026527,0.025898,0.396414,0.341362,0.037500,0.398684,0.026732,-0.470558
0.284727,0.035743,0.025562,0.379496,0.327831,0.056607,0.357096,0.021324,-0.227769
0.284766,0.044747,0.013956,0.376997,0.331891,0.065961,0.407951,-0.003856,-0.315931
0.284805,0.047163,0.013881,0.384214,0.298828,0.029926,0.419861,0.035975,-0.588093
0.284844,0.026682,0.015335,0.360934,0.312376,-0.005088,0.398143,-0.009308,-0.453985
0.284883,0.030050,0.028147,0.372121,0.284399,0.029601,0.366744,0.011265,-0.443808
0.284922,0.034053,0.010357,0.358876,0.298504,0.074077,0.389227,0.013393,-0.640234
0.284961,0.033485,0.019275,0.368422,0.265311,0.066061,0.397784,0.008780,-0.238066
0.285000,0.042367,0.024624,0.363502,0.241910,0.043075,0.383632,0.000772,-0.157672
0.285039,0.037429,0.019745,0.383187,0.231611,0.039084,0.413824,-0.006698,-0.457545
0.285078,0.051566,0.031342,0.364336,0.253461,0.025980,0.320893,0.016429,-0.426856
0.285117,0.022161,0.029750,0.377974,0.245307,0.046994,0.340204,0.019676,-0.383311
0.285156,0.030509,0.016232,0.403771,0.242679,0.018927,0.364526,0.001147,0.349396
0.285195,0.054263,0.003279,0.373374,0.207395,0.030910,0.376828,0.009268,-0.325589
0.285234,0.035478,0.017420,0.356588,0.205669,0.092505,0.321806,0.019771,0.047777
0.285273,0.040246,0.020182,0.388091,0.175699,0.043804,0.320819,0.010560,-0.401725
0.285313,0.030450,0.012009,0.377896,0.204209,0.024737,0.397059,0.005454,-0.231331
0.285352,0.033271,0.017330,0.391569,0.185713,0.029735,0.352330,-0.028149,-0.385996
0.285391,0.032064,0.015649,0.390150,0.192410,0.015991,0.303294,-0.021480,-0.067238
0.285430,0.035116,0.001778,0.373556,0.159160,0.065164,0.378547,-0.016813,0.219344
0.285469,0.037677,0.006655,0.396203,0.146181,0.053041,0.324333,0.029624,0.059670
0.285508,0.039357,0.011914,0.379358,0.141693,0.081809,0.382830,0.000412,-0.262805
0.285547,0.046010,0.012585,0.386052,0.127390,0.013409,0.322890,-0.005687,-0.049230
0.285586,0.023797,0.023174,0.377775,0.106269,0.026080,0.352006,-0.013114,-0.591333
0.285625,0.046580,0.028274,0.405780,0.099684,0.044567,0.378852,0.003250,-0.523604
0.285664,0.029211,0.016933,0.403325,0.127577,0.038191,0.362908,-0.024017,-0.320399
0.285703,0.037020,0.024789,0.389391,0.080481,0.083364,0.335503,0.009979,0.016592
0.285742,0.022574,0.019256,0.398817,0.084215,0.048758,0.312006,0.000079,-0.627942
0.285781,0.021840,0.009946,0.374190,0.102404,0.016503,0.338730,-0.005998,-0.461075
0.285820,0.041277,0.014637,0.388057,0.072683,0.049069,0.326419,-0.013789,0.020473
0.285859,0.026750,0.005564,0.409392,0.051913,0.013432,0.290180,-0.012170,0.297371
0.285898,0.012238,0.011078,0.391941,0.067242,0.073506,0.357877,-0.017842,-0.151356
0.285938,0.034350,0.017654,0.394433,0.022948,0.068782,0.345462,0.015627,-0.140987
0.285977,0.023788,0.012649,0.394663,0.051898,0.049581,0.315446,-0.012187,-0.623991
0.286016,0.046989,0.022532,0.388180,0.039254,0.024068,0.315267,-0.003010,-0.082483
0.286055,0.032445,0.009839,0.400167,0.031775,-0.008431,0.339468,-0.003470,0.042802
0.286094,0.046062,0.000155,0.389627,0.024034,0.017597,0.328052,-0.019459,-0.187082
0.286133,0.020589,0.009558,0.390452,0.035288,0.048276,0.375499,-0.049271,-0.339377
0.286172,0.031412,0.008308,0.411561,-0.000147,0.047839,0.304978,0.019543,-0.487704
0.286211,0.031815,0.013941,0.366278,-0.007490,0.025570,0.326629,-0.011777,-0.229320
0.286250,0.031236,0.005417,0.389150,-0.003206,0.053265,0.276999,-0.000440,-0.059577
0.286289,0.043990,-0.000170,0.393400,0.001496,0.019861,0.272397,-0.028075,-0.330190
0.286328,0.042978,0.001329,0.396241,-0.027736,0.050320,0.335996,-0.002430,-0.227680
0.286367,0.039874,0.011608,0.385947,-0.069480,0.010351,0.373014,-0.006549,0.099748
0.286406,0.041315,0.017693,0.395771,-0.057357,0.000284,0.267118,-0.001215,-0.419838
0.286445,0.008470,0.020498,0.402925,-0.039092,0.032590,0.292482,-0.025129,-0.051121
0.286484,0.028671,0.017270,0.389392,-0.061895,0.068913,0.266967,-0.023030,-0.355010
0.286523,0.042120,0.020178,0.401176,-0.069174,0.011166,0.268057,-0.014993,-0.257800
0.286562,0.018918,0.017939,0.389617,-0.052405,0.049431,0.323333,0.010362,0.037837
0.286602,0.028415,0.027845,0.383603,-0.084376,0.039301,0.334020,0.013556,-0.263034
0.286641,0.024836,0.032970,0.394604,-0.087626,0.036284,0.310866,0.020315,0.463128
0.286680,0.029762,0.009250,0.390722,-0.128281,0.041345,0.286614,0.001319,-0.114476
0.286719,0.027976,0.012350,0.404126,-0.094272,0.023014,0.224953,0.007398,-0.631612
0.286758,0.031629,0.008833,0.382666,-0.099641,0.041022,0.312396,-0.000093,-0.021891
0.286797,0.025847,0.000082,0.387967,-0.133096,0.047911,0.308685,-0.010356,-0.308210
0.286836,0.038732,-0.001635,0.384060,-0.149085,0.030474,0.298993,0.000348,-0.056397
0.286875,0.040021,0.002892,0.383802,-0.152345,0.065425,0.288326,-0.015201,0.138511
0.286914,0.041414,0.012307,0.390153,-0.148307,0.039103,0.282318,-0.023223,-0.206119
0.286953,0.030522,0.017068,0.382800,-0.157334,0.035286,0.251020,-0.012454,-0.030495
0.286992,0.039666,0.024106,0.389768,-0.168291,0.007639,0.250286,-0.022077,0.439638
0.287031,0.038722,0.014135,0.415969,-0.183176,0.027246,0.235650,-0.005982,-0.690804
0.287070,0.026818,0.011971,0.393616,-0.156606,-0.001689,0.244018,-0.010937,0.028287
0.287109,0.034666,0.006701,0.387402,-0.153522,0.012847,0.304972,-0.007238,0.479220
0.287148,0.030919,0.008909,0.390766,-0.199633,0.034537,0.257451,-0.000711,-0.622015
0.287187,0.020879,0.018805,0.389237,-0.212006,0.006079,0.301674,-0.006616,0.131884
0.287227,0.016701,0.026001,0.393866,-0.190643,0.042234,0.284726,0.005876,0.081598
0.287266,0.039874,0.004322,0.406289,-0.229112,0.016829,0.256897,-0.024791,0.207556
0.287305,0.023310,0.004451,0.396230,-0.225092,-0.008812,0.217108,0.005970,0.934178
0.287344,0.010960,0.012673,0.355166,-0.238050,0.023313,0.217221,-0.014324,0.632226
0.287383,0.042803,0.001703,0.391276,-0.269680,0.005931,0.238136,-0.024230,-0.001251
0.287422,0.009759,0.013452,0.395006,-0.259790,0.032879,0.238792,-0.038053,1.091584
0.287461,0.035756,0.014324,0.359188,-0.246848,0.048126,0.224368,-0.063801,0.127670
0.287500,0.031475,0.018951,0.390697,-0.236317,0.023020,0.299754,-0.036604,0.102453
0.287539,0.023108,0.005354,0.403993,-0.292432,-0.001678,0.184357,-0.008598,0.333494
0.287578,0.026090,0.004240,0.382478,-0.292983,0.049779,0.259216,-0.039374,0.843133
0.287617,0.027616,0.000207,0.405046,-0.294663,0.019789,0.216990,0.003459,-0.435383
0.287656,0.034722,0.015692,0.405724,-0.259531,-0.008307,0.161013,-0.035906,0.569501
0.287695,0.042947,0.016309,0.414025,-0.295553,0.039941,0.243099,-0.030746,0.086127
0.287734,0.028250,0.012105,0.389856,-0.314696,0.034795,0.224467,-0.044139,-0.358582
0.287773,0.023189,0.003676,0.380021,-0.298409,0.020933,0.232258,0.007235,0.431318
0.287813,0.038758,0.006200,0.396203,-0.294765,0.055529,0.128326,-0.023687,0.322657
0.287852,0.037518,0.017906,0.384350,-0.317009,0.013640,0.220167,-0.022628,0.252694
0.287891,0.032906,0.004299,0.380717,-0.299163,0.011996,0.166744,-0.007096,-0.117594
0.287930,0.029232,0.024916,0.381740,-0.332329,0.021412,0.152984,-0.042457,-0.279605
0.287969,0.038020,0.011694,0.372496,-0.301450,0.037980,0.111614,-0.022954,0.514979
0.288008,0.037175,0.006187,0.362710,-0.336970,0.046725,0.192273,-0.043915,0.276682
0.288047,0.046008,0.026645,0.363471,-0.321772,0.031980,0.198095,-0.039177,-0.026458
0.288086,0.029204,0.005641,0.374760,-0.327415,0.013157,0.116200,-0.068302,0.046083
0.288125,0.027121,0.012086,0.392819,-0.337701,0.054697,0.093646,-0.034678,-0.194100
0.288164,0.019492,0.001327,0.369695,-0.340144,0.020410,0.138862,-0.026507,-0.124515
0.288203,0.042935,-0.001183,0.373298,-0.370949,0.023969,0.160447,-0.053895,0.296743
0.288242,0.042695,0.004331,0.380804,-0.370683,-0.007361,0.109411,-0.056297,0.802905
0.288281,0.014454,0.021552,0.379899,-0.361438,0.017179,0.152142,-0.009372,-0.232689
0.288320,0.043438,0.005150,0.392156,-0.367060,-0.044909,0.180617,-0.024445,0.402854
0.288359,0.045924,0.013357,0.385956,-0.344416,0.005110,0.138168,-0.032049,-0.113814
0.288398,0.038900,0.022374,0.374604,-0.384552,-0.005412,0.129347,-0.020397,0.318263
0.288438,0.023642,0.004444,0.414874,-0.395921,0.003614,0.105562,-0.053025,-0.333004
0.288477,0.046040,0.012344,0.369428,-0.393630,0.012616,0.076275,-0.051469,0.596778
0.288516,0.019450,-0.005418,0.389984,-0.419701,0.018375,0.105508,-0.034025,0.465376
0.288555,0.046585,0.039514,0.385025,-0.398440,0.002173,0.097163,-0.044363,0.145681
0.288594,0.025776,0.021010,0.389807,-0.374588,0.026950,0.154259,-0.035455,-0.121413
0.288633,0.040726,0.006277,0.383767,-0.397325,-0.020370,0.075809,-0.037971,0.034122
0.288672,0.039239,0.009408,0.390651,-0.371224,0.037981,0.053045,-0.031077,-0.011471
0.288711,0.018640,0.001202,0.382830,-0.416746,0.027165,0.070432,-0.055893,0.794938
0.288750,0.026602,0.003235,0.381201,-0.420802,-0.001777,0.073515,-0.001003,-0.682868
0.288789,0.033192,0.011040,0.398669,-0.428995,-0.003454,0.067707,-0.015472,0.414267
0.288828,0.056237,0.006057,0.389969,-0.423161,0.014595,0.080654,-0.039629,0.209326
0.288867,0.029583,0.006033,0.401358,-0.422088,0.014432,0.067651,0.002324,-0.564788
0.288906,0.048974,0.019233,0.384934,-0.383170,-0.012590,-0.004660,0.009658,0.138400
0.288945,0.029500,0.019873,0.379343,-0.425517,0.062397,0.065890,-0.054532,0.276184
0.288984,0.041074,0.014745,0.380671,-0.450694,0.021137,0.026885,-0.027390,-0.180269
0.289023,0.037792,0.018342,0.380412,-0.435195,0.004208,-0.000127,-0.053806,-0.047645
0.289063,0.032205,0.008646,0.377000,-0.475423,0.028517,-0.013462,-0.032135,-0.286956
0.289102,0.032212,0.016190,0.385876,-0.431982,0.036179,0.011945,-0.060773,0.218386
0.289141,0.022438,0.011474,0.379264,-0.422068,0.038188,0.044308,-0.032313,-0.361146
0.289180,0.044905,0.017807,0.372018,-0.484191,0.001965,-0.027371,-0.008321,0.330579
0.289219,0.049364,0.013021,0.383802,-0.429711,0.004904,-0.044266,-0.007798,-0.135245
0.289258,0.049327,0.010163,0.360171,-0.468373,0.032583,-0.033084,0.125326,0.325598
0.289297,0.034732,0.018394,0.371080,-0.460554,0.024306,-0.010539,0.152698,-0.332961
0.289336,0.052989,0.000833,0.377586,-0.440827,0.010124,0.006611,0.108512,-0.132580
0.289375,0.045449,-0.000085,0.359247,-0.470020,0.042018,-0.044105,-0.051362,-0.510141
0.289414,0.038502,0.011641,0.361532,-0.486798,0.011730,-0.034774,-0.160063,0.059482
0.289453,0.034904,0.020279,0.376944,-0.472557,0.016308,-0.026528,-0.227691,0.218020
0.289492,0.049403,0.002401,0.379974,-0.480759,-0.019612,0.016800,-0.183505,0.549247
0.289531,0.051988,0.019817,0.372318,-0.485075,0.040457,-0.045478,-0.066172,-0.043928
0.289570,0.056910,0.022288,0.373128,-0.461594,0.000463,-0.072031,0.053284,0.916455
0.289609,0.032347,-0.017799,0.352276,-0.461035,-0.010417,-0.107234,0.124750,-0.063151
0.289648,0.041119,0.024463,0.362162,-0.468337,0.023397,-0.087719,0.080514,-0.072330
0.289687,0.021550,-0.004309,0.374121,-0.512158,0.012691,-0.078581,-0.035400,0.579413
0.289727,0.042950,0.010109,0.356856,-0.470917,0.026235,-0.028579,-0.136195,0.165938
0.289766,0.048031,0.015213,0.354516,-0.482185,0.025919,-0.108000,-0.166041,0.255739
0.289805,0.045352,0.018505,0.361148,-0.479472,-0.002038,-0.144480,-0.132075,0.876548
0.289844,0.036512,0.010459,0.351422,-0.478778,-0.007438,-0.130946,-0.096957,0.321922
0.289883,0.041851,0.011216,0.352595,-0.476499,0.013646,-0.098557,-0.008462,-0.247812
0.289922,0.044454,0.019345,0.363664,-0.499122,0.017337,-0.201536,0.070810,0.940324
0.289961,0.047736,0.009833,0.359940,-0.505402,-0.004081,-0.125831,0.061812,-0.244779
0.290000,0.040241,0.001984,0.349543,-0.478217,0.021696,-0.180435,-0.019528,0.314694
0.290039,0.058194,0.011957,0.355078,-0.526745,-0.005549,-0.155522,-0.053077,0.032631
0.290078,0.037894,0.014055,0.354958,-0.470227,0.385933,-0.191045,-0.144327,0.446372
0.290117,0.057095,-0.009183,0.352606,-0.502772,1.075073,-0.172039,-0.171226,0.585676
0.290156,0.036888,0.005341,0.345221,-0.471880,0.723271,-0.238131,-0.102448,-0.277031
0.290195,0.031032,0.015465,0.348101,-0.493842,-0.274023,-0.199937,-0.029627,-0.085329
0.290234,0.055441,0.014650,0.322199,-0.497582,-0.930841,-0.209336,0.018710,-0.518477
0.290273,0.039459,0.027819,0.356191,-0.490460,-0.688726,-0.233598,0.043472,0.295299
0.290312,0.031859,0.012254,0.343783,-0.480583,0.241244,-0.195994,-0.026749,-0.374725
0.290352,0.041462,0.011158,0.337888,-0.499984,0.853478,-0.259011,-0.040831,-0.034477
0.290391,0.041088,0.014305,0.335491,-0.503717,0.666067,-0.233499,-0.123966,-0.214228
0.290430,0.039697,0.010729,0.358174,-0.523499,-0.123978,-0.203818,-0.122709,-0.430103
0.290469,0.027002,0.003407,0.337172,-0.509125,-0.760623,-0.291376,-0.116370,0.256658
0.290508,0.034354,0.007592,0.343386,-0.524104,-0.578953,-0.276661,-0.069314,0.445980
0.290547,0.048519,0.031037,0.341420,-0.492063,0.103416,-0.285998,-0.008932,0.266103
0.290586,0.053703,0.008358,0.358747,-0.504949,0.693904,-0.297237,0.009582,0.186037
0.290625,0.050102,0.015723,0.331536,-0.496001,0.611673,-0.282391,-0.032741,0.091588
0.290664,0.055248,0.006964,0.345478,-0.536455,-0.054909,-0.323698,-0.076443,0.191078
0.290703,0.034183,0.017557,0.318382,-0.537001,-0.638049,-0.294059,-0.108843,-0.108443
0.290742,0.033696,0.012613,0.335386,-0.491564,-0.524884,-0.364568,-0.119778,0.081489
0.290781,0.045365,0.027552,0.347072,-0.488766,-0.009095,-0.258596,-0.109330,-0.161649
0.290820,0.042176,-0.001841,0.363663,-0.515818,0.531027,-0.330901,-0.078462,-0.055738
0.290859,0.050977,0.006156,0.346265,-0.520293,0.513272,-0.351809,-0.043069,0.678981
0.290898,0.056708,0.009065,0.338449,-0.512032,0.042773,-0.371784,-0.034866,0.480360
0.290938,0.043023,-0.000670,0.342070,-0.491330,-0.444724,-0.344481,-0.020772,0.404999
0.290977,0.080000,0.013633,0.294106,-0.504921,-0.421546,-0.373320,-0.059343,0.576881
0.291016,0.049934,0.002584,0.327509,-0.511496,-0.045378,-0.355933,-0.077206,0.031333
0.291055,0.043010,0.003859,0.327960,-0.501562,0.430906,-0.304821,-0.082207,0.288324
0.291094,0.066633,-0.011917,0.324594,-0.517249,0.432170,-0.400959,-0.123757,0.249298
0.291133,0.058494,0.008903,0.326197,-0.509176,0.059959,-0.429658,-0.055492,-0.372463
0.291172,0.030148,0.007936,0.335305,-0.512424,-0.362278,-0.389348,-0.049919,-0.120822
0.291211,0.046843,0.016039,0.333688,-0.508484,-0.423402,-0.460911,-0.001057,-0.335076
0.291250,0.030934,0.002262,0.330676,-0.531782,-0.049432,-0.363506,-0.000438,0.216373
0.291289,0.042360,0.005028,0.319746,-0.548875,0.329524,-0.393301,-0.083345,-0.060202
0.291328,0.045134,0.010760,0.295074,-0.529950,0.384015,-0.394664,-0.099286,-0.216144
0.291367,0.050868,0.004418,0.330591,-0.526051,0.069318,-0.412985,-0.075345,0.319620
0.291406,0.049761,0.005802,0.322948,-0.503743,-0.217151,-0.464967,-0.065769,0.203943
0.291445,0.043772,0.006489,0.307206,-0.513725,-0.354545,-0.406184,-0.065097,-0.387324
0.291484,0.041940,0.005187,0.316705,-0.541624,-0.100844,-0.421939,-0.049214,-0.025460
0.291523,0.046959,0.003231,0.310518,-0.502892,0.234235,-0.418236,-0.080838,0.336148
0.291563,0.041691,0.012751,0.311114,-0.499291,0.334199,-0.437869,-0.023479,0.658943
0.291602,0.034282,0.009612,0.317859,-0.515957,0.105690,-0.434428,-0.073468,-0.822715
0.291641,0.045269,0.002755,0.300081,-0.490939,-0.213279,-0.489652,-0.052610,-0.215351
0.291680,0.040187,0.005156,0.296356,-0.487591,-0.291614,-0.444355,-0.079806,-0.325703
0.291719,0.045232,0.010315,0.309891,-0.519377,-0.106545,-0.424764,-0.076147,0.517657
0.291758,0.048934,0.007183,0.286232,-0.511835,0.201922,-0.477514,-0.072195,0.573540
0.291797,0.051467,0.019249,0.293897,-0.511842,0.251214,-0.427604,-0.075986,-0.140584
0.291836,0.048046,-0.002126,0.301731,-0.503483,0.110380,-0.472191,-0.022387,0.292821
0.291875,0.045389,0.027066,0.313177,-0.509648,-0.144243,-0.454040,-0.042884,0.179843
0.291914,0.055808,0.016153,0.294576,-0.538064,-0.274577,-0.550711,-0.040868,0.253458
0.291953,0.041232,-0.007221,0.308123,-0.513278,-0.090671,-0.485315,-0.058232,0.235455
0.291992,0.032803,0.018051,0.305678,-0.503841,0.147383,-0.478921,-0.046882,0.354132
0.292031,0.059115,0.023706,0.309493,-0.507213,0.228750,-0.540677,-0.094962,0.403856
0.292070,0.037613,-0.005752,0.289485,-0.486460,0.120242,-0.526245,-0.074622,0.075597
0.292109,0.035885,-0.001425,0.268952,-0.496353,-0.106048,-0.506663,-0.048520,-0.626917
0.292148,0.051950,0.000018,0.286688,-0.493629,-0.219248,-0.557318,-0.050996,0.065183
0.292187,0.028230,-0.004652,0.266400,-0.502916,-0.105593,-0.525234,-0.077321,-0.697905
0.292227,0.032834,0.022831,0.297498,-0.491086,0.109688,-0.539923,-0.087582,0.036441
0.292266,0.055524,0.014492,0.283109,-0.505100,0.151337,-0.510432,-0.050834,-0.769384
0.292305,0.037366,0.004920,0.252797,-0.505182,0.090199,-0.597105,-0.067359,-0.237428
0.292344,0.046503,0.010142,0.293541,-0.500939,-0.025142,-0.544369,-0.054575,-0.069289
0.292383,0.035268,-0.000611,0.261610,-0.509076,-0.160800,-0.508735,-0.026808,-0.466465
0.292422,0.038054,-0.001201,0.273471,-0.512951,-0.067591,-0.578822,-0.081912,-0.633509
0.292461,0.055519,-0.006123,0.273868,-0.500360,0.046504,-0.517298,-0.071311,0.055916
0.292500,0.043821,-0.002167,0.290804,-0.496038,0.171654,-0.551901,-0.040471,-0.484377
0.292539,0.034853,0.001784,0.269581,-0.488782,0.115919,-0.533596,-0.061686,-0.554422
0.292578,0.041441,0.012407,0.272332,-0.486162,-0.062625,-0.566542,-0.055118,-0.318031
0.292617,0.054251,0.010711,0.260803,-0.480308,-0.125248,-0.590910,-0.076700,-0.292265
0.292656,0.031350,0.000840,0.270080,-0.508674,-0.077440,-0.566139,-0.058370,0.148110
0.292695,0.036183,-0.009587,0.253603,-0.517146,0.047217,-0.564642,0.066744,-0.105054
0.292734,0.053377,-0.000985,0.261681,-0.496423,0.093061,-0.603427,0.157678,0.191522
0.292773,0.034666,0.013326,0.267139,-0.497325,0.116601,-0.561664,0.084535,-0.423660
0.292812,0.022644,-0.011591,0.269327,-0.490859,-0.002763,-0.549488,-0.059659,0.488070
0.292852,0.063157,0.000661,0.242851,-0.493059,-0.112335,-0.561913,-0.128551,0.019382
0.292891,0.046749,0.009325,0.262375,-0.500884,-0.107875,-0.578642,-0.241108,0.387153
0.292930,0.042404,0.011582,0.249611,-0.486390,0.035896,-0.610536,-0.228330,0.444502
0.292969,0.024387,0.001498,0.277297,-0.481913,0.058398,-0.594628,-0.120415,-0.058806
0.293008,0.041188,-0.015629,0.238202,-0.479290,0.058081,-0.579786,-0.009985,0.069325
0.293047,0.050091,0.012085,0.250515,-0.493433,-0.036227,-0.591787,0.068701,0.305783
0.293086,0.042056,-0.020289,0.235799,-0.478428,-0.097739,-0.559334,0.050128,-0.315768
0.293125,0.045520,0.004770,0.245311,-0.480688,-0.075173,-0.563805,-0.030265,0.181148
0.293164,0.052804,-0.008023,0.233049,-0.506458,0.020256,-0.532985,-0.120489,0.009123
0.293203,0.033721,-0.007098,0.246514,-0.516425,0.076430,-0.540826,-0.164594,-0.115293
0.293242,0.038401,-0.001704,0.221817,-0.466086,0.079852,-0.553098,-0.164603,-0.222231
0.293281,0.029729,-0.007875,0.239248,-0.504802,-0.019351,-0.538487,-0.147403,0.317005
0.293320,0.030230,-0.004476,0.216191,-0.482377,-0.071140,-0.508498,-0.042275,-0.535121
0.293359,0.042045,0.012343,0.246555,-0.483750,-0.057053,-0.558567,0.011203,-0.654953
0.293398,0.028855,0.000501,0.218967,-0.506461,-0.001596,-0.556732,0.033177,-0.726715
0.293438,0.034404,0.006288,0.227494,-0.507165,0.085762,-0.527389,-0.052664,-0.330667
0.293477,0.033490,-0.010966,0.242132,-0.494182,0.062130,-0.552814,-0.103056,-0.787747
0.293516,0.048269,0.005449,0.238748,-0.497956,0.026557,-0.514960,-0.153139,-0.586860
0.293555,0.016977,0.002786,0.230019,-0.493643,-0.035481,-0.576223,-0.123420,0.739614
0.293594,0.017947,0.012012,0.235864,-0.470765,-0.054119,-0.494003,-0.136623,-0.251067
0.293633,0.048205,0.001681,0.219590,-0.475344,-0.033339,-0.584725,-0.066038,-0.562389
0.293672,0.038981,-0.013821,0.194408,-0.473012,-0.007651,-0.539882,-0.004599,-0.070748
0.293711,0.037668,0.003065,0.226080,-0.475250,0.075962,-0.611424,-0.011615,-0.740961
0.293750,0.041242,-0.008204,0.213284,-0.433861,-0.007028,-0.508654,-0.009586,-0.335989
0.293789,0.060582,0.000306,0.203641,-0.486289,-0.079244,-0.583315,-0.100762,-0.320488
0.293828,0.032493,0.012686,0.184783,-0.488272,-0.055068,-0.560367,-0.107932,-0.692012
0.293867,0.036419,0.004067,0.201235,-0.467532,0.010532,-0.513989,-0.124923,-0.653011
0.293906,0.061995,0.001964,0.212893,-0.479195,0.016219,-0.497259,-0.133497,-0.766457
0.293945,0.024749,-0.001004,0.177938,-0.487492,0.001055,-0.457970,-0.089549,-0.288025
0.293984,0.027048,-0.012866,0.174423,-0.442479,0.016927,-0.548228,-0.044961,-0.569121
0.294023,0.040771,0.000509,0.214304,-0.438525,-0.059950,-0.566604,0.000911,-0.200420
0.294063,0.044920,-0.011562,0.176637,-0.471032,-0.027990,-0.483193,-0.032861,-0.226850
0.294102,0.030063,-0.003695,0.185880,-0.461064,-0.022262,-0.525204,-0.083690,-0.721440
0.294141,0.035190,-0.014654,0.198945,-0.452382,0.032141,-0.510322,-0.090396,0.242043
0.294180,0.034691,-0.008513,0.171364,-0.475178,0.056363,-0.511855,-0.102543,-0.061611
0.294219,0.006803,0.002479,0.177068,-0.468915,-0.019990,-0.492491,-0.110996,0.171256
0.294258,0.043291,-0.011448,0.177070,-0.467347,0.024912,-0.543891,-0.071954,0.123509
0.294297,0.023096,0.004829,0.176911,-0.494125,-0.040176,-0.535882,-0.045409,-0.145542
0.294336,0.031192,0.004555,0.185729,-0.469699,-0.000551,-0.491879,-0.022536,-0.578215
0.294375,0.035374,0.007011,0.185373,-0.460336,0.062264,-0.538105,-0.047593,-0.328373
0.294414,0.012608,-0.003673,0.180229,-0.441740,0.044652,-0.492722,-0.054615,-0.718322
0.294453,0.031754,-0.010123,0.188597,-0.461899,0.018347,-0.483053,-0.075697,-0.080986
0.294492,0.040340,-0.009096,0.173357,-0.438153,-0.032717,-0.486708,-0.091156,-0.646435
0.294531,0.020404,0.016315,0.184741,-0.443296,-0.039474,-0.472983,-0.119366,0.576210
0.294570,0.027810,-0.018997,0.169856,-0.449341,0.009632,-0.519282,-0.083157,0.213295
0.294609,0.046876,0.003373,0.169669,-0.452708,0.004842,-0.464053,-0.057896,0.053715
0.294648,0.027849,-0.003338,0.164790,-0.474667,0.019834,-0.472290,-0.031167,-0.034393
0.294687,0.025927,-0.007758,0.160911,-0.463485,0.030423,-0.467422,-0.019687,-0.429542
0.294727,0.005506,-0.038766,0.170117,-0.448477,0.024129,-0.489843,-0.051604,-0.301513
0.294766,0.017834,-0.015359,0.149407,-0.406593,-0.037233,-0.430284,-0.037176,-0.797615
0.294805,0.012081,-0.009990,0.155647,-0.458467,0.010531,-0.429467,-0.066781,0.215295
0.294844,0.029105,0.003829,0.152563,-0.435771,-0.005054,-0.421473,-0.097320,-0.452886
0.294883,0.020629,-0.012650,0.160202,-0.428929,-0.006989,-0.399552,-0.086448,0.051582
0.294922,0.024575,0.003032,0.173370,-0.436183,0.017918,-0.444530,-0.078185,0.126348
0.294961,0.014958,-0.010217,0.154004,-0.437057,-0.017393,-0.430998,-0.027913,-0.373918
0.295000,0.025014,-0.003588,0.147224,-0.419274,-0.019422,-0.451978,-0.042082,0.148132
0.295039,0.019619,-0.008230,0.142118,-0.432779,-0.050825,-0.444011,-0.046836,-0.553595
0.295078,0.022799,-0.003429,0.135205,-0.403815,0.026866,-0.426708,-0.066921,0.437407
0.295117,0.048321,-0.015470,0.138305,-0.447401,0.026523,-0.412164,-0.088844,0.209037
0.295156,0.027567,-0.023620,0.145025,-0.450553,-0.036584,-0.396993,-0.061949,0.178234
0.295195,0.016632,-0.011426,0.154882,-0.413895,-0.008727,-0.395367,-0.074456,-0.230486
0.295234,0.032455,-0.006237,0.140278,-0.393056,-0.021676,-0.448837,-0.047430,0.234886
0.295273,0.016057,-0.016807,0.136772,-0.392120,0.000698,-0.365454,-0.047013,0.405715
0.295312,0.027220,-0.022071,0.141770,-0.432716,-0.004876,-0.428898,-0.046430,-0.017450
0.295352,-0.011865,-0.007972,0.097793,-0.432434,-0.016377,-0.350737,-0.030721,0.049096
0.295391,0.018229,-0.037249,0.134085,-0.436721,-0.014675,-0.344211,-0.077117,-0.589100
0.295430,0.012047,-0.007622,0.121171,-0.395974,0.009076,-0.385952,-0.049394,0.172404
0.295469,0.022712,-0.014219,0.134355,-0.404366,-0.006079,-0.380651,-0.052338,0.380195
0.295508,0.030192,-0.010233,0.133199,-0.385421,-0.012077,-0.372187,-0.039258,-0.125394
0.295547,0.018463,-0.008865,0.109262,-0.388596,-0.013335,-0.387078,-0.059620,0.553834
0.295586,0.030897,-0.017050,0.123303,-0.421348,-0.013676,-0.370658,-0.053110,0.604483
0.295625,0.009787,-0.011899,0.113201,-0.376047,0.048302,-0.414004,-0.037078,-0.296776
0.295664,0.024122,-0.009931,0.139825,-0.404498,0.000911,-0.403700,-0.081924,0.698745
0.295703,0.035481,-0.007433,0.125334,-0.392273,0.002018,-0.323563,-0.052531,-0.316036
0.295742,0.000933,-0.008755,0.109884,-0.412945,0.034507,-0.330443,-0.077905,0.491687
0.295781,0.013352,-0.009764,0.091958,-0.391053,0.005965,-0.303202,-0.097048,-0.375873
0.295820,0.031042,-0.026598,0.088100,-0.395248,0.005271,-0.354230,-0.099291,-0.405454
0.295859,0.008406,-0.015834,0.099247,-0.359228,0.006278,-0.280762,-0.082919,0.095125
0.295898,0.017226,-0.020101,0.085320,-0.393889,-0.007586,-0.301135,-0.044723,-0.453035
0.295938,0.020888,-0.027559,0.094977,-0.359684,-0.016770,-0.326777,-0.053700,-0.239707
0.295977,0.023784,-0.005382,0.085629,-0.346413,0.005269,-0.325109,-0.072321,0.785132
0.296016,0.007587,-0.016893,0.107345,-0.366067,-0.008412,-0.296009,-0.064915,0.037281
0.296055,0.002766,-0.031671,0.094163,-0.374332,0.012266,-0.284342,-0.085420,-0.474749
0.296094,0.020138,-0.023186,0.087182,-0.379471,0.003704,-0.308928,-0.069970,0.425280
0.296133,0.011043,-0.021133,0.086223,-0.328670,0.004975,-0.290106,-0.061486,0.443553
0.296172,0.010121,-0.014864,0.075724,-0.338855,-0.021664,-0.272663,-0.046579,0.187711
0.296211,0.012615,-0.016891,0.082168,-0.369263,-0.007376,-0.273704,-0.065018,0.076233
0.296250,0.006181,-0.013005,0.084647,-0.360680,-0.000032,-0.321766,-0.039885,0.445217
0.296289,0.021441,0.000500,0.081983,-0.351535,0.037130,-0.316569,-0.020595,-0.619431
0.296328,0.010584,-0.016692,0.082679,-0.336505,0.050213,-0.290769,-0.059809,0.479567
0.296367,0.010747,-0.009863,0.043386,-0.330150,0.027127,-0.326562,-0.058136,-0.077027
0.296406,0.002286,0.017611,0.089500,-0.316543,-0.013380,-0.257221,-0.088495,0.018891
0.296445,0.024674,-0.005768,0.045006,-0.338358,-0.008595,-0.276687,-0.051231,0.734914
0.296484,0.000124,-0.018649,0.056918,-0.334853,-0.001674,-0.279678,-0.031657,-0.290582
0.296523,0.008448,-0.017406,0.060458,-0.318956,0.018288,-0.266050,-0.071537,-0.106113
0.296563,0.013754,-0.009922,0.071807,-0.326716,-0.023171,-0.265809,-0.089895,-0.494448
0.296602,0.001065,-0.032561,0.067472,-0.327055,-0.042625,-0.268344,-0.067950,0.058526
0.296641,0.016212,-0.009961,0.060497,-0.308453,-0.028445,-0.206617,-0.070068,0.310687
0.296680,0.013650,-0.010307,0.033167,-0.312385,0.000149,-0.297469,-0.048872,-0.283562
0.296719,0.005591,-0.019467,0.059101,-0.326220,-0.013426,-0.237165,-0.075364,0.274019
0.296758,0.015785,-0.013658,0.037809,-0.318360,-0.001601,-0.243188,-0.053826,0.452938
0.296797,0.017517,-0.017715,0.049704,-0.281894,-0.038488,-0.257268,-0.048793,-0.044323
0.296836,0.022985,-0.028853,0.066735,-0.294411,0.022262,-0.184573,-0.069962,-0.250162
0.296875,0.022093,-0.014772,0.054734,-0.312057,-0.010478,-0.271994,-0.090217,0.642253
0.296914,0.006646,-0.027929,0.045989,-0.293150,0.034414,-0.192872,-0.028539,-0.031916
0.296953,0.005246,-0.004478,0.033900,-0.284890,0.007996,-0.205925,-0.029965,0.220028
0.296992,0.005697,-0.027654,0.044073,-0.294177,0.006187,-0.281112,-0.070621,0.343203
0.297031,0.008093,-0.021441,0.049632,-0.275701,-0.008273,-0.200620,-0.069969,-0.435516
0.297070,0.015832,-0.012711,0.033528,-0.290595,-0.021009,-0.198534,-0.056928,-0.012875
0.297109,0.011171,-0.012960,0.052454,-0.297553,-0.022775,-0.225503,-0.059050,0.900410
0.297148,0.013553,-0.002126,0.036823,-0.285617,-0.017023,-0.254098,-0.045240,0.139653
0.297187,-0.010353,-0.014204,0.030322,-0.227930,0.024473,-0.192896,-0.054380,0.076701
0.297227,-0.000352,-0.009868,0.037597,-0.254674,0.006277,-0.217717,-0.034824,0.278436
0.297266,0.014062,-0.023481,0.022323,-0.247640,-0.046189,-0.196268,-0.045116,-0.136787
0.297305,0.002414,-0.002175,0.036778,-0.233341,-0.010003,-0.241768,-0.072226,0.194584
0.297344,0.030518,-0.019137,0.029656,-0.236377,-0.012239,-0.253709,-0.047440,0.547829
0.297383,0.024528,-0.034456,0.034537,-0.229935,0.014612,-0.177608,-0.038159,0.760620
0.297422,-0.009382,-0.012514,0.017744,-0.242016,0.022370,-0.204768,-0.076950,0.549700
0.297461,0.002557,-0.023415,0.007652,-0.208430,-0.017291,-0.180416,-0.047190,-0.130667
0.297500,0.013612,-0.010138,-0.002071,-0.224392,-0.014793,-0.258422,-0.057943,0.211151
0.297539,-0.000111,-0.009804,0.025887,-0.210022,-0.010797,-0.234054,-0.032503,0.581358
0.297578,-0.002813,-0.008178,0.020330,-0.215435,-0.027922,-0.224575,-0.057907,-0.068746
0.297617,0.003924,-0.024853,0.014682,-0.224904,-0.032280,-0.210488,-0.069050,0.053206
0.297656,0.005432,-0.009343,-0.006581,-0.210208,-0.031092,-0.204636,-0.062407,0.367534
0.297695,0.005726,-0.011252,-0.002750,-0.206562,-0.005717,-0.214967,-0.039946,0.344613
0.297734,-0.008480,-0.021504,0.014709,-0.224807,-0.016872,-0.188127,-0.049070,0.133020
0.297773,0.020148,-0.006597,-0.019911,-0.184225,0.014439,-0.217123,-0.036040,0.124197
0.297812,0.015726,-0.004579,-0.013356,-0.191919,-0.007120,-0.194210,-0.102450,-0.220295
0.297852,0.018390,-0.010627,-0.021752,-0.167683,0.012255,-0.189968,-0.024364,0.218171
0.297891,-0.009206,-0.016032,-0.007995,-0.145038,0.011623,-0.225130,-0.041313,-0.147358
0.297930,0.012462,-0.015274,-0.001407,-0.159520,0.002956,-0.215123,-0.038889,0.206682
0.297969,0.013425,0.005286,-0.023147,-0.153888,0.005127,-0.228141,-0.042534,0.050273
0.298008,0.005929,-0.021683,-0.020929,-0.129677,-0.034065,-0.215690,-0.053707,0.476228
0.298047,0.018336,-0.006899,-0.001641,-0.164767,0.013938,-0.246755,-0.061880,0.091495
0.298086,0.010554,-0.003643,-0.018505,-0.145396,-0.038770,-0.192790,-0.028751,0.453811
0.298125,0.012140,-0.018153,-0.017262,-0.140122,-0.017635,-0.186966,-0.031114,0.083252
0.298164,0.004185,-0.007379,-0.029762,-0.173675,-0.029952,-0.210891,-0.035401,0.104888
0.298203,-0.002499,-0.010474,-0.001314,-0.122084,-0.023317,-0.172931,-0.066619,-0.038355
0.298242,-0.004579,-0.004000,-0.015940,-0.119148,0.005357,-0.246327,-0.036008,0.141408
0.298281,0.000234,-0.025129,-0.034653,-0.118335,-0.016330,-0.166951,-0.022284,-0.127420
0.298320,-0.000740,-0.021269,-0.006230,-0.120386,-0.021724,-0.239946,-0.066109,-0.008728
0.298359,-0.002626,-0.019066,-0.036740,-0.101039,-0.007693,-0.209739,-0.040739,0.069293
0.298398,-0.008302,-0.004807,-0.013528,-0.091944,-0.058481,-0.150156,-0.045053,-0.287427
0.298438,0.010535,-0.000566,-0.040475,-0.102391,-0.063812,-0.218986,-0.014726,0.839919
0.298477,0.000817,-0.037545,-0.030667,-0.125237,-0.033323,-0.197031,-0.063830,0.040919
0.298516,0.000094,-0.018107,-0.028182,-0.087165,-0.038427,-0.215465,-0.041615,0.525555
0.298555,0.022463,-0.018774,-0.038557,-0.056355,-0.021835,-0.182376,-0.011249,0.449680
0.298594,-0.004395,0.001468,-0.039428,-0.072437,-0.022282,-0.230599,-0.062070,0.070374
0.298633,0.006618,-0.021185,-0.054813,-0.077360,-0.014580,-0.225848,-0.031914,0.443006
0.298672,0.000578,-0.026894,-0.041532,-0.070586,-0.033731,-0.201114,-0.025133,0.202768
0.298711,0.011840,-0.017103,-0.048136,-0.051616,-0.036699,-0.228998,-0.044580,0.523571
0.298750,-0.007565,-0.009473,-0.038057,-0.032491,-0.007012,-0.240925,-0.019650,-0.182046
0.298789,0.018686,-0.020380,-0.046121,-0.032879,-0.022556,-0.229850,-0.004781,0.294128
0.298828,0.007175,-0.007249,-0.075136,-0.065170,-0.045155,-0.208042,-0.044663,0.528770
0.298867,0.001387,-0.016307,-0.034421,-0.036623,-0.013004,-0.201191,-0.052670,0.571297
0.298906,-0.006225,-0.020103,-0.059967,-0.026394,0.001483,-0.225882,-0.059830,0.141618
0.298945,0.008918,-0.001403,-0.075620,-0.012662,0.013538,-0.197892,-0.040469,0.442626
0.298984,-0.003714,-0.016852,-0.050797,-0.013456,-0.046475,-0.251910,-0.052700,0.744443
0.299023,0.007786,-0.036475,-0.065543,0.003398,-0.016269,-0.249145,-0.028151,-0.169622
0.299063,0.006074,-0.014501,-0.078310,-0.015200,0.004014,-0.220439,-0.040104,0.228888
0.299102,0.007790,-0.019105,-0.071325,0.006761,-0.020583,-0.256142,-0.020114,-0.145997
0.299141,0.000879,0.000508,-0.063906,0.005028,-0.031663,-0.259189,-0.033706,0.185003
0.299180,-0.003822,-0.029057,-0.085069,0.032634,-0.061792,-0.251933,-0.028298,-0.108819
0.299219,0.016484,-0.015018,-0.070664,0.011828,0.010179,-0.285772,-0.043348,0.081831
0.299258,0.007626,-0.026938,-0.096326,0.022911,-0.027230,-0.292989,-0.021280,-0.003390
0.299297,0.012515,-0.017638,-0.075485,0.010593,-0.053156,-0.233655,-0.040154,-0.027113
0.299336,0.009062,-0.030842,-0.079505,0.033283,-0.015406,-0.224999,-0.034413,-0.077872
0.299375,0.018952,-0.005084,-0.087120,0.041767,-0.054933,-0.312653,-0.031857,-0.411106
0.299414,0.019571,-0.008997,-0.079218,0.030230,-0.017614,-0.262172,-0.021514,-0.610442
0.299453,0.014159,-0.019430,-0.093514,0.087753,-0.044633,-0.253038,-0.041730,0.207690
0.299492,0.018319,-0.008831,-0.102802,0.036271,-0.046197,-0.263076,-0.027018,0.305851
0.299531,0.023647,-0.029801,-0.098160,0.059934,-0.075906,-0.261538,-0.017265,0.143125
0.299570,0.020151,-0.018767,-0.083002,0.093003,-0.014930,-0.295466,-0.000121,0.532427
0.299609,-0.005242,-0.022526,-0.100965,0.071542,-0.019039,-0.236467,-0.050109,0.498878
0.299648,-0.020492,-0.003137,-0.097862,0.087016,-0.009672,-0.288018,-0.009538,-0.182706
0.299687,0.003634,-0.022970,-0.097532,0.088494,-0.003889,-0.261617,-0.026911,0.373980
0.299727,0.010978,-0.002778,-0.093439,0.092571,-0.053749,-0.313731,-0.015472,0.243768
0.299766,0.003060,-0.019141,-0.099920,0.094800,-0.042503,-0.268972,-0.007200,0.349466
0.299805,0.012359,-0.023935,-0.100318,0.121072,-0.038254,-0.273595,-0.011425,0.412629
0.299844,0.006731,-0.013711,-0.106650,0.102951,-0.029637,-0.323865,-0.031890,0.248050
0.299883,0.002892,-0.038432,-0.094439,0.097616,-0.036908,-0.249366,-0.029448,-0.220709
0.299922,-0.004578,-0.018661,-0.085381,0.120442,-0.046269,-0.262807,0.023215,-0.435211
0.299961,-0.005167,-0.032583,-0.115361,0.125418,-0.026121,-0.272252,-0.002172,0.085580
0.300000,0.008741,-0.007826,-0.125141,0.131157,-0.052794,-0.263707,-0.011273,-0.226053
0.300039,0.009658,-0.017363,-0.128544,0.142788,-0.009598,-0.276885,-0.022343,0.536882
0.300078,0.015132,-0.002713,-0.129277,0.169388,-0.001708,-0.277106,-0.030624,0.178195
0.300117,0.016578,-0.025917,-0.144155,0.142151,-0.020183,-0.273843,-0.034817,0.196629
0.300156,-0.002039,-0.013161,-0.121854,0.165790,-0.007162,-0.291346,-0.045512,0.256594
0.300195,0.005631,-0.018878,-0.119001,0.138533,-0.024733,-0.318082,0.009915,-0.252045
0.300234,0.017598,-0.034246,-0.112728,0.191495,0.026736,-0.298846,-0.020780,-0.505199
0.300273,0.002589,-0.019747,-0.138463,0.199607,-0.040362,-0.309693,-0.020939,0.223580
0.300312,0.009789,-0.017295,-0.140944,0.182075,-0.029663,-0.337652,-0.025170,-0.063839
0.300352,-0.000511,-0.032807,-0.145910,0.201726,-0.049119,-0.329087,-0.023784,-0.625415
0.300391,0.009188,-0.035705,-0.130665,0.224219,-0.011463,-0.332904,-0.030119,-0.016131
0.300430,0.003298,-0.011924,-0.109649,0.241361,-0.045982,-0.308427,-0.060206,0.235870
0.300469,0.023751,-0.003072,-0.136853,0.188492,-0.033293,-0.340104,-0.023716,-0.127552
0.300508,-0.001215,-0.018324,-0.152122,0.230843,-0.043631,-0.350496,0.019053,-0.123631
0.300547,0.015357,-0.013815,-0.133422,0.210185,-0.018327,-0.342871,-0.004128,-0.065694
0.300586,0.010160,-0.017366,-0.158984,0.226882,0.018293,-0.318156,-0.012259,0.063628
0.300625,0.021046,-0.041107,-0.144362,0.233536,-0.021920,-0.276909,-0.025672,0.274164
0.300664,0.004314,-0.003673,-0.120103,0.268477,-0.066149,-0.298780,-0.001335,-0.296422
0.300703,0.001156,-0.022834,-0.153992,0.261463,-0.027174,-0.298280,-0.021010,-0.513112
0.300742,0.011763,-0.026856,-0.131178,0.247522,-0.043645,-0.414433,-0.005078,-0.310576
0.300781,0.003877,-0.015799,-0.165518,0.261844,-0.023225,-0.383896,-0.043997,-0.115267
0.300820,-0.000132,-0.017156,-0.171185,0.252761,-0.061672,-0.375876,0.009944,-0.152237
0.300859,-0.000863,-0.011052,-0.161395,0.265249,-0.007553,-0.375489,0.001940,-0.053058
0.300898,-0.004849,-0.010523,-0.155168,0.280921,-0.076207,-0.328560,-0.031579,-0.254951
0.300938,-0.013097,-0.026465,-0.144030,0.264887,-0.064031,-0.364018,-0.001711,-0.008796
0.300977,0.001593,-0.025307,-0.165830,0.262498,-0.046427,-0.369082,0.000021,0.137465
0.301016,0.017357,-0.009816,-0.143633,0.262350,-0.030827,-0.386221,0.015579,-0.383659
0.301055,0.032828,-0.011847,-0.154657,0.279149,-0.023204,-0.357362,-0.032326,-0.303459
0.301094,0.002762,-0.016468,-0.148201,0.304372,-0.069029,-0.347856,-0.009414,-0.393387
0.301133,0.015189,-0.019139,-0.166222,0.294323,-0.002755,-0.349363,-0.020882,-0.463229
0.301172,0.014175,-0.022718,-0.166377,0.303670,-0.027830,-0.384604,0.021547,-0.613597
0.301211,0.009623,-0.037797,-0.167795,0.315853,-0.054635,-0.311831,0.012353,-0.576992
0.301250,0.007005,-0.008954,-0.190903,0.281111,-0.060109,-0.327442,-0.018165,0.241740
0.301289,0.000510,-0.043034,-0.181248,0.311620,-0.026005,-0.366439,-0.004769,-0.410653
0.301328,-0.008659,-0.015617,-0.188110,0.336712,-0.031268,-0.351867,-0.007881,-0.036733
0.301367,0.012203,-0.020165,-0.187640,0.327049,-0.067300,-0.410118,-0.013914,-0.445684
0.301406,0.010098,-0.019005,-0.186481,0.331267,-0.053759,-0.386825,-0.023678,-0.149037
0.301445,-0.000186,-0.021623,-0.178190,0.316125,-0.060417,-0.358761,-0.001808,-0.652207
0.301484,0.015006,-0.028934,-0.188369,0.369925,-0.044391,-0.337667,-0.039421,-0.068716
0.301523,-0.004049,-0.030048,-0.199511,0.328448,-0.033979,-0.344129,-0.001130,-0.218639
0.301563,-0.001643,-0.031846,-0.182862,0.343206,-0.017676,-0.421176,0.007175,-0.593769
0.301602,0.017557,-0.042086,-0.204688,0.352562,-0.021396,-0.373972,0.012380,0.253188
0.301641,-0.000166,-0.020690,-0.207171,0.378310,-0.037292,-0.374110,-0.000543,-0.168226
0.301680,-0.008558,-0.011578,-0.208734,0.353719,-0.026831,-0.343976,0.003698,0.324512
0.301719,0.003068,-0.027136,-0.200986,0.365468,-0.050643,-0.422576,-0.001786,-0.259956
0.301758,0.028011,-0.024415,-0.206225,0.367998,-0.053981,-0.376615,0.039288,0.044173
0.301797,0.005762,-0.018188,-0.196969,0.392947,-0.067186,-0.378428,-0.006131,-0.172340
0.301836,0.005113,-0.033689,-0.203581,0.375036,-0.069017,-0.339701,0.009766,-0.328427
0.301875,-0.005319,-0.026374,-0.201499,0.369934,-0.061434,-0.365804,-0.028294,-0.370714
0.301914,-0.004380,-0.022412,-0.211054,0.376539,-0.039201,-0.339889,0.018671,-0.116582
0.301953,0.009244,-0.016311,-0.210750,0.394787,-0.072870,-0.380909,0.001903,-0.333570
0.301992,0.009326,-0.024816,-0.244842,0.376903,-0.037670,-0.359872,-0.012674,-0.770267
0.302031,-0.001266,-0.016999,-0.222628,0.401522,-0.083557,-0.373639,-0.020780,-0.172573
0.302070,0.023106,-0.026892,-0.224665,0.383008,-0.047461,-0.413183,0.019626,-0.191425
0.302109,0.000220,-0.039332,-0.215139,0.392204,-0.053377,-0.369458,-0.019489,-0.070801
0.302148,0.009788,-0.016998,-0.223733,0.414606,-0.090397,-0.364526,0.010936,-0.051455
0.302187,0.006319,-0.037073,-0.237627,0.405717,-0.029206,-0.380662,0.007946,-0.324549
0.302227,0.006238,-0.032565,-0.225330,0.426191,-0.062411,-0.385190,0.003132,0.224643
0.302266,0.005032,-0.025723,-0.219860,0.426431,-0.053138,-0.444440,-0.011937,0.216807
0.302305,0.010207,-0.025523,-0.219267,0.442735,-0.018375,-0.387132,0.024906,-0.099010
0.302344,0.016155,-0.039192,-0.237537,0.426844,-0.078356,-0.323960,-0.022216,-0.044483
0.302383,0.007859,-0.022080,-0.220202,0.413009,-0.046180,-0.365418,-0.016068,0.078257
0.302422,0.005650,-0.012683,-0.211378,0.399488,-0.024987,-0.421184,0.015433,0.201818
0.302461,0.010267,-0.032094,-0.234860,0.418346,-0.067464,-0.386468,-0.022729,0.552559
0.302500,0.006633,-0.043336,-0.249892,0.427375,-0.043538,-0.412524,0.025062,-0.204482
0.302539,-0.004697,-0.025092,-0.241386,0.422356,-0.040136,-0.443918,0.014733,-0.110449
0.302578,0.006523,-0.025761,-0.259635,0.456237,-0.049426,-0.355643,0.005829,-0.179513
0.302617,0.005211,-0.020642,-0.260509,0.460113,-0.044399,-0.326898,0.000007,-0.365268
0.302656,0.005675,-0.016937,-0.253596,0.454922,-0.055868,-0.350713,0.052726,-0.172485
0.302695,0.015683,-0.040952,-0.239541,0.464115,-0.036944,-0.367157,0.002234,-0.223015
0.302734,-0.014445,-0.016162,-0.247619,0.462224,-0.077821,-0.357336,-0.006316,-0.179400
0.302773,0.019781,-0.021417,-0.252896,0.472711,-0.095145,-0.366724,-0.015535,-0.083720
0.302812,0.017699,-0.022638,-0.262734,0.485068,-0.055509,-0.404926,0.018941,-0.028417
0.302852,0.012249,-0.031298,-0.271048,0.443860,-0.049706,-0.360930,0.003968,-0.063898
0.302891,0.000519,-0.027842,-0.290604,0.435219,-0.056395,-0.363685,0.022012,-0.019276
0.302930,0.005171,-0.034848,-0.290281,0.453496,-0.034222,-0.354039,0.008923,-0.242691
0.302969,0.014453,-0.043146,-0.286222,0.463204,-0.044133,-0.421329,-0.011469,0.343329
0.303008,0.012093,-0.026823,-0.264557,0.454918,-0.060451,-0.355273,0.024364,0.087996
0.303047,0.017658,-0.031418,-0.288809,0.477829,-0.081040,-0.352365,0.002054,0.585940
0.303086,0.005423,-0.033617,-0.288338,0.458516,-0.031498,-0.406881,0.005636,-0.190362
0.303125,-0.022155,-0.040076,-0.267865,0.456250,-0.034093,-0.386492,0.021648,-0.536481
0.303164,-0.006716,-0.033319,-0.275023,0.469066,-0.050593,-0.402140,0.045380,-0.364192
0.303203,0.009473,-0.022520,-0.278347,0.473845,-0.068446,-0.363519,0.015098,-0.314093
0.303242,-0.006375,-0.034186,-0.284975,0.471909,-0.047935,-0.380547,0.023142,0.273044
0.303281,0.005641,-0.033662,-0.292613,0.469971,-0.035136,-0.424742,0.001679,0.031586
0.303320,0.014040,-0.037214,-0.296105,0.458170,-0.065381,-0.390121,0.017496,-0.200995
0.303359,-0.002250,-0.029550,-0.277219,0.467407,-0.085701,-0.409589,-0.000690,0.348423
0.303398,-0.020824,-0.027006,-0.287831,0.466267,-0.052637,-0.385960,0.019332,-0.142303
0.303438,0.005608,-0.045124,-0.280246,0.485643,-0.042530,-0.405199,-0.012800,0.155163
0.303477,-0.005660,-0.035236,-0.299976,0.477649,-0.035401,-0.370067,0.027812,-0.549833
0.303516,0.005077,-0.027751,-0.299319,0.450173,-0.087032,-0.348133,0.042848,-0.199562
0.303555,-0.004670,-0.021299,-0.301146,0.482833,-0.055627,-0.359900,0.002713,0.453203
0.303594,-0.000359,-0.042251,-0.305468,0.453249,0.003967,-0.318611,0.017624,0.130909
0.303633,0.013207,-0.033516,-0.303617,0.462542,-0.091192,-0.383697,0.052901,0.324413
0.303672,-0.013399,-0.028683,-0.316888,0.458837,-0.048348,-0.378444,0.030908,0.068540
0.303711,-0.006965,-0.036372,-0.294016,0.466385,-0.075353,-0.360989,0.044309,0.148750
0.303750,-0.009391,-0.028471,-0.308348,0.498353,-0.047469,-0.384863,-0.002861,0.666900
0.303789,0.001661,-0.025197,-0.308083,0.491247,-0.078345,-0.393694,0.021637,-0.698156
0.303828,0.002931,-0.032854,-0.310582,0.457176,-0.092937,-0.428474,0.023954,0.557241
0.303867,-0.004709,-0.046009,-0.295178,0.473162,-0.065446,-0.432372,0.002790,0.243106
0.303906,-0.022706,-0.022027,-0.310430,0.487456,-0.066350,-0.364333,-0.006840,-0.077782
0.303945,-0.002242,-0.026047,-0.329962,0.482782,-0.071160,-0.353587,-0.002236,0.293417
0.303984,-0.014656,-0.030235,-0.325730,0.506754,-0.021230,-0.327910,0.042047,0.761757
0.304023,-0.004056,-0.033257,-0.338118,0.504443,-0.056190,-0.343394,0.033253,-0.204220
0.304063,-0.001097,-0.045476,-0.331321,0.465229,-0.084817,-0.338363,0.041668,0.069204
0.304102,0.006170,-0.038110,-0.320851,0.479433,-0.071174,-0.377998,0.006672,0.123564
0.304141,0.003747,-0.033794,-0.316992,0.451246,-0.045413,-0.337272,0.022291,-0.160381
0.304180,-0.006219,-0.025287,-0.340248,0.478314,-0.032311,-0.325893,-0.012115,-0.136322
0.304219,0.002359,-0.041842,-0.319677,0.483398,-0.054365,-0.338682,0.025204,-0.157143
0.304258,0.003664,-0.020574,-0.312373,0.454479,-0.044564,-0.347794,0.068958,0.497983
0.304297,-0.017238,-0.038154,-0.312264,0.449948,-0.086438,-0.337908,0.113082,1.125555
0.304336,-0.020853,-0.043799,-0.317444,0.454588,-0.074232,-0.357741,0.091024,-0.129606
0.304375,-0.015940,-0.049541,-0.320004,0.440884,-0.073297,-0.310071,0.069623,0.471484
0.304414,-0.003345,-0.044081,-0.351747,0.444592,-0.048692,-0.337204,0.023878,0.114126
0.304453,-0.019574,-0.025422,-0.352197,0.437390,-0.079401,-0.279376,-0.028816,0.061081
0.304492,-0.007033,-0.031282,-0.334290,0.458460,-0.069468,-0.330915,-0.073363,0.051073
0.304531,-0.012755,-0.030530,-0.349463,0.428382,-0.078892,-0.350755,-0.008763,0.165869
0.304570,-0.015809,-0.019433,-0.339909,0.441698,-0.064907,-0.319685,0.035992,0.149153
0.304609,-0.017676,-0.043242,-0.343269,0.427235,-0.073072,-0.375050,0.046031,-0.244624
0.304648,-0.019086,-0.031321,-0.339723,0.439494,-0.093738,-0.363289,0.096993,-0.211503
0.304688,-0.023004,-0.028111,-0.367769,0.425234,-0.119277,-0.316002,0.055342,0.821925
0.304727,-0.009519,-0.032578,-0.352263,0.413901,-0.049368,-0.323633,0.031086,0.050141
0.304766,-0.005883,-0.042937,-0.328960,0.437677,-0.051569,-0.338456,-0.008270,-0.008386
0.304805,-0.022080,-0.041484,-0.351765,0.435495,-0.035261,-0.331098,-0.023380,0.918240
0.304844,-0.003078,-0.030747,-0.371084,0.447842,-0.076300,-0.308798,0.017396,0.212006
0.304883,-0.027210,-0.027717,-0.340150,0.410734,-0.063681,-0.333507,0.020237,0.173474
0.304922,-0.030231,-0.020772,-0.355412,0.419893,-0.061313,-0.350352,0.055424,0.392599
0.304961,-0.012126,-0.036931,-0.348624,0.426901,-0.052657,-0.332230,0.060733,0.186359
0.305000,-0.011966,-0.030608,-0.364714,0.403845,-0.114060,-0.233590,0.060156,0.515629
0.305039,-0.032587,-0.051381,-0.380584,0.429753,-0.084487,-0.358956,0.028257,-0.020010
0.305078,-0.022006,-0.021796,-0.371747,0.417302,-0.058672,-0.350797,-0.020525,0.699768
0.305117,-0.024235,-0.035316,-0.365789,0.409528,-0.108059,-0.320548,0.002310,-0.011965
0.305156,-0.037144,-0.037563,-0.373845,0.386226,-0.041639,-0.299034,-0.033545,-0.084725
0.305195,-0.017935,-0.026159,-0.361781,0.382496,-0.044335,-0.300717,0.011598,0.351085
0.305234,-0.001704,-0.030992,-0.373153,0.382859,-0.118206,-0.308217,0.041633,-0.065632
0.305273,-0.030211,-0.038084,-0.349925,0.397104,-0.130539,-0.279847,0.024150,-0.278075
0.305312,-0.025401,-0.051516,-0.382711,0.379186,-0.069127,-0.334268,0.064037,0.166438
0.305352,-0.003936,-0.057004,-0.360744,0.379387,-0.053381,-0.315404,0.039054,-0.287654
0.305391,-0.026000,-0.038975,-0.370569,0.370724,-0.083524,-0.291933,0.000982,0.233484
0.305430,-0.031757,-0.027535,-0.383548,0.364215,-0.050417,-0.294470,-0.024902,-0.232134
0.305469,-0.021363,-0.042776,-0.370861,0.377766,0.608393,-0.260669,-0.027638,0.398933
0.305508,-0.034092,-0.042463,-0.379039,0.349729,1.015759,-0.302040,-0.009732,-0.162404
0.305547,-0.028329,-0.027670,-0.373191,0.378209,0.337908,-0.318518,0.026546,0.177180
0.305586,-0.035264,-0.050491,-0.404583,0.357193,-0.621165,-0.271353,0.047470,-0.191703
0.305625,-0.027445,-0.023077,-0.392433,0.355914,-1.052003,-0.239194,0.042885,0.070881
0.305664,-0.016829,-0.038185,-0.374126,0.343408,-0.507096,-0.284780,0.072466,0.460295
0.305703,-0.054643,-0.036612,-0.395567,0.312152,0.417848,-0.267511,0.000368,-0.490664
0.305742,-0.022624,-0.040753,-0.396982,0.332034,0.803678,-0.251582,0.002830,0.471555
0.305781,-0.033641,-0.037657,-0.389899,0.320130,0.347903,-0.352011,-0.000235,0.592650
0.305820,-0.034313,-0.039807,-0.393330,0.328246,-0.459513,-0.254138,0.015729,0.431944
0.305859,-0.024482,-0.045582,-0.392628,0.311693,-0.887741,-0.337652,0.054769,-0.093881
0.305898,-0.026120,-0.032291,-0.392040,0.298382,-0.494986,-0.307319,0.072053,0.549258
0.305937,-0.003500,-0.051235,-0.408723,0.290123,0.262580,-0.249698,0.072270,0.229279
0.305977,-0.020346,-0.035355,-0.416936,0.312501,0.661281,-0.279086,0.042134,0.529001
0.306016,-0.041083,-0.027239,-0.400443,0.300880,0.319583,-0.253003,0.023933,0.232454
0.306055,-0.036284,-0.045725,-0.406149,0.273313,-0.356378,-0.289907,0.041146,0.190467
0.306094,-0.031440,-0.054012,-0.422706,0.273487,-0.716558,-0.271821,0.019035,0.465416
0.306133,-0.019388,-0.045344,-0.399167,0.279602,-0.493448,-0.200028,0.005089,0.424618
0.306172,-0.042135,-0.035230,-0.402468,0.253962,0.152156,-0.282060,0.037513,-0.213940
0.306211,-0.035384,-0.035865,-0.424010,0.266881,0.496541,-0.239264,0.023340,-0.522226
0.306250,-0.018818,-0.035769,-0.419385,0.261845,0.294105,-0.320495,0.047993,0.251578
0.306289,-0.028925,-0.037473,-0.406170,0.248659,-0.257038,-0.238180,0.031698,-0.622290
0.306328,-0.039348,-0.043636,-0.412323,0.273929,-0.597418,-0.303580,0.029799,0.056795
0.306367,-0.045601,-0.040277,-0.414660,0.251022,-0.410101,-0.243744,0.023988,-0.039240
0.306406,-0.038164,-0.039152,-0.407667,0.238573,0.056408,-0.279349,-0.004091,0.069910
0.306445,-0.037927,-0.037606,-0.426711,0.256510,0.404302,-0.253602,-0.004036,0.229388
0.306484,-0.033323,-0.034230,-0.415764,0.205513,0.270100,-0.243273,0.005519,0.039975
0.306523,-0.048791,-0.019358,-0.454121,0.203770,-0.186034,-0.259302,0.012471,-0.454115
0.306563,-0.021729,-0.024075,-0.424452,0.199409,-0.509216,-0.193758,0.011233,0.345428
0.306602,-0.036713,-0.041553,-0.438210,0.209160,-0.394462,-0.274281,0.053015,0.599598
0.306641,-0.047936,-0.026298,-0.426157,0.203961,0.003955,-0.282672,0.064646,-0.059742
0.306680,-0.048955,-0.031241,-0.419674,0.185304,0.316295,-0.256223,0.027276,0.445072
0.306719,-0.038415,-0.047216,-0.434985,0.180145,0.245296,-0.214673,0.005957,-0.348131
0.306758,-0.048994,-0.028813,-0.443950,0.163050,-0.131114,-0.256600,0.022195,0.177143
0.306797,-0.031507,-0.038000,-0.449567,0.166846,-0.419277,-0.251076,0.008445,-0.529327
0.306836,-0.031056,-0.019413,-0.446514,0.183770,-0.348187,-0.192953,-0.005160,-0.056728
0.306875,-0.036392,-0.038470,-0.413728,0.161666,-0.049477,-0.247334,0.044570,0.733336
0.306914,-0.031639,-0.038435,-0.430778,0.176978,0.249208,-0.211910,0.058195,-0.394221
0.306953,-0.039440,-0.033025,-0.420022,0.156628,0.188244,-0.207555,0.011067,0.560045
0.306992,-0.034158,-0.025910,-0.436149,0.141470,-0.129939,-0.236820,0.033102,0.023210
0.307031,-0.035139,-0.034059,-0.445504,0.121495,-0.345368,-0.249318,0.024893,-0.182055
0.307070,-0.027909,-0.029902,-0.435918,0.117423,-0.311138,-0.237632,0.015588,0.319310
0.307109,-0.032632,-0.032914,-0.443972,0.109307,-0.107867,-0.226197,0.048725,0.195261
0.307148,-0.041018,-0.039681,-0.430742,0.103702,0.145921,-0.181412,0.019439,-0.014319
0.307188,-0.045557,-0.032689,-0.421044,0.101159,0.148851,-0.209143,0.034666,-0.066745
0.307227,-0.026236,-0.042612,-0.445080,0.113532,-0.045010,-0.204500,0.054193,-0.291752
0.307266,-0.043478,-0.048182,-0.438280,0.097590,-0.276540,-0.196307,0.030662,0.301967
0.307305,-0.035553,-0.036858,-0.445637,0.057990,-0.309985,-0.155686,0.038450,-0.257260
0.307344,-0.051858,-0.019622,-0.440764,0.088732,-0.105272,-0.168724,0.044246,0.396317
0.307383,-0.038412,-0.030844,-0.452883,0.064720,0.114621,-0.147670,0.002229,0.920834
0.307422,-0.041721,-0.005590,-0.465694,0.076865,0.153857,-0.207913,0.042100,0.087977
0.307461,-0.043350,-0.041499,-0.450899,0.051527,-0.032471,-0.172055,0.047920,-0.037503
0.307500,-0.037081,-0.038938,-0.428717,0.056800,-0.214422,-0.228762,-0.004653,0.269291
0.307539,-0.042794,-0.023788,-0.471712,0.049524,-0.306410,-0.194467,0.007769,0.374241
0.307578,-0.026742,-0.036774,-0.458554,0.034290,-0.097607,-0.185193,0.021300,0.175620
0.307617,-0.035430,-0.023006,-0.460901,0.045907,0.113387,-0.212743,0.009914,-0.284280
0.307656,-0.045975,-0.025236,-0.459971,0.033757,0.082487,-0.188005,0.044783,0.336809
0.307695,-0.044636,-0.036024,-0.446530,0.018978,-0.025939,-0.150587,0.020726,-0.401925
0.307734,-0.049370,-0.027452,-0.468460,0.023639,-0.174129,-0.145967,0.026282,0.011225
0.307773,-0.031339,-0.037713,-0.439396,0.016312,-0.201291,-0.176671,0.035587,0.396865
0.307812,-0.046250,-0.027100,-0.451229,-0.015064,-0.139644,-0.169247,0.033533,-0.263126
0.307852,-0.047354,-0.038234,-0.463656,-0.010362,0.056127,-0.165931,0.027900,0.091964
0.307891,-0.039744,-0.018311,-0.443710,0.009624,0.056162,-0.155281,0.043519,-0.057334
0.307930,-0.042473,-0.007736,-0.458067,-0.033184,-0.060445,-0.120269,0.020398,0.105225
0.307969,-0.048612,-0.034208,-0.458233,-0.020675,-0.154401,-0.181186,0.058765,0.525883
0.308008,-0.041940,-0.017101,-0.461593,-0.031354,-0.207877,-0.149212,0.040281,0.329465
0.308047,-0.057706,-0.015698,-0.452426,-0.015066,-0.128498,-0.114390,-0.000814,-0.495145
0.308086,-0.040237,-0.031318,-0.439311,-0.032995,-0.010579,-0.120282,0.045239,-0.153629
0.308125,-0.041000,-0.023984,-0.477888,-0.057294,0.054874,-0.109521,0.025293,-0.142313
0.308164,-0.051372,-0.011684,-0.456304,-0.067802,-0.009577,-0.130156,0.009565,0.180799
0.308203,-0.048903,-0.016549,-0.484002,-0.069541,-0.091250,-0.114266,0.054430,-0.221445
0.308242,-0.036585,-0.043876,-0.470096,-0.086066,-0.179551,-0.110254,0.035451,0.073660
0.308281,-0.039951,-0.046650,-0.457693,-0.072018,-0.146339,-0.127297,0.029317,-0.135229
0.308320,-0.046542,-0.028177,-0.463491,-0.073922,-0.014279,-0.122545,0.034324,-0.297351
0.308359,-0.046020,-0.032675,-0.462539,-0.119169,0.030639,-0.087979,-0.014438,-0.391635
0.308398,-0.054507,-0.026277,-0.476979,-0.099248,-0.043111,-0.106197,0.011723,-0.323589
0.308437,-0.055032,-0.024510,-0.477430,-0.115065,-0.112194,-0.121896,0.045469,0.551820
0.308477,-0.049367,-0.031678,-0.472901,-0.101847,-0.139021,-0.069935,0.018903,-0.868616
0.308516,-0.057238,-0.035274,-0.467289,-0.124070,-0.092432,-0.104488,0.034408,-0.315686
0.308555,-0.034818,-0.009636,-0.474771,-0.123373,-0.047952,-0.069943,0.058686,-0.120639
0.308594,-0.046210,-0.033433,-0.475974,-0.148741,0.022654,-0.138932,0.023694,0.057661
0.308633,-0.044255,-0.019468,-0.456095,-0.128614,-0.020944,-0.142706,0.054912,0.048869
0.308672,-0.066024,-0.038366,-0.478013,-0.146742,-0.103357,-0.072651,0.018238,-0.371527
0.308711,-0.036027,-0.017681,-0.473847,-0.155678,-0.109163,-0.106923,0.041165,-0.149019
0.308750,-0.055916,-0.036926,-0.483515,-0.137573,-0.126066,-0.088843,0.038214,-0.326413
0.308789,-0.041648,-0.020295,-0.461312,-0.164965,-0.015410,-0.086140,0.051224,-0.365654
0.308828,-0.040206,-0.028613,-0.453551,-0.185392,-0.027406,-0.093496,0.037709,-0.634458
0.308867,-0.045671,-0.012615,-0.474179,-0.204952,-0.039227,-0.091721,0.039780,-0.487143
0.308906,-0.046852,-0.033739,-0.462702,-0.181172,-0.074330,-0.069818,0.094387,-0.504248
0.308945,-0.026307,-0.011749,-0.452118,-0.197782,-0.121298,-0.108862,0.097391,0.148064
0.308984,-0.044255,-0.015920,-0.447129,-0.201269,-0.097681,-0.034642,0.053241,-0.109071
0.309023,-0.059723,-0.010787,-0.441191,-0.201644,-0.061878,-0.150728,0.036756,-0.810638
0.309063,-0.062466,-0.008684,-0.478978,-0.244360,-0.027198,-0.031538,0.015395,-0.470590
0.309102,-0.051895,-0.015919,-0.471944,-0.205658,-0.014090,-0.032775,0.007823,-0.366206
0.309141,-0.039295,-0.014992,-0.481057,-0.227112,-0.066912,-0.042920,-0.003348,0.371505
0.309180,-0.058904,-0.014642,-0.479249,-0.250550,-0.137516,-0.042133,0.060960,-0.968591
0.309219,-0.050890,-0.021868,-0.475420,-0.226549,-0.066073,-0.102046,0.052055,-0.213469
0.309258,-0.040708,-0.006746,-0.461627,-0.259762,-0.053723,-0.086277,0.057772,-0.370300
0.309297,-0.041942,-0.011608,-0.447312,-0.256325,-0.018387,-0.023656,0.063046,-0.561962
0.309336,-0.030051,0.006370,-0.477107,-0.242062,-0.025993,-0.080924,0.032722,-0.289452
0.309375,-0.041062,-0.013793,-0.454782,-0.271991,-0.052346,-0.055085,-0.000704,-0.146672
0.309414,-0.050830,-0.012195,-0.479161,-0.270985,-0.107824,-0.059811,-0.028357,-0.601662
0.309453,-0.054865,-0.004464,-0.456879,-0.290164,-0.062123,-0.036431,-0.008172,-0.646830
0.309492,-0.034280,-0.012615,-0.459471,-0.292034,-0.067232,-0.069091,0.029749,-0.006046
0.309531,-0.057356,-0.019199,-0.464874,-0.287079,0.011955,-0.052309,0.069774,-0.644448
0.309570,-0.047200,-0.006248,-0.458887,-0.280854,-0.035708,-0.034834,0.032918,-0.300383
0.309609,-0.042296,-0.011813,-0.459843,-0.329752,-0.097946,-0.047624,0.072987,-0.540495
0.309648,-0.045151,-0.023147,-0.463730,-0.290529,-0.101379,-0.058648,0.035028,0.063528
0.309688,-0.067975,-0.018295,-0.471373,-0.311772,-0.084478,0.018467,0.026183,-0.731992
0.309727,-0.057140,-0.017031,-0.463403,-0.298806,-0.060968,-0.038928,-0.002933,-0.732614
0.309766,-0.052646,-0.020425,-0.442561,-0.335556,-0.040722,-0.007900,0.020624,-0.144836
0.309805,-0.051307,-0.013018,-0.464540,-0.323670,0.011972,-0.042845,0.054326,-0.548012
0.309844,-0.051574,-0.007001,-0.453673,-0.327907,-0.057553,-0.071145,0.061129,-0.129538
0.309883,-0.037795,-0.021978,-0.446881,-0.322712,-0.045646,-0.033862,0.071869,-0.202631
0.309922,-0.042221,-0.010299,-0.442314,-0.349380,-0.055092,-0.026706,0.048882,-0.572742
0.309961,-0.033890,-0.002171,-0.449371,-0.347010,-0.043317,-0.043623,-0.004659,-0.585934
0.310000,-0.061150,-0.018688,-0.453164,-0.378291,-0.028309,-0.012099,0.040785,-0.246246
0.310039,-0.041433,-0.002872,-0.475436,-0.335541,-0.003409,-0.066103,0.025182,0.118500
0.310078,-0.055182,-0.013110,-0.447776,-0.369501,-0.068265,0.001233,-0.002807,-0.456862
0.310117,-0.048920,-0.003129,-0.451134,-0.356620,-0.068416,-0.021180,0.031998,0.376930
0.310156,-0.063128,-0.014018,-0.428624,-0.379979,-0.108210,-0.015105,0.052146,0.032356
0.310195,-0.058591,-0.004564,-0.444656,-0.341503,-0.074632,-0.038339,0.045410,0.169386
0.310234,-0.055503,0.001475,-0.444780,-0.370921,-0.076210,0.023199,0.039681,-0.302064
0.310273,-0.052931,-0.007332,-0.445857,-0.358729,-0.017905,0.007813,0.034479,0.176897
0.310312,-0.056678,-0.014548,-0.453648,-0.353049,-0.028270,-0.026245,0.005819,0.065837
0.310352,-0.049674,-0.006173,-0.429583,-0.384592,-0.068488,-0.000403,0.015714,0.757013
0.310391,-0.056832,-0.012463,-0.468663,-0.383771,-0.091085,0.001046,0.033836,-0.457913
0.310430,-0.034867,-0.004505,-0.446337,-0.369191,-0.047401,-0.032019,0.028563,0.342445
0.310469,-0.035092,0.004625,-0.445639,-0.392717,-0.057092,-0.001126,0.024160,-0.474252
0.310508,-0.055223,-0.013518,-0.430183,-0.417957,-0.030513,0.015775,0.085414,0.330644
0.310547,-0.064654,-0.001681,-0.434596,-0.404427,-0.007949,-0.007017,0.057469,0.225114
0.310586,-0.044717,-0.000524,-0.428158,-0.425449,-0.052702,-0.003724,0.036561,-0.223850
0.310625,-0.057184,0.011994,-0.420596,-0.432646,-0.027458,0.003979,0.013021,0.033968
0.310664,-0.051955,-0.000638,-0.432816,-0.421049,-0.072359,-0.013989,0.020368,0.673135
0.310703,-0.033563,-0.003274,-0.432128,-0.459225,-0.043105,0.029138,0.014930,0.093534
0.310742,-0.046066,-0.011362,-0.411369,-0.423160,-0.010155,-0.001757,-0.021612,-0.083306
0.310781,-0.062517,-0.014804,-0.433736,-0.421360,-0.039758,-0.046003,0.040075,0.535655
0.310820,-0.034495,-0.017815,-0.425051,-0.435375,-0.103020,-0.055950,0.036301,0.008784
0.310859,-0.051912,-0.020135,-0.449644,-0.464169,-0.034835,0.005573,0.064671,0.185392
0.310898,-0.054126,-0.012238,-0.417216,-0.447708,-0.027067,0.007570,0.051511,-0.919517
0.310937,-0.039680,0.003756,-0.442512,-0.441039,-0.044995,0.017992,0.027592,0.466253
0.310977,-0.044145,0.002723,-0.429341,-0.435734,-0.053344,0.023872,-0.015324,0.396116
0.311016,-0.056392,0.000464,-0.421139,-0.459360,-0.004839,0.073505,0.006163,0.597905
0.311055,-0.052507,0.005909,-0.421932,-0.465757,-0.035861,-0.044385,0.025658,0.229909
0.311094,-0.060313,0.006985,-0.409907,-0.481203,-0.039730,-0.037395,0.053817,-0.096373
0.311133,-0.044439,0.015473,-0.416543,-0.455953,-0.054654,-0.010500,0.059707,0.253273
0.311172,-0.052114,-0.000321,-0.405862,-0.469454,-0.052986,0.007910,0.051243,-0.246054
0.311211,-0.040371,-0.006053,-0.411066,-0.473067,-0.035497,0.031357,0.040778,0.394356
0.311250,-0.047632,0.014735,-0.394386,-0.453968,-0.039064,-0.028400,0.074740,0.474240
0.311289,-0.056170,0.004349,-0.419902,-0.508408,-0.035657,-0.023724,0.028114,0.337223
0.311328,-0.059220,0.002664,-0.415352,-0.451187,-0.019992,-0.051111,0.031121,0.122404
0.311367,-0.040471,-0.005351,-0.394219,-0.477878,-0.032127,0.013779,0.006009,0.082761
0.311406,-0.046980,-0.001440,-0.398222,-0.475702,-0.065273,-0.059814,0.033083,-0.045334
0.311445,-0.053807,0.003739,-0.399383,-0.490623,-0.008588,-0.039269,0.022564,0.684735
0.311484,-0.043653,0.011955,-0.406758,-0.481009,-0.017844,-0.031374,0.049804,0.234823
0.311523,-0.056649,-0.008858,-0.411958,-0.475818,-0.029280,-0.014027,0.023816,-0.086275
0.311563,-0.042732,0.005497,-0.377393,-0.491386,-0.021226,-0.016629,0.018101,0.171768
0.311602,-0.048428,-0.000384,-0.386824,-0.484208,-0.054103,-0.044778,0.042168,0.101482
0.311641,-0.063439,-0.003730,-0.396673,-0.501721,-0.019652,-0.022291,0.056760,0.258438
0.311680,-0.046129,0.009461,-0.400059,-0.480165,-0.022604,-0.024579,0.048966,0.312481
0.311719,-0.057754,-0.011866,-0.377759,-0.485478,0.006077,-0.077417,0.027580,0.852346
0.311758,-0.030270,-0.005883,-0.388230,-0.494771,-0.063607,-0.028464,0.012698,0.541734
0.311797,-0.046657,-0.003911,-0.382091,-0.493423,-0.030477,-0.079797,0.044784,-0.202865
0.311836,-0.074646,-0.006249,-0.371353,-0.516214,-0.015262,-0.040058,0.031956,-0.383906
0.311875,-0.035325,0.000426,-0.378988,-0.476689,-0.035261,-0.021132,0.034556,-0.134398
0.311914,-0.054644,-0.002497,-0.366460,-0.532417,-0.056242,-0.058046,0.035098,0.561078
0.311953,-0.047090,0.004030,-0.365343,-0.520751,-0.058853,-0.038508,0.045967,0.227889
0.311992,-0.050151,-0.000253,-0.365205,-0.501460,-0.049250,-0.043249,0.035352,0.462375
0.312031,-0.053265,-0.000352,-0.386790,-0.495059,-0.010085,-0.100180,0.033375,-0.522714
0.312070,-0.040862,-0.005160,-0.355026,-0.533681,-0.047515,-0.046041,0.022022,-0.118538
0.312109,-0.065324,0.015163,-0.391440,-0.512307,-0.064455,-0.065174,0.067316,-0.067412
0.312148,-0.048687,0.009871,-0.366811,-0.526839,-0.036235,-0.059171,0.031941,0.168414
0.312188,-0.052395,0.005296,-0.360634,-0.505803,0.007237,-0.083010,0.036152,0.967737
0.312227,-0.046968,-0.002261,-0.352410,-0.480399,0.003135,-0.055632,0.039641,-0.177054
0.312266,-0.054029,-0.001346,-0.368682,-0.502644,-0.016276,-0.088409,0.016822,0.418852
0.312305,-0.057175,-0.012092,-0.355649,-0.506861,0.013942,-0.062467,0.043950,0.323463
0.312344,-0.050803,0.015762,-0.351414,-0.497663,-0.022259,-0.061234,0.012568,0.437538
0.312383,-0.058411,-0.002206,-0.343311,-0.527139,-0.020774,-0.081661,0.006906,0.158919
0.312422,-0.055993,0.018105,-0.351858,-0.526758,0.015211,-0.049318,0.045017,0.044550
0.312461,-0.041268,0.011696,-0.335719,-0.508205,-0.040206,-0.096960,0.015417,0.749303
0.312500,-0.056083,-0.005432,-0.328217,-0.522002,-0.004142,-0.075757,0.057059,0.196458
0.312539,-0.045232,0.003615,-0.346195,-0.526192,-0.014589,-0.113402,0.035474,0.062801
0.312578,-0.041870,-0.002180,-0.346982,-0.528155,-0.000982,-0.090791,0.026371,-0.231960
0.312617,-0.052579,-0.003715,-0.326477,-0.506763,-0.033582,-0.081676,0.014911,-0.216003
0.312656,-0.054523,0.005206,-0.330916,-0.471724,0.016914,-0.072846,0.022479,0.098316
0.312695,-0.050965,-0.002135,-0.331860,-0.506534,0.016431,-0.077735,0.030288,-0.127327
0.312734,-0.053498,-0.004388,-0.330411,-0.495350,-0.004756,-0.101477,0.046209,-0.233264
0.312773,-0.041360,0.013327,-0.338692,-0.490270,-0.012565,-0.088235,0.044928,0.129601
0.312812,-0.060509,-0.014286,-0.327590,-0.492312,0.005211,-0.105281,-0.001033,0.318888
0.312852,-0.066444,0.013274,-0.319241,-0.494381,0.008067,-0.127594,0.051310,-0.467131
0.312891,-0.044694,0.013272,-0.290936,-0.529928,-0.009483,-0.091156,0.035774,-0.264166
0.312930,-0.040568,0.011187,-0.332409,-0.503527,-0.006772,-0.111606,0.043252,-0.131461
0.312969,-0.048748,0.014693,-0.304979,-0.511422,0.005252,-0.117170,0.012852,0.436066
0.313008,-0.037783,0.026806,-0.319419,-0.473832,-0.004546,-0.110755,0.078383,0.334707
0.313047,-0.056555,0.012296,-0.314641,-0.494244,0.014223,-0.065971,0.074103,0.659603
0.313086,-0.035773,0.002789,-0.277700,-0.483724,0.010113,-0.110454,0.043064,0.745291
0.313125,-0.021315,0.001405,-0.290166,-0.478705,0.028633,-0.122310,0.053794,0.144382
0.313164,-0.047181,0.008214,-0.291213,-0.480752,0.020725,-0.172544,0.018262,0.328990
0.313203,-0.057169,0.005899,-0.287803,-0.484937,-0.007682,-0.109472,0.001275,-0.000840
0.313242,-0.045840,0.017214,-0.287790,-0.474247,-0.025296,-0.146654,0.008943,0.333564
0.313281,-0.051940,0.013755,-0.315474,-0.482413,-0.019691,-0.096956,0.027034,0.385166
0.313320,-0.037257,0.018927,-0.288062,-0.469396,0.006158,-0.143019,0.065793,-0.222597
0.313359,-0.043908,0.020592,-0.290559,-0.482582,-0.014575,-0.123919,0.016047,-0.168961
0.313398,-0.046769,0.009502,-0.262504,-0.469705,-0.001657,-0.152498,0.016679,0.650173
0.313437,-0.049244,0.009506,-0.293948,-0.461440,0.010718,-0.129829,0.061690,-0.171163
0.313477,-0.033481,0.009618,-0.245516,-0.481646,-0.000193,-0.143464,0.053355,0.287003
0.313516,-0.043887,0.026243,-0.260657,-0.457367,0.009862,-0.084407,0.045836,0.550941
0.313555,-0.057401,0.009310,-0.269653,-0.455644,0.032378,-0.122671,0.022039,-0.383688
0.313594,-0.042335,0.010324,-0.254217,-0.436595,-0.020394,-0.117741,0.025892,-0.061097
0.313633,-0.033702,0.005219,-0.259236,-0.441150,0.024244,-0.151764,0.027202,0.179948
0.313672,-0.036085,0.015900,-0.261919,-0.478142,-0.017174,-0.127811,0.064963,0.266793
0.313711,-0.042937,0.015255,-0.254355,-0.450584,-0.001797,-0.081231,0.026562,0.121081
0.313750,-0.066488,0.011020,-0.240908,-0.422097,0.013778,-0.113718,0.036246,0.191935
0.313789,-0.054330,-0.002671,-0.250768,-0.439021,0.032277,-0.160578,0.039327,0.394707
0.313828,-0.028909,0.008908,-0.247354,-0.453517,-0.016225,-0.103570,0.016067,0.299819
0.313867,-0.063393,0.015746,-0.262780,-0.421877,0.001898,-0.115510,0.017544,0.385169
0.313906,-0.051673,-0.006704,-0.220008,-0.438175,-0.004356,-0.116146,0.028943,0.226285
0.313945,-0.033215,0.003550,-0.251506,-0.427978,0.022860,-0.175326,0.033982,-0.259599
0.313984,-0.046548,0.016676,-0.222746,-0.407951,0.280392,-0.123125,0.031147,0.903437
0.314023,-0.045476,-0.009916,-0.219629,-0.388146,1.183425,-0.153698,0.034574,-0.379765
0.314063,-0.055151,0.002840,-0.227191,-0.385298,0.919585,-0.155854,0.050381,0.169459
0.314102,-0.054949,0.017651,-0.214151,-0.417158,-0.134693,-0.099941,0.019662,0.664032
0.314141,-0.044688,0.012936,-0.204044,-0.391460,-0.974373,-0.114290,0.039754,0.323366
0.314180,-0.048119,0.023294,-0.218385,-0.380886,-0.888781,-0.147826,0.007348,0.629986
0.314219,-0.039886,0.007512,-0.237007,-0.391676,0.120253,-0.183406,0.049208,0.253275
0.314258,-0.034273,0.019145,-0.219864,-0.364905,0.894088,-0.140906,0.055165,-0.150279
0.314297,-0.034338,0.013617,-0.193194,-0.370168,0.817780,-0.095012,0.012727,-0.067572
0.314336,-0.038869,0.015525,-0.196019,-0.373402,-0.032006,-0.109861,0.025550,0.466513
0.314375,-0.052787,0.017477,-0.196430,-0.355414,-0.744442,-0.156099,0.054076,0.199707
0.314414,-0.059496,0.005573,-0.199900,-0.358210,-0.705479,-0.101192,0.031776,0.670612
0.314453,-0.056805,0.014478,-0.208258,-0.335321,0.032430,-0.134773,0.028106,0.729723
0.314492,-0.046858,-0.000553,-0.207462,-0.315886,0.696328,-0.112043,0.022521,0.194740
0.314531,-0.053130,0.002433,-0.199366,-0.332245,0.703164,-0.130690,0.038181,0.459194
0.314570,-0.045245,0.012377,-0.180477,-0.334880,0.084317,-0.104628,0.037914,0.455393
0.314609,-0.039160,0.012102,-0.176455,-0.324147,-0.547711,-0.114895,0.053012,0.568246
0.314648,-0.038695,0.013124,-0.152952,-0.338461,-0.609575,-0.118050,0.044825,0.118991
0.314688,-0.047641,0.024814,-0.179710,-0.310767,-0.006186,-0.154751,0.026119,0.064214
0.314727,-0.067235,0.003993,-0.187545,-0.310146,0.554223,-0.117117,0.046390,0.104931
0.314766,-0.031652,0.005243,-0.166555,-0.298604,0.623504,-0.123975,-0.003153,0.552540
0.314805,-0.031973,0.024131,-0.148611,-0.304645,0.153672,-0.174750,0.045664,0.229510
0.314844,-0.049413,0.016064,-0.160700,-0.283883,-0.444223,-0.080086,0.028416,0.674022
0.314883,-0.033062,0.023295,-0.142004,-0.300010,-0.490444,-0.079711,0.026050,-0.386794
0.314922,-0.039656,0.027839,-0.173572,-0.273654,-0.068171,-0.186500,0.049961,0.272911
0.314961,-0.059761,0.007608,-0.145934,-0.264843,0.450668,-0.154184,0.027716,0.000245
0.315000,-0.050648,0.018401,-0.168130,-0.294927,0.536917,-0.125152,0.022639,0.169722
0.315039,-0.035593,0.008805,-0.138838,-0.283667,0.134713,-0.101160,0.026973,0.817709
0.315078,-0.048301,0.010860,-0.136563,-0.277791,-0.339782,-0.107621,0.056347,0.287756
0.315117,-0.038334,-0.006500,-0.154647,-0.252135,-0.416715,-0.136586,0.036022,0.347467
0.315156,-0.033516,0.012014,-0.094756,-0.231457,-0.084014,-0.150101,0.011999,-0.637322
0.315195,-0.045061,0.021841,-0.143703,-0.240626,0.337138,-0.150476,0.041917,-0.431156
0.315234,-0.052011,0.014409,-0.125316,-0.195817,0.492427,-0.138739,0.034185,-0.402370
0.315273,-0.049857,0.017172,-0.127603,-0.234411,0.180241,-0.087102,0.041218,-0.541868
0.315312,-0.042008,0.020163,-0.141482,-0.207763,-0.241608,-0.118868,0.005032,0.008164
0.315352,-0.032382,0.019803,-0.124522,-0.217522,-0.391050,-0.064040,0.014501,-0.041655
0.315391,-0.038541,0.023522,-0.116922,-0.179613,-0.116272,-0.079898,0.049046,-0.298476
0.315430,-0.040545,0.021743,-0.115413,-0.190058,0.246444,-0.136341,0.011399,0.548329
0.315469,-0.057081,0.019187,-0.106118,-0.174231,0.397766,-0.077659,0.028121,-0.011147
0.315508,-0.057352,0.006525,-0.089015,-0.175335,0.158557,-0.087648,0.001029,-0.235284
0.315547,-0.049692,0.031743,-0.120386,-0.188114,-0.155436,-0.066836,0.016421,0.253019
0.315586,-0.047869,0.003680,-0.104853,-0.146414,-0.302179,-0.064975,0.057630,0.501977
0.315625,-0.034347,0.017128,-0.087443,-0.157743,-0.109717,-0.026524,0.032678,0.314575
0.315664,-0.040042,0.029046,-0.090704,-0.147650,0.205940,-0.024989,0.022959,0.280431
0.315703,-0.034859,0.008781,-0.112653,-0.123080,0.324796,-0.073019,0.023799,0.153740
0.315742,-0.039935,0.029575,-0.086294,-0.126075,0.212252,-0.068310,0.023567,0.029210
0.315781,-0.029529,0.025268,-0.079859,-0.106415,-0.111095,-0.046764,0.047185,0.287999
0.315820,-0.040213,0.004831,-0.080739,-0.070183,-0.237105,-0.009322,0.048548,-0.022766
0.315859,-0.038691,0.021958,-0.060301,-0.111506,-0.075963,-0.042600,0.027199,0.645615
0.315898,-0.039129,0.006428,-0.076896,-0.091216,0.153350,-0.040993,0.036211,0.019175
0.315937,-0.040091,0.023003,-0.067260,-0.075924,0.318251,-0.031994,0.053877,0.256798
0.315977,-0.033610,0.023069,-0.043789,-0.098532,0.196192,0.013729,0.014359,-0.211100
0.316016,-0.046463,0.018951,-0.059664,-0.054547,-0.051281,-0.020857,0.021899,0.343802
0.316055,-0.038770,0.003053,-0.054382,-0.069891,-0.192129,-0.059499,0.015055,-0.152257
0.316094,-0.035074,0.027257,-0.052004,-0.058411,-0.061866,-0.020024,0.060770,-0.653738
0.316133,-0.028015,0.015468,-0.063332,-0.045262,0.155010,0.030022,0.040137,0.035281
0.316172,-0.049750,0.023782,-0.068295,-0.053621,0.221207,-0.023032,0.021923,0.024789
0.316211,-0.022491,0.028388,-0.044508,-0.004293,0.155556,0.024947,0.037959,0.354609
0.316250,-0.033883,0.014661,-0.041843,0.009848,-0.004402,0.060500,0.063062,-0.247281
0.316289,-0.041520,0.017345,-0.036136,-0.018367,-0.125392,0.005075,0.011487,-0.116355
0.316328,-0.024440,0.026480,-0.053792,0.003831,-0.108951,-0.029008,0.049499,-0.786623
0.316367,-0.059938,0.032450,-0.039868,0.010665,0.079595,0.040042,0.041320,0.582836
0.316406,-0.040677,0.032193,-0.028955,0.006291,0.238324,0.054333,0.004543,-0.311498
0.316445,-0.040393,0.029516,-0.026977,0.042789,0.196176,0.049748,0.038063,-0.540525
0.316484,-0.034710,0.015196,-0.016995,0.047059,0.021239,0.058149,0.052344,0.134231
0.316523,-0.036989,0.030055,-0.007117,0.060794,-0.135178,0.096595,0.035172,0.170296
0.316563,-0.001893,0.023077,-0.004821,0.070517,-0.082372,0.040771,0.026034,-0.039482
0.316602,-0.036530,0.019995,-0.005796,0.061607,0.093872,0.100729,-0.007729,-0.106153
0.316641,-0.035433,0.020711,0.006755,0.069344,0.176338,0.086507,0.025807,-0.455018
0.316680,-0.014563,0.025781,-0.009333,0.059868,0.133016,0.113445,0.039854,0.598248
0.316719,-0.016947,0.034032,0.019032,0.094855,0.078373,0.175333,0.037768,0.191440
0.316758,-0.028777,0.019287,0.006690,0.106580,-0.079347,0.140093,0.026956,0.070065
0.316797,-0.041788,0.017782,0.017822,0.121287,-0.036434,0.088968,0.038213,-0.401206
0.316836,-0.035127,0.022892,-0.009495,0.128966,0.017178,0.095965,0.045972,-0.418150
0.316875,-0.027571,0.009391,0.003755,0.116912,0.162100,0.112153,0.047866,-0.327903
0.316914,-0.020156,0.033812,0.042078,0.125025,0.173630,0.211796,0.024351,-0.348888
0.316953,-0.024461,0.011610,0.014676,0.150539,0.007094,0.168353,0.036119,-0.374549
0.316992,-0.028772,0.017526,0.016251,0.153747,-0.016653,0.165157,0.009722,-0.287147
0.317031,-0.028390,0.030278,0.026705,0.165134,-0.007621,0.184636,0.025402,0.105279
0.317070,-0.020734,0.017881,0.023237,0.166490,0.036131,0.215828,0.024233,-0.104273
0.317109,-0.012795,0.003858,0.027034,0.192860,0.115326,0.159378,0.104232,0.041667
0.317148,-0.035602,0.030270,0.043932,0.214902,0.150597,0.283983,0.122832,0.405844
0.317188,-0.033248,0.025977,0.016123,0.213245,0.035327,0.222176,0.089192,-0.020799
0.317227,-0.026434,0.024363,0.043281,0.236602,0.015861,0.273843,0.033476,-0.630743
0.317266,-0.023917,0.019458,0.020342,0.221820,-0.012503,0.275504,-0.054144,0.293386
0.317305,-0.044722,0.028760,0.045597,0.207401,0.091961,0.278849,-0.035446,0.152998
0.317344,-0.023198,0.030365,0.065894,0.262486,0.055597,0.222433,-0.025766,-0.252806
0.317383,-0.019579,0.025107,0.040521,0.263633,0.123287,0.304585,0.037803,-0.018408
0.317422,-0.034919,0.018686,0.049827,0.274676,0.056210,0.263174,0.101084,0.041412
0.317461,-0.013268,0.022198,0.070150,0.280287,0.035232,0.340155,0.127406,-0.165592
0.317500,-0.034071,0.049702,0.087047,0.290155,-0.013322,0.271433,0.092603,-0.173709
0.317539,-0.028126,0.037567,0.053667,0.266992,-0.014922,0.306959,0.017740,-0.605681
0.317578,-0.016877,0.010023,0.063131,0.294868,0.103952,0.289610,0.013607,-0.462578
0.317617,-0.019409,0.012894,0.087631,0.284298,0.100644,0.261878,0.011735,0.294207
0.317656,-0.016391,0.022653,0.085783,0.327259,0.076116,0.349323,-0.023362,-0.321492
0.317695,-0.022055,0.019364,0.058565,0.344175,0.015169,0.361199,-0.000828,-0.459051
0.317734,-0.021140,0.032911,0.078639,0.365084,0.006030,0.359613,0.049461,-0.476348
0.317773,-0.012913,0.010276,0.059684,0.324699,0.049955,0.361725,0.063137,-0.147144
0.317812,-0.010494,0.031676,0.088008,0.344341,0.103195,0.400127,0.054590,-0.332803
0.317852,-0.017821,0.022990,0.096109,0.350878,0.131892,0.392983,0.044481,0.003318
0.317891,-0.016150,0.015748,0.090704,0.365938,0.051618,0.413073,0.007776,-0.190835
0.317930,-0.033247,0.041068,0.093563,0.378531,0.094182,0.459983,-0.014879,-0.024114
0.317969,-0.012342,0.014049,0.098423,0.400062,0.029746,0.385681,0.022201,0.512923
0.318008,0.008750,0.037488,0.082803,0.390971,0.046305,0.420739,-0.012439,-0.022139
0.318047,-0.012230,0.039332,0.100773,0.382354,0.073075,0.482069,0.071985,-0.061312
0.318086,-0.037542,0.030219,0.104361,0.449008,0.139625,0.518807,0.066395,0.651905
0.318125,-0.021602,0.034810,0.108972,0.434178,0.101381,0.445728,0.072161,0.042866
0.318164,-0.001154,0.038466,0.099549,0.436931,0.089413,0.407556,0.045395,-0.635845
0.318203,-0.011863,0.032170,0.122665,0.445599,0.019575,0.440612,0.032470,-0.424532
0.318242,0.020240,0.019290,0.101001,0.424563,0.079584,0.525927,0.041481,-0.038920
0.318281,0.001254,0.046128,0.102092,0.469223,0.102779,0.493509,0.004684,-0.674820
0.318320,-0.019414,0.044725,0.134308,0.481038,0.101224,0.464625,0.019218,0.087423
0.318359,-0.024659,0.035412,0.113685,0.470614,0.057095,0.565427,0.035808,0.184072
0.318398,0.000953,0.037060,0.118540,0.512967,0.076428,0.594320,0.074463,-0.163408
0.318437,-0.012647,0.050709,0.136441,0.497015,0.020020,0.516394,0.049229,-0.310348
0.318477,-0.011925,0.034749,0.110791,0.520401,0.007108,0.609202,0.073180,0.000981
0.318516,0.006177,0.015595,0.137304,0.505951,0.063618,0.557794,0.048849,-0.445160
0.318555,0.002571,0.030441,0.106566,0.500427,0.103501,0.535571,0.030801,0.788215
0.318594,-0.010621,0.035678,0.129146,0.507652,0.099910,0.606604,0.021182,-0.091778
0.318633,0.000413,0.041372,0.134517,0.541552,0.044587,0.565277,0.030963,0.211949
0.318672,0.000692,0.039517,0.139217,0.539339,0.060639,0.548549,0.035473,-0.009961
0.318711,0.002806,0.036549,0.172316,0.550384,0.073927,0.629347,0.045865,-0.168047
0.318750,0.001544,0.037908,0.126691,0.540095,0.056047,0.618844,0.072320,-0.101303
0.318789,0.008346,0.041131,0.149762,0.553667,0.057536,0.667277,0.056012,-0.347355
0.318828,-0.013007,0.034793,0.159442,0.580187,0.104835,0.655724,0.054706,0.055246
0.318867,-0.010951,0.045767,0.123372,0.567488,0.050092,0.639909,0.007016,0.121435
0.318906,0.006881,0.030736,0.178728,0.595691,0.051321,0.603524,0.032494,-0.599851
0.318945,0.006235,0.023529,0.162796,0.594069,0.023467,0.642864,0.043959,-0.372995
0.318984,-0.007574,0.025120,0.172319,0.584612,0.092787,0.683354,0.039594,-0.524129
0.319023,0.007255,0.038682,0.192399,0.591869,0.096319,0.699533,0.075960,0.029531
0.319063,0.002471,0.018919,0.181258,0.599957,0.061452,0.695138,0.031932,-0.314808
0.319102,0.011440,0.043879,0.156027,0.608068,0.065121,0.644914,0.031782,0.217284
0.319141,0.029103,0.019062,0.156451,0.620327,0.069004,0.699030,0.068212,-0.468765
0.319180,0.010682,0.037606,0.185636,0.620852,0.067532,0.694772,0.025684,0.236011
0.319219,0.018784,0.039513,0.172330,0.679500,0.089186,0.771485,0.052477,0.331996
0.319258,-0.005911,0.034361,0.193400,0.622654,0.070532,0.711997,0.042099,-0.419148
0.319297,-0.011769,0.040029,0.206332,0.644570,0.084149,0.716407,0.022906,0.634885
0.319336,0.019463,0.033249,0.184890,0.661484,0.069692,0.779208,0.030408,-0.589207
0.319375,0.010130,0.031409,0.173301,0.667797,0.057667,0.707474,0.056462,0.147131
0.319414,0.005242,0.032532,0.183524,0.656091,0.098791,0.745720,0.050146,0.078149
0.319453,0.007450,0.045609,0.205830,0.667901,0.077846,0.734486,0.030717,0.340394
0.319492,0.016826,0.046381,0.199236,0.671118,0.083630,0.763833,0.051110,-0.036631
0.319531,0.012513,0.037351,0.188667,0.705508,0.080861,0.767760,0.024238,0.017181
0.319570,-0.005233,0.039185,0.199808,0.664479,0.089877,0.722948,0.042385,0.000252
0.319609,0.024698,0.022267,0.202622,0.696026,0.028086,0.776415,0.024388,0.671512
0.319648,0.034078,0.054722,0.199906,0.716921,0.048382,0.809030,0.052504,0.474964
0.319688,0.008907,0.035982,0.208910,0.703062,0.064269,0.819598,0.033403,0.383314
0.319727,0.010062,0.022926,0.176718,0.730844,0.059764,0.784810,-0.001465,0.171500
0.319766,0.017828,0.026258,0.189410,0.673029,0.089284,0.820596,0.036134,0.161218
0.319805,0.018981,0.023448,0.206665,0.711752,0.078407,0.765484,0.027902,0.645198
0.319844,-0.007634,0.044968,0.213525,0.735563,0.068199,0.784278,0.037194,-0.504832
0.319883,0.019327,0.036852,0.199773,0.710466,0.050893,0.834335,0.057032,-0.064491
0.319922,0.009533,0.039610,0.227598,0.746597,0.058505,0.830634,0.050304,0.251072
0.319961,0.011707,0.050118,0.230455,0.756656,0.076482,0.829929,0.048865,-0.005008
